# Blender 4.4.0
# www.blender.org
mtllib pack-an.mtl
o Cube
v -0.996162 -0.052849 0.005368
v -0.996162 -0.052849 -0.010950
v 0.003838 -0.050900 -0.012863
v 0.003838 -0.050900 0.007281
v -0.745205 -0.050900 0.007172
v -0.745205 -0.050900 -0.012754
v -0.996162 -0.118027 -0.010950
v 0.003838 -0.117623 -0.010878
v 0.003838 -0.117623 0.005296
v -0.996162 -0.118027 0.005368
v -0.745205 -0.117623 0.005296
v -0.745205 -0.117623 -0.010878
v -0.975090 -0.123384 -0.006702
v 0.003838 -0.123384 0.003075
v -0.745205 -0.123384 0.003075
v -0.745205 -0.123384 -0.008657
v 0.003838 -0.123384 -0.008657
v -0.975090 -0.123384 0.001120
v -0.996162 -0.129178 -0.010950
v 0.003838 -0.129682 0.005296
v -0.745205 -0.129682 0.005296
v -0.745205 -0.129682 -0.010878
v 0.003838 -0.129682 -0.010878
v -0.996162 -0.129178 0.005368
v -0.996162 -0.159241 -0.010950
v 0.003838 -0.158719 0.005296
v -0.745205 -0.158719 0.005296
v -0.745205 -0.158719 -0.010878
v 0.003838 -0.158719 -0.010878
v -0.996162 -0.159241 0.005368
v -0.975090 -0.164796 -0.006702
v 0.003838 -0.164796 0.003075
v -0.745205 -0.164796 0.003075
v -0.745205 -0.164796 -0.008657
v 0.003838 -0.164796 -0.008657
v -0.975090 -0.164796 0.001120
v -0.996162 -0.172531 -0.010950
v 0.003838 -0.173163 0.005296
v -0.745205 -0.173163 0.005296
v -0.745205 -0.173163 -0.010878
v 0.003838 -0.173163 -0.010878
v -0.996162 -0.172531 0.005368
v 1.003837 -0.052849 0.005368
v 1.003837 -0.052849 -0.010950
v 1.003838 -0.211168 0.005368
v 1.003838 -0.211168 -0.010950
v 0.752880 -0.050900 0.007172
v 0.752880 -0.050900 -0.012754
v 1.003837 -0.118027 -0.010950
v 1.003837 -0.118027 0.005368
v 0.752880 -0.117623 0.005296
v 0.752880 -0.117623 -0.010878
v 0.982765 -0.123384 -0.006702
v 0.752880 -0.123384 0.003075
v 0.752880 -0.123384 -0.008657
v 0.982765 -0.123384 0.001120
v 1.003837 -0.129178 -0.010950
v 0.752880 -0.129681 0.005296
v 0.752880 -0.129681 -0.010878
v 1.003837 -0.129178 0.005368
v 1.003837 -0.159241 -0.010950
v 0.752880 -0.158719 0.005296
v 0.752880 -0.158719 -0.010878
v 1.003837 -0.159241 0.005368
v 0.982765 -0.164796 -0.006702
v 0.752880 -0.164796 0.003075
v 0.752880 -0.164796 -0.008657
v 0.982765 -0.164796 0.001120
v 1.003837 -0.172531 -0.010950
v 0.752880 -0.173163 0.005296
v 0.752880 -0.173163 -0.010878
v 1.003837 -0.172531 0.005368
v -0.981456 -0.031500 0.014719
v -0.995723 -0.050900 0.001738
v -0.995943 -0.050900 -0.002791
v -0.995723 -0.050900 -0.007320
v -0.848789 -0.050900 0.007064
v -0.917269 -0.050900 0.006887
v -0.962182 -0.050900 0.006602
v -0.598803 -0.050900 -0.012817
v -0.417379 -0.050900 -0.012849
v -0.212608 -0.050900 -0.012861
v -0.981456 -0.031500 -0.020301
v 0.003838 -0.031500 0.028083
v 0.003838 -0.031500 -0.033665
v -0.996163 -0.182190 -0.010950
v -0.996163 -0.191849 -0.010950
v -0.996163 -0.201508 -0.010950
v 0.003838 -0.111864 -0.010950
v 0.003838 -0.105700 -0.010950
v 0.003838 -0.099537 -0.010950
v 0.003838 -0.182190 0.005368
v -0.996163 -0.111864 0.005368
v -0.996163 -0.105700 0.005368
v -0.996163 -0.099537 0.005368
v -0.212608 -0.050900 0.007279
v -0.417379 -0.050900 0.007267
v -0.598803 -0.050900 0.007235
v -0.962182 -0.050900 -0.012184
v -0.917269 -0.050900 -0.012469
v -0.848789 -0.050900 -0.012646
v -0.745205 -0.182190 0.005368
v -0.745205 -0.191849 0.005368
v -0.745205 -0.031500 -0.032367
v -0.745205 -0.182190 -0.010950
v -0.745205 -0.191849 -0.010950
v -0.745205 -0.031500 0.026785
v -0.996163 -0.099537 -0.010950
v -0.996163 -0.105700 -0.010950
v -0.996163 -0.111864 -0.010950
v 0.003838 -0.122009 -0.008854
v 0.003838 -0.120665 -0.009374
v 0.003838 -0.119341 -0.010108
v 0.003838 -0.099537 0.005368
v 0.003838 -0.105700 0.005368
v 0.003838 -0.111864 0.005368
v -0.975309 -0.122009 0.001279
v -0.976846 -0.120665 0.001824
v -0.981455 -0.119341 0.002909
v -0.745205 -0.099537 0.005368
v -0.745205 -0.105700 0.005368
v -0.745205 -0.111864 0.005368
v -0.745205 -0.099537 -0.010950
v -0.745205 -0.105700 -0.010950
v -0.745205 -0.111864 -0.010950
v -0.598803 -0.117623 -0.010878
v -0.417379 -0.117623 -0.010878
v -0.212608 -0.117623 -0.010878
v -0.848789 -0.117623 0.005295
v -0.917269 -0.117623 0.005285
v -0.962182 -0.117623 0.005252
v -0.995723 -0.117623 0.001209
v -0.995943 -0.117623 -0.002791
v -0.995723 -0.117623 -0.006791
v -0.212608 -0.117623 0.005296
v -0.417379 -0.117623 0.005296
v -0.598803 -0.117623 0.005296
v -0.962182 -0.117623 -0.010834
v -0.917269 -0.117623 -0.010867
v -0.848789 -0.117623 -0.010877
v -0.981455 -0.119341 -0.008491
v -0.976846 -0.120665 -0.007406
v -0.975309 -0.122009 -0.006861
v 0.003838 -0.119341 0.004526
v 0.003838 -0.120665 0.003792
v 0.003838 -0.122009 0.003272
v -0.745205 -0.119341 0.004526
v -0.745205 -0.120665 0.003792
v -0.745205 -0.122009 0.003272
v -0.745205 -0.119341 -0.010108
v -0.745205 -0.120665 -0.009374
v -0.745205 -0.122009 -0.008854
v 0.003838 -0.127704 -0.010108
v 0.003838 -0.126240 -0.009374
v 0.003838 -0.124797 -0.008854
v -0.981456 -0.127704 0.002909
v -0.976846 -0.126240 0.001824
v -0.975309 -0.124797 0.001279
v -0.598803 -0.123384 -0.008657
v -0.417379 -0.123384 -0.008657
v -0.212608 -0.123384 -0.008657
v -0.848473 -0.123384 0.003045
v -0.914745 -0.123384 0.002831
v -0.953718 -0.123384 0.002250
v -0.986943 -0.123384 -0.000652
v -0.990894 -0.123384 -0.002791
v -0.986943 -0.123384 -0.004930
v -0.212608 -0.123384 0.003075
v -0.417379 -0.123384 0.003075
v -0.598803 -0.123384 0.003075
v -0.953718 -0.123384 -0.007832
v -0.914745 -0.123384 -0.008413
v -0.848473 -0.123384 -0.008627
v -0.975309 -0.124797 -0.006861
v -0.976846 -0.126240 -0.007406
v -0.981456 -0.127704 -0.008491
v 0.003838 -0.124797 0.003272
v 0.003838 -0.126240 0.003792
v 0.003838 -0.127704 0.004526
v -0.745205 -0.124797 0.003272
v -0.745205 -0.126240 0.003792
v -0.745205 -0.127704 0.004526
v -0.745205 -0.124797 -0.008854
v -0.745205 -0.126240 -0.009374
v -0.745205 -0.127704 -0.010108
v 0.003838 -0.151725 -0.010950
v 0.003838 -0.144210 -0.010950
v 0.003838 -0.136694 -0.010950
v -0.996163 -0.151725 0.005368
v -0.996163 -0.144210 0.005368
v -0.996163 -0.136694 0.005368
v -0.598803 -0.129682 -0.010878
v -0.417379 -0.129681 -0.010878
v -0.212608 -0.129682 -0.010878
v -0.848789 -0.129682 0.005295
v -0.917269 -0.129682 0.005285
v -0.962182 -0.129682 0.005252
v -0.995724 -0.129682 0.001209
v -0.995943 -0.129682 -0.002791
v -0.995724 -0.129682 -0.006791
v -0.212608 -0.129682 0.005296
v -0.417379 -0.129681 0.005296
v -0.598803 -0.129681 0.005296
v -0.962182 -0.129682 -0.010834
v -0.917269 -0.129681 -0.010867
v -0.848789 -0.129682 -0.010877
v -0.996163 -0.136694 -0.010950
v -0.996163 -0.144210 -0.010950
v -0.996163 -0.151725 -0.010950
v 0.003838 -0.136694 0.005368
v 0.003838 -0.144210 0.005368
v 0.003838 -0.151725 0.005368
v -0.745205 -0.136694 0.005368
v -0.745205 -0.144210 0.005368
v -0.745205 -0.151725 0.005368
v -0.745205 -0.136694 -0.010950
v -0.745205 -0.144210 -0.010950
v -0.745205 -0.151725 -0.010950
v 0.003838 -0.163229 -0.008854
v 0.003838 -0.161814 -0.009374
v 0.003838 -0.160502 -0.010108
v -0.975309 -0.163229 0.001279
v -0.976846 -0.161814 0.001824
v -0.981455 -0.160502 0.002909
v -0.598803 -0.158719 -0.010878
v -0.417379 -0.158719 -0.010878
v -0.212608 -0.158719 -0.010878
v -0.848789 -0.158719 0.005295
v -0.917269 -0.158719 0.005285
v -0.962182 -0.158719 0.005252
v -0.995723 -0.158719 0.001209
v -0.995943 -0.158719 -0.002791
v -0.995723 -0.158719 -0.006791
v -0.212608 -0.158719 0.005296
v -0.417379 -0.158719 0.005296
v -0.598803 -0.158719 0.005296
v -0.962182 -0.158719 -0.010834
v -0.917269 -0.158719 -0.010867
v -0.848789 -0.158719 -0.010877
v -0.981455 -0.160502 -0.008491
v -0.976846 -0.161814 -0.007406
v -0.975309 -0.163229 -0.006861
v 0.003838 -0.160502 0.004526
v 0.003838 -0.161814 0.003792
v 0.003838 -0.163229 0.003272
v -0.745205 -0.160502 0.004526
v -0.745205 -0.161814 0.003792
v -0.745205 -0.163229 0.003272
v -0.745205 -0.160502 -0.010108
v -0.745205 -0.161814 -0.009374
v -0.745205 -0.163229 -0.008854
v 0.003838 -0.170470 -0.010108
v 0.003838 -0.168459 -0.009374
v 0.003838 -0.166551 -0.008854
v -0.981456 -0.170470 0.002909
v -0.976846 -0.168459 0.001824
v -0.975309 -0.166551 0.001279
v -0.598803 -0.164796 -0.008657
v -0.417379 -0.164796 -0.008657
v -0.212608 -0.164796 -0.008657
v -0.848473 -0.164796 0.003045
v -0.914745 -0.164796 0.002831
v -0.953718 -0.164796 0.002250
v -0.986943 -0.164797 -0.000652
v -0.990894 -0.164796 -0.002791
v -0.986943 -0.164796 -0.004930
v -0.212608 -0.164796 0.003075
v -0.417379 -0.164796 0.003075
v -0.598803 -0.164796 0.003075
v -0.953718 -0.164796 -0.007832
v -0.914745 -0.164796 -0.008413
v -0.848473 -0.164796 -0.008627
v -0.975309 -0.166551 -0.006861
v -0.976846 -0.168459 -0.007406
v -0.981456 -0.170470 -0.008491
v 0.003838 -0.166551 0.003272
v 0.003838 -0.168459 0.003792
v 0.003838 -0.170470 0.004526
v -0.745205 -0.166551 0.003272
v -0.745205 -0.168459 0.003792
v -0.745205 -0.170470 0.004526
v -0.745205 -0.166551 -0.008854
v -0.745205 -0.168459 -0.009374
v -0.745205 -0.170470 -0.010108
v 0.003838 -0.182190 -0.010950
v -0.996163 -0.201508 0.005368
v -0.996163 -0.191849 0.005368
v -0.996163 -0.182190 0.005368
v -0.598803 -0.173163 -0.010878
v -0.417379 -0.173163 -0.010878
v -0.212608 -0.173163 -0.010878
v -0.848789 -0.173163 0.005295
v -0.917269 -0.173164 0.005285
v -0.962182 -0.173163 0.005252
v -0.995724 -0.173163 0.001209
v -0.995943 -0.173163 -0.002791
v -0.995724 -0.173163 -0.006791
v -0.212608 -0.173163 0.005296
v -0.417379 -0.173163 0.005296
v -0.598803 -0.173164 0.005296
v -0.962182 -0.173163 -0.010834
v -0.917269 -0.173163 -0.010867
v -0.848789 -0.173163 -0.010877
v 0.989131 -0.031500 0.014719
v 1.003399 -0.050900 0.001738
v 1.003618 -0.050900 -0.002791
v 1.003399 -0.050900 -0.007320
v 0.856464 -0.050900 0.007064
v 0.924944 -0.050900 0.006887
v 0.969857 -0.050900 0.006602
v 0.606478 -0.050900 -0.012817
v 0.425054 -0.050900 -0.012849
v 0.220283 -0.050900 -0.012861
v 0.989131 -0.031500 -0.020301
v 1.003838 -0.211167 0.001288
v 1.003838 -0.211168 -0.002791
v 1.003838 -0.211167 -0.006871
v 1.003838 -0.182190 -0.010950
v 1.003838 -0.191849 -0.010950
v 1.003838 -0.201508 -0.010950
v 1.003838 -0.111864 0.005368
v 1.003838 -0.105700 0.005368
v 1.003838 -0.099537 0.005368
v 0.220283 -0.050900 0.007279
v 0.425054 -0.050900 0.007267
v 0.606478 -0.050900 0.007235
v 0.969857 -0.050900 -0.012184
v 0.924944 -0.050900 -0.012469
v 0.856464 -0.050900 -0.012646
v 0.752880 -0.182190 0.005368
v 0.752880 -0.191849 0.005368
v 0.752880 -0.201509 0.005368
v 0.752880 -0.031500 -0.032367
v 0.752880 -0.182190 -0.010950
v 0.752880 -0.191849 -0.010950
v 0.752880 -0.201509 -0.010950
v 0.752880 -0.031500 0.026785
v 1.003838 -0.099537 -0.010950
v 1.003838 -0.105700 -0.010950
v 1.003838 -0.111864 -0.010950
v 0.982984 -0.122009 0.001279
v 0.984521 -0.120665 0.001824
v 0.989130 -0.119341 0.002909
v 0.752880 -0.099537 0.005368
v 0.752880 -0.105700 0.005368
v 0.752880 -0.111864 0.005368
v 0.752880 -0.099537 -0.010950
v 0.752880 -0.105700 -0.010950
v 0.752880 -0.111864 -0.010950
v 0.606478 -0.117623 -0.010878
v 0.425054 -0.117623 -0.010878
v 0.220283 -0.117623 -0.010878
v 0.856464 -0.117623 0.005295
v 0.924944 -0.117623 0.005285
v 0.969858 -0.117623 0.005252
v 1.003399 -0.117623 0.001209
v 1.003618 -0.117623 -0.002791
v 1.003399 -0.117623 -0.006791
v 0.220283 -0.117623 0.005296
v 0.425054 -0.117623 0.005296
v 0.606478 -0.117623 0.005296
v 0.969857 -0.117623 -0.010834
v 0.924944 -0.117623 -0.010867
v 0.856464 -0.117623 -0.010877
v 0.989131 -0.119341 -0.008491
v 0.984521 -0.120665 -0.007406
v 0.982984 -0.122009 -0.006861
v 0.752880 -0.119341 0.004526
v 0.752880 -0.120665 0.003792
v 0.752880 -0.122009 0.003272
v 0.752880 -0.119341 -0.010108
v 0.752880 -0.120665 -0.009374
v 0.752880 -0.122009 -0.008854
v 0.989131 -0.127704 0.002909
v 0.984521 -0.126240 0.001824
v 0.982984 -0.124797 0.001279
v 0.606478 -0.123384 -0.008657
v 0.425054 -0.123384 -0.008657
v 0.220283 -0.123384 -0.008657
v 0.856148 -0.123384 0.003045
v 0.922420 -0.123384 0.002831
v 0.961393 -0.123384 0.002250
v 0.994618 -0.123384 -0.000652
v 0.998569 -0.123384 -0.002791
v 0.994618 -0.123384 -0.004930
v 0.220283 -0.123384 0.003075
v 0.425054 -0.123384 0.003075
v 0.606478 -0.123384 0.003075
v 0.961393 -0.123384 -0.007832
v 0.922420 -0.123384 -0.008413
v 0.856148 -0.123384 -0.008627
v 0.982984 -0.124797 -0.006861
v 0.984521 -0.126240 -0.007406
v 0.989131 -0.127704 -0.008491
v 0.752880 -0.124797 0.003272
v 0.752880 -0.126240 0.003792
v 0.752880 -0.127704 0.004526
v 0.752880 -0.124797 -0.008854
v 0.752880 -0.126240 -0.009374
v 0.752880 -0.127704 -0.010108
v 1.003838 -0.151725 0.005368
v 1.003838 -0.144210 0.005368
v 1.003838 -0.136694 0.005368
v 0.606478 -0.129681 -0.010878
v 0.425054 -0.129681 -0.010878
v 0.220283 -0.129681 -0.010878
v 0.856464 -0.129681 0.005295
v 0.924944 -0.129682 0.005285
v 0.969857 -0.129681 0.005252
v 1.003399 -0.129681 0.001209
v 1.003618 -0.129681 -0.002791
v 1.003399 -0.129681 -0.006791
v 0.220283 -0.129681 0.005296
v 0.425054 -0.129681 0.005296
v 0.606478 -0.129681 0.005296
v 0.969857 -0.129681 -0.010834
v 0.924944 -0.129682 -0.010867
v 0.856464 -0.129681 -0.010877
v 1.003838 -0.136694 -0.010950
v 1.003838 -0.144210 -0.010950
v 1.003838 -0.151725 -0.010950
v 0.752880 -0.136694 0.005368
v 0.752880 -0.144210 0.005368
v 0.752880 -0.151725 0.005368
v 0.752880 -0.136694 -0.010950
v 0.752880 -0.144210 -0.010950
v 0.752880 -0.151725 -0.010950
v 0.982984 -0.163229 0.001279
v 0.984521 -0.161814 0.001824
v 0.989130 -0.160502 0.002909
v 0.606478 -0.158719 -0.010878
v 0.425054 -0.158719 -0.010878
v 0.220283 -0.158719 -0.010878
v 0.856464 -0.158719 0.005295
v 0.924944 -0.158719 0.005285
v 0.969858 -0.158719 0.005252
v 1.003399 -0.158719 0.001209
v 1.003618 -0.158719 -0.002791
v 1.003399 -0.158719 -0.006791
v 0.220283 -0.158719 0.005296
v 0.425054 -0.158719 0.005296
v 0.606478 -0.158719 0.005296
v 0.969857 -0.158719 -0.010834
v 0.924944 -0.158719 -0.010867
v 0.856464 -0.158719 -0.010877
v 0.989131 -0.160502 -0.008491
v 0.984521 -0.161814 -0.007406
v 0.982984 -0.163229 -0.006861
v 0.752880 -0.160502 0.004526
v 0.752880 -0.161814 0.003792
v 0.752880 -0.163229 0.003272
v 0.752880 -0.160502 -0.010108
v 0.752880 -0.161814 -0.009374
v 0.752880 -0.163229 -0.008854
v 0.989131 -0.170470 0.002909
v 0.984521 -0.168459 0.001824
v 0.982984 -0.166551 0.001279
v 0.606478 -0.164796 -0.008657
v 0.425054 -0.164796 -0.008657
v 0.220283 -0.164796 -0.008657
v 0.856148 -0.164796 0.003045
v 0.922420 -0.164796 0.002831
v 0.961393 -0.164796 0.002250
v 0.994618 -0.164796 -0.000652
v 0.998569 -0.164796 -0.002791
v 0.994618 -0.164796 -0.004930
v 0.220283 -0.164796 0.003075
v 0.425054 -0.164796 0.003075
v 0.606478 -0.164796 0.003075
v 0.961393 -0.164796 -0.007832
v 0.922420 -0.164796 -0.008413
v 0.856148 -0.164796 -0.008627
v 0.982984 -0.166551 -0.006861
v 0.984521 -0.168459 -0.007406
v 0.989131 -0.170470 -0.008491
v 0.752880 -0.166551 0.003272
v 0.752880 -0.168459 0.003792
v 0.752880 -0.170470 0.004526
v 0.752880 -0.166551 -0.008854
v 0.752880 -0.168459 -0.009374
v 0.752880 -0.170470 -0.010108
v 1.003838 -0.201508 0.005368
v 1.003838 -0.191849 0.005368
v 1.003838 -0.182190 0.005368
v 0.606478 -0.173163 -0.010878
v 0.425054 -0.173163 -0.010878
v 0.220283 -0.173163 -0.010878
v 0.856464 -0.173163 0.005295
v 0.924944 -0.173163 0.005285
v 0.969857 -0.173163 0.005252
v 1.003399 -0.173163 0.001209
v 1.003618 -0.173163 -0.002791
v 1.003399 -0.173163 -0.006791
v 0.220283 -0.173163 0.005296
v 0.425054 -0.173163 0.005296
v 0.606478 -0.173163 0.005296
v 0.969857 -0.173163 -0.010834
v 0.924944 -0.173163 -0.010867
v 0.856464 -0.173163 -0.010877
v -0.991278 -0.031500 0.006668
v -0.993638 -0.031500 -0.002791
v -0.991279 -0.031500 -0.012250
v -0.848645 -0.031500 0.025510
v -0.916117 -0.031500 0.023404
v -0.957881 -0.031500 0.020060
v -0.848803 -0.182190 -0.010950
v -0.917379 -0.182190 -0.010950
v -0.962608 -0.182190 -0.010950
v -0.917379 -0.191849 -0.010950
v -0.598803 -0.031500 -0.033118
v -0.417379 -0.031500 -0.033503
v -0.212608 -0.031500 -0.033645
v -0.598803 -0.182190 0.005368
v -0.417379 -0.182190 0.005368
v -0.212608 -0.182190 0.005368
v -0.212608 -0.191849 0.005368
v -0.212608 -0.201508 0.005368
v -0.996162 -0.182190 -0.006871
v -0.996162 -0.182190 -0.002791
v -0.996162 -0.182190 0.001288
v -0.996163 -0.191849 -0.006871
v -0.996162 -0.191849 -0.002791
v -0.996163 -0.191849 0.001288
v -0.996162 -0.201508 -0.006871
v -0.996163 -0.201509 -0.002791
v -0.996163 -0.201508 0.001288
v -0.962608 -0.182190 0.005368
v -0.917379 -0.182190 0.005368
v -0.848803 -0.182190 0.005368
v -0.917379 -0.191849 0.005368
v -0.957881 -0.031500 -0.025642
v -0.916117 -0.031500 -0.028986
v -0.848645 -0.031500 -0.031092
v -0.212608 -0.182190 -0.010950
v -0.417379 -0.182190 -0.010950
v -0.598803 -0.182190 -0.010950
v -0.212608 -0.191849 -0.010950
v -0.212608 -0.201508 -0.010950
v -0.212608 -0.031500 0.028063
v -0.417379 -0.031500 0.027921
v -0.598803 -0.031500 0.027536
v -0.212608 -0.099537 -0.010950
v -0.417379 -0.099537 -0.010950
v -0.598803 -0.099537 -0.010950
v -0.212608 -0.105700 -0.010950
v -0.417379 -0.105700 -0.010950
v -0.598803 -0.105700 -0.010950
v -0.212608 -0.111864 -0.010950
v -0.417379 -0.111864 -0.010950
v -0.598803 -0.111864 -0.010950
v -0.962608 -0.099536 0.005368
v -0.917379 -0.099536 0.005368
v -0.848803 -0.099537 0.005368
v -0.962608 -0.105700 0.005368
v -0.917379 -0.105700 0.005368
v -0.848803 -0.105700 0.005368
v -0.962608 -0.111864 0.005368
v -0.917379 -0.111864 0.005368
v -0.848803 -0.111864 0.005368
v -0.996162 -0.099536 -0.006871
v -0.996162 -0.099536 -0.002791
v -0.996162 -0.099537 0.001288
v -0.996162 -0.105700 -0.006871
v -0.996162 -0.105700 -0.002791
v -0.996162 -0.105700 0.001288
v -0.996162 -0.111864 -0.006871
v -0.996162 -0.111864 -0.002791
v -0.996162 -0.111864 0.001288
v -0.598803 -0.099537 0.005368
v -0.417379 -0.099537 0.005368
v -0.212608 -0.099537 0.005368
v -0.598803 -0.105700 0.005368
v -0.417379 -0.105700 0.005368
v -0.212608 -0.105700 0.005368
v -0.598803 -0.111864 0.005368
v -0.417379 -0.111864 0.005368
v -0.212608 -0.111864 0.005368
v -0.848803 -0.099537 -0.010950
v -0.917379 -0.099537 -0.010950
v -0.962608 -0.099537 -0.010950
v -0.848803 -0.105700 -0.010950
v -0.917379 -0.105700 -0.010950
v -0.962608 -0.105700 -0.010950
v -0.848803 -0.111864 -0.010950
v -0.917379 -0.111864 -0.010950
v -0.962608 -0.111864 -0.010950
v -0.212608 -0.119341 -0.010108
v -0.417379 -0.119341 -0.010108
v -0.598803 -0.119341 -0.010108
v -0.212608 -0.120665 -0.009374
v -0.417379 -0.120665 -0.009374
v -0.598803 -0.120665 -0.009374
v -0.212608 -0.122009 -0.008854
v -0.417379 -0.122009 -0.008854
v -0.598803 -0.122009 -0.008854
v -0.957881 -0.119341 0.004034
v -0.916117 -0.119341 0.004398
v -0.848645 -0.119341 0.004510
v -0.954980 -0.120665 0.003029
v -0.915184 -0.120665 0.003574
v -0.848528 -0.120665 0.003764
v -0.953875 -0.122009 0.002440
v -0.914800 -0.122009 0.003027
v -0.848480 -0.122009 0.003241
v -0.991279 -0.119341 -0.005974
v -0.993638 -0.119341 -0.002791
v -0.991278 -0.119341 0.000392
v -0.988260 -0.120665 -0.005347
v -0.991772 -0.120665 -0.002791
v -0.988260 -0.120665 -0.000235
v -0.987108 -0.122009 -0.005021
v -0.991004 -0.122009 -0.002791
v -0.987108 -0.122009 -0.000561
v -0.598803 -0.119341 0.004526
v -0.417379 -0.119341 0.004526
v -0.212608 -0.119341 0.004526
v -0.598803 -0.120665 0.003792
v -0.417379 -0.120665 0.003792
v -0.212608 -0.120665 0.003792
v -0.598803 -0.122009 0.003272
v -0.417379 -0.122009 0.003272
v -0.212608 -0.122009 0.003272
v -0.848645 -0.119341 -0.010092
v -0.916117 -0.119341 -0.009980
v -0.957881 -0.119341 -0.009617
v -0.848528 -0.120665 -0.009347
v -0.915184 -0.120665 -0.009156
v -0.954980 -0.120665 -0.008611
v -0.848480 -0.122009 -0.008824
v -0.914800 -0.122009 -0.008609
v -0.953875 -0.122009 -0.008022
v -0.212608 -0.124797 -0.008854
v -0.417379 -0.124797 -0.008854
v -0.598803 -0.124797 -0.008854
v -0.212608 -0.126240 -0.009374
v -0.417379 -0.126240 -0.009374
v -0.598803 -0.126240 -0.009374
v -0.212608 -0.127704 -0.010108
v -0.417379 -0.127704 -0.010108
v -0.598803 -0.127704 -0.010108
v -0.953875 -0.124797 0.002440
v -0.914800 -0.124797 0.003027
v -0.848480 -0.124797 0.003241
v -0.954980 -0.126240 0.003029
v -0.915184 -0.126240 0.003574
v -0.848528 -0.126240 0.003764
v -0.957881 -0.127704 0.004034
v -0.916117 -0.127704 0.004398
v -0.848645 -0.127704 0.004510
v -0.987108 -0.124797 -0.005021
v -0.991004 -0.124797 -0.002791
v -0.987108 -0.124797 -0.000561
v -0.988260 -0.126240 -0.005347
v -0.991772 -0.126240 -0.002791
v -0.988260 -0.126240 -0.000235
v -0.991279 -0.127704 -0.005974
v -0.993638 -0.127704 -0.002791
v -0.991278 -0.127704 0.000392
v -0.598803 -0.124797 0.003272
v -0.417379 -0.124797 0.003272
v -0.212608 -0.124797 0.003272
v -0.598803 -0.126240 0.003792
v -0.417379 -0.126240 0.003792
v -0.212608 -0.126240 0.003792
v -0.598803 -0.127704 0.004526
v -0.417379 -0.127704 0.004526
v -0.212608 -0.127704 0.004526
v -0.848480 -0.124797 -0.008824
v -0.914800 -0.124797 -0.008609
v -0.953875 -0.124797 -0.008022
v -0.848528 -0.126240 -0.009347
v -0.915184 -0.126240 -0.009156
v -0.954980 -0.126240 -0.008611
v -0.848645 -0.127704 -0.010092
v -0.916117 -0.127704 -0.009980
v -0.957882 -0.127704 -0.009617
v -0.212608 -0.136694 -0.010950
v -0.417379 -0.136694 -0.010950
v -0.598803 -0.136694 -0.010950
v -0.212608 -0.144210 -0.010950
v -0.417379 -0.144210 -0.010950
v -0.598803 -0.144210 -0.010950
v -0.212608 -0.151725 -0.010950
v -0.417379 -0.151725 -0.010950
v -0.598803 -0.151725 -0.010950
v -0.962608 -0.136694 0.005368
v -0.917379 -0.136694 0.005368
v -0.848803 -0.136694 0.005368
v -0.962608 -0.144210 0.005368
v -0.917379 -0.144210 0.005368
v -0.848803 -0.144210 0.005368
v -0.962608 -0.151725 0.005368
v -0.917379 -0.151725 0.005368
v -0.848803 -0.151725 0.005368
v -0.996162 -0.136694 -0.006871
v -0.996162 -0.136694 -0.002791
v -0.996162 -0.136694 0.001288
v -0.996162 -0.144210 -0.006871
v -0.996162 -0.144210 -0.002791
v -0.996162 -0.144210 0.001288
v -0.996162 -0.151725 -0.006871
v -0.996162 -0.151725 -0.002791
v -0.996162 -0.151725 0.001288
v -0.598803 -0.136694 0.005368
v -0.417379 -0.136694 0.005368
v -0.212608 -0.136694 0.005368
v -0.598803 -0.144210 0.005368
v -0.417379 -0.144210 0.005368
v -0.212608 -0.144210 0.005368
v -0.598803 -0.151725 0.005368
v -0.417379 -0.151725 0.005368
v -0.212608 -0.151725 0.005368
v -0.848803 -0.136694 -0.010950
v -0.917379 -0.136694 -0.010950
v -0.962608 -0.136694 -0.010950
v -0.848803 -0.144210 -0.010950
v -0.917379 -0.144210 -0.010950
v -0.962608 -0.144210 -0.010950
v -0.848803 -0.151725 -0.010950
v -0.917379 -0.151725 -0.010950
v -0.962608 -0.151725 -0.010950
v -0.212608 -0.160502 -0.010108
v -0.417379 -0.160502 -0.010108
v -0.598803 -0.160502 -0.010108
v -0.212608 -0.161814 -0.009374
v -0.417379 -0.161814 -0.009374
v -0.598803 -0.161814 -0.009374
v -0.212608 -0.163229 -0.008854
v -0.417379 -0.163229 -0.008854
v -0.598803 -0.163229 -0.008854
v -0.957881 -0.160502 0.004034
v -0.916117 -0.160502 0.004398
v -0.848645 -0.160502 0.004510
v -0.954980 -0.161814 0.003029
v -0.915184 -0.161814 0.003574
v -0.848528 -0.161814 0.003764
v -0.953875 -0.163229 0.002440
v -0.914800 -0.163229 0.003027
v -0.848480 -0.163229 0.003241
v -0.991279 -0.160502 -0.005974
v -0.993638 -0.160502 -0.002791
v -0.991278 -0.160502 0.000392
v -0.988260 -0.161814 -0.005347
v -0.991772 -0.161814 -0.002791
v -0.988260 -0.161814 -0.000235
v -0.987108 -0.163229 -0.005021
v -0.991004 -0.163229 -0.002791
v -0.987108 -0.163229 -0.000561
v -0.598803 -0.160502 0.004526
v -0.417379 -0.160502 0.004526
v -0.212608 -0.160502 0.004526
v -0.598803 -0.161814 0.003792
v -0.417379 -0.161814 0.003792
v -0.212608 -0.161814 0.003792
v -0.598803 -0.163229 0.003272
v -0.417379 -0.163229 0.003272
v -0.212608 -0.163229 0.003272
v -0.848645 -0.160502 -0.010092
v -0.916117 -0.160503 -0.009980
v -0.957881 -0.160502 -0.009617
v -0.848528 -0.161814 -0.009347
v -0.915184 -0.161814 -0.009156
v -0.954980 -0.161814 -0.008611
v -0.848480 -0.163229 -0.008824
v -0.914800 -0.163229 -0.008609
v -0.953875 -0.163229 -0.008022
v -0.212608 -0.166551 -0.008854
v -0.417379 -0.166551 -0.008854
v -0.598803 -0.166551 -0.008854
v -0.212608 -0.168459 -0.009374
v -0.417379 -0.168459 -0.009374
v -0.598803 -0.168459 -0.009374
v -0.212608 -0.170470 -0.010108
v -0.417379 -0.170470 -0.010108
v -0.598803 -0.170470 -0.010108
v -0.953875 -0.166551 0.002440
v -0.914800 -0.166551 0.003027
v -0.848480 -0.166551 0.003241
v -0.954980 -0.168459 0.003029
v -0.915184 -0.168459 0.003574
v -0.848528 -0.168459 0.003764
v -0.957881 -0.170470 0.004034
v -0.916117 -0.170470 0.004398
v -0.848645 -0.170470 0.004510
v -0.987108 -0.166551 -0.005021
v -0.991004 -0.166551 -0.002791
v -0.987108 -0.166551 -0.000561
v -0.988260 -0.168459 -0.005347
v -0.991772 -0.168459 -0.002791
v -0.988260 -0.168459 -0.000235
v -0.991279 -0.170470 -0.005974
v -0.993638 -0.170470 -0.002791
v -0.991278 -0.170470 0.000392
v -0.598803 -0.166551 0.003272
v -0.417379 -0.166551 0.003272
v -0.212608 -0.166551 0.003272
v -0.598803 -0.168459 0.003792
v -0.417379 -0.168459 0.003792
v -0.212608 -0.168459 0.003792
v -0.598803 -0.170470 0.004526
v -0.417379 -0.170470 0.004526
v -0.212608 -0.170470 0.004526
v -0.848480 -0.166551 -0.008824
v -0.914800 -0.166551 -0.008609
v -0.953875 -0.166551 -0.008022
v -0.848528 -0.168459 -0.009347
v -0.915184 -0.168459 -0.009156
v -0.954980 -0.168459 -0.008611
v -0.848645 -0.170470 -0.010092
v -0.916117 -0.170470 -0.009980
v -0.957882 -0.170470 -0.009617
v 0.998954 -0.031500 0.006668
v 1.001313 -0.031500 -0.002791
v 0.998954 -0.031500 -0.012250
v 0.856320 -0.031500 0.025510
v 0.923792 -0.031500 0.023404
v 0.965556 -0.031500 0.020060
v 0.856478 -0.182190 -0.010950
v 0.925054 -0.182190 -0.010950
v 0.925054 -0.191849 -0.010950
v 0.970283 -0.182190 -0.010950
v 0.606478 -0.031500 -0.033118
v 0.425054 -0.031500 -0.033503
v 0.220283 -0.031500 -0.033645
v 0.606478 -0.182190 0.005368
v 0.425054 -0.182190 0.005368
v 0.220283 -0.182190 0.005368
v 0.220283 -0.191849 0.005368
v 0.220283 -0.201509 0.005368
v 1.003837 -0.182190 -0.006871
v 1.003838 -0.191849 -0.006871
v 1.003838 -0.201509 -0.006871
v 1.003837 -0.182190 -0.002791
v 1.003837 -0.191849 -0.002791
v 1.003838 -0.201509 -0.002791
v 1.003837 -0.182190 0.001288
v 1.003838 -0.191849 0.001288
v 1.003838 -0.201509 0.001288
v 0.970283 -0.182190 0.005368
v 0.925054 -0.182190 0.005368
v 0.925054 -0.191849 0.005368
v 0.856478 -0.182190 0.005368
v 0.965557 -0.031500 -0.025642
v 0.923792 -0.031500 -0.028986
v 0.856320 -0.031500 -0.031092
v 0.220283 -0.182190 -0.010950
v 0.220283 -0.191849 -0.010950
v 0.220283 -0.201508 -0.010950
v 0.425054 -0.182190 -0.010950
v 0.606478 -0.182190 -0.010950
v 0.220283 -0.031500 0.028063
v 0.425054 -0.031500 0.027921
v 0.606478 -0.031500 0.027536
v 0.220283 -0.099537 -0.010950
v 0.220283 -0.105700 -0.010950
v 0.220283 -0.111864 -0.010950
v 0.425054 -0.099536 -0.010950
v 0.425054 -0.105700 -0.010950
v 0.425054 -0.111864 -0.010950
v 0.606478 -0.099536 -0.010950
v 0.606478 -0.105700 -0.010950
v 0.606478 -0.111864 -0.010950
v 0.970283 -0.099536 0.005368
v 0.970283 -0.105700 0.005368
v 0.970283 -0.111864 0.005368
v 0.925054 -0.099536 0.005368
v 0.925054 -0.105700 0.005368
v 0.925054 -0.111864 0.005368
v 0.856478 -0.099537 0.005368
v 0.856478 -0.105700 0.005368
v 0.856478 -0.111864 0.005368
v 1.003837 -0.099536 -0.006871
v 1.003837 -0.105700 -0.006871
v 1.003837 -0.111864 -0.006871
v 1.003837 -0.099536 -0.002791
v 1.003837 -0.105700 -0.002791
v 1.003837 -0.111864 -0.002791
v 1.003837 -0.099536 0.001288
v 1.003837 -0.105700 0.001288
v 1.003837 -0.111864 0.001288
v 0.606478 -0.099537 0.005368
v 0.606478 -0.105700 0.005368
v 0.606478 -0.111864 0.005368
v 0.425054 -0.099536 0.005368
v 0.425054 -0.105700 0.005368
v 0.425054 -0.111864 0.005368
v 0.220283 -0.099536 0.005368
v 0.220283 -0.105700 0.005368
v 0.220283 -0.111864 0.005368
v 0.856478 -0.099537 -0.010950
v 0.856478 -0.105700 -0.010950
v 0.856478 -0.111864 -0.010950
v 0.925054 -0.099536 -0.010950
v 0.925054 -0.105700 -0.010950
v 0.925054 -0.111864 -0.010950
v 0.970283 -0.099536 -0.010950
v 0.970283 -0.105700 -0.010950
v 0.970283 -0.111864 -0.010950
v 0.220283 -0.119341 -0.010108
v 0.220283 -0.120665 -0.009374
v 0.220283 -0.122009 -0.008854
v 0.425054 -0.119341 -0.010108
v 0.425054 -0.120665 -0.009374
v 0.425054 -0.122009 -0.008854
v 0.606478 -0.119341 -0.010108
v 0.606478 -0.120665 -0.009374
v 0.606478 -0.122009 -0.008854
v 0.965557 -0.119341 0.004034
v 0.962655 -0.120665 0.003029
v 0.961550 -0.122009 0.002440
v 0.923792 -0.119341 0.004398
v 0.922859 -0.120665 0.003574
v 0.922475 -0.122009 0.003027
v 0.856320 -0.119341 0.004510
v 0.856203 -0.120665 0.003764
v 0.856155 -0.122009 0.003241
v 0.998954 -0.119341 -0.005974
v 0.995935 -0.120665 -0.005347
v 0.994783 -0.122009 -0.005021
v 1.001313 -0.119341 -0.002791
v 0.999447 -0.120665 -0.002791
v 0.998679 -0.122009 -0.002791
v 0.998954 -0.119341 0.000392
v 0.995935 -0.120665 -0.000235
v 0.994783 -0.122009 -0.000561
v 0.606478 -0.119341 0.004526
v 0.606478 -0.120665 0.003792
v 0.606478 -0.122009 0.003272
v 0.425054 -0.119341 0.004526
v 0.425054 -0.120665 0.003792
v 0.425054 -0.122009 0.003272
v 0.220283 -0.119341 0.004526
v 0.220283 -0.120665 0.003792
v 0.220283 -0.122009 0.003272
v 0.856320 -0.119341 -0.010092
v 0.856203 -0.120665 -0.009347
v 0.856155 -0.122009 -0.008824
v 0.923792 -0.119341 -0.009980
v 0.922859 -0.120665 -0.009156
v 0.922475 -0.122009 -0.008609
v 0.965557 -0.119341 -0.009617
v 0.962655 -0.120665 -0.008611
v 0.961550 -0.122009 -0.008022
v 0.220283 -0.124797 -0.008854
v 0.220283 -0.126240 -0.009374
v 0.220283 -0.127704 -0.010108
v 0.425054 -0.124797 -0.008854
v 0.425054 -0.126240 -0.009374
v 0.425054 -0.127704 -0.010108
v 0.606478 -0.124797 -0.008854
v 0.606478 -0.126240 -0.009374
v 0.606478 -0.127704 -0.010108
v 0.961550 -0.124797 0.002440
v 0.962655 -0.126240 0.003029
v 0.965557 -0.127704 0.004034
v 0.922475 -0.124797 0.003027
v 0.922859 -0.126240 0.003574
v 0.923792 -0.127704 0.004398
v 0.856155 -0.124797 0.003241
v 0.856203 -0.126240 0.003764
v 0.856320 -0.127704 0.004510
v 0.994783 -0.124797 -0.005021
v 0.995935 -0.126240 -0.005347
v 0.998954 -0.127704 -0.005974
v 0.998679 -0.124797 -0.002791
v 0.999447 -0.126240 -0.002791
v 1.001313 -0.127704 -0.002791
v 0.994783 -0.124797 -0.000561
v 0.995935 -0.126240 -0.000235
v 0.998954 -0.127704 0.000392
v 0.606478 -0.124797 0.003272
v 0.606478 -0.126240 0.003792
v 0.606478 -0.127704 0.004526
v 0.425054 -0.124797 0.003272
v 0.425054 -0.126240 0.003792
v 0.425054 -0.127704 0.004526
v 0.220283 -0.124797 0.003272
v 0.220283 -0.126240 0.003792
v 0.220283 -0.127704 0.004526
v 0.856155 -0.124797 -0.008824
v 0.856203 -0.126240 -0.009347
v 0.856320 -0.127704 -0.010092
v 0.922475 -0.124797 -0.008609
v 0.922859 -0.126240 -0.009156
v 0.923792 -0.127704 -0.009980
v 0.961550 -0.124797 -0.008022
v 0.962655 -0.126240 -0.008611
v 0.965557 -0.127704 -0.009617
v 0.220283 -0.136694 -0.010950
v 0.220283 -0.144210 -0.010950
v 0.220283 -0.151725 -0.010950
v 0.425054 -0.136694 -0.010950
v 0.425054 -0.144210 -0.010950
v 0.425054 -0.151725 -0.010950
v 0.606478 -0.136694 -0.010950
v 0.606478 -0.144210 -0.010950
v 0.606478 -0.151725 -0.010950
v 0.970283 -0.136694 0.005368
v 0.970283 -0.144210 0.005368
v 0.970283 -0.151725 0.005368
v 0.925054 -0.136694 0.005368
v 0.925054 -0.144210 0.005368
v 0.925054 -0.151725 0.005368
v 0.856478 -0.136694 0.005368
v 0.856478 -0.144210 0.005368
v 0.856478 -0.151725 0.005368
v 1.003837 -0.136694 -0.006871
v 1.003837 -0.144210 -0.006871
v 1.003837 -0.151725 -0.006871
v 1.003837 -0.136694 -0.002791
v 1.003837 -0.144210 -0.002791
v 1.003837 -0.151725 -0.002791
v 1.003837 -0.136694 0.001288
v 1.003837 -0.144210 0.001288
v 1.003837 -0.151725 0.001288
v 0.606478 -0.136694 0.005368
v 0.606478 -0.144210 0.005368
v 0.606478 -0.151725 0.005368
v 0.425054 -0.136694 0.005368
v 0.425054 -0.144210 0.005368
v 0.425054 -0.151725 0.005368
v 0.220283 -0.136694 0.005368
v 0.220283 -0.144210 0.005368
v 0.220283 -0.151725 0.005368
v 0.856478 -0.136694 -0.010950
v 0.856478 -0.144210 -0.010950
v 0.856478 -0.151725 -0.010950
v 0.925054 -0.136694 -0.010950
v 0.925054 -0.144210 -0.010950
v 0.925054 -0.151725 -0.010950
v 0.970283 -0.136694 -0.010950
v 0.970283 -0.144210 -0.010950
v 0.970283 -0.151725 -0.010950
v 0.220283 -0.160502 -0.010108
v 0.220283 -0.161815 -0.009374
v 0.220283 -0.163229 -0.008854
v 0.425054 -0.160502 -0.010108
v 0.425054 -0.161815 -0.009374
v 0.425054 -0.163229 -0.008854
v 0.606478 -0.160502 -0.010108
v 0.606478 -0.161814 -0.009374
v 0.606478 -0.163229 -0.008854
v 0.965557 -0.160502 0.004034
v 0.962655 -0.161814 0.003029
v 0.961550 -0.163229 0.002440
v 0.923792 -0.160502 0.004398
v 0.922859 -0.161815 0.003574
v 0.922475 -0.163229 0.003027
v 0.856320 -0.160502 0.004510
v 0.856203 -0.161814 0.003764
v 0.856155 -0.163229 0.003241
v 0.998954 -0.160502 -0.005974
v 0.995935 -0.161815 -0.005347
v 0.994783 -0.163229 -0.005021
v 1.001313 -0.160502 -0.002791
v 0.999447 -0.161815 -0.002791
v 0.998679 -0.163229 -0.002791
v 0.998954 -0.160502 0.000392
v 0.995935 -0.161814 -0.000235
v 0.994783 -0.163229 -0.000561
v 0.606478 -0.160502 0.004526
v 0.606478 -0.161815 0.003792
v 0.606478 -0.163229 0.003272
v 0.425054 -0.160502 0.004526
v 0.425054 -0.161815 0.003792
v 0.425054 -0.163229 0.003272
v 0.220283 -0.160502 0.004526
v 0.220283 -0.161814 0.003792
v 0.220283 -0.163229 0.003272
v 0.856320 -0.160502 -0.010092
v 0.856203 -0.161815 -0.009347
v 0.856155 -0.163229 -0.008824
v 0.923792 -0.160502 -0.009980
v 0.922859 -0.161815 -0.009156
v 0.922475 -0.163229 -0.008609
v 0.965557 -0.160502 -0.009617
v 0.962655 -0.161814 -0.008611
v 0.961550 -0.163229 -0.008022
v 0.220283 -0.166551 -0.008854
v 0.220283 -0.168459 -0.009374
v 0.220283 -0.170470 -0.010108
v 0.425054 -0.166551 -0.008854
v 0.425054 -0.168459 -0.009374
v 0.425054 -0.170470 -0.010108
v 0.606478 -0.166551 -0.008854
v 0.606478 -0.168459 -0.009374
v 0.606478 -0.170470 -0.010108
v 0.961550 -0.166551 0.002440
v 0.962655 -0.168459 0.003029
v 0.965557 -0.170470 0.004034
v 0.922475 -0.166551 0.003027
v 0.922859 -0.168459 0.003574
v 0.923792 -0.170470 0.004398
v 0.856155 -0.166551 0.003241
v 0.856203 -0.168459 0.003764
v 0.856320 -0.170470 0.004510
v 0.994783 -0.166551 -0.005021
v 0.995935 -0.168459 -0.005347
v 0.998954 -0.170470 -0.005974
v 0.998679 -0.166551 -0.002791
v 0.999447 -0.168459 -0.002791
v 1.001313 -0.170470 -0.002791
v 0.994783 -0.166551 -0.000561
v 0.995935 -0.168459 -0.000235
v 0.998954 -0.170470 0.000392
v 0.606478 -0.166551 0.003272
v 0.606478 -0.168459 0.003792
v 0.606478 -0.170470 0.004526
v 0.425054 -0.166551 0.003272
v 0.425054 -0.168459 0.003792
v 0.425054 -0.170470 0.004526
v 0.220283 -0.166551 0.003272
v 0.220283 -0.168459 0.003792
v 0.220283 -0.170470 0.004526
v 0.856155 -0.166551 -0.008824
v 0.856203 -0.168459 -0.009347
v 0.856320 -0.170470 -0.010092
v 0.922475 -0.166551 -0.008609
v 0.922859 -0.168459 -0.009156
v 0.923792 -0.170470 -0.009980
v 0.961550 -0.166551 -0.008022
v 0.962655 -0.168459 -0.008611
v 0.965557 -0.170470 -0.009617
v 0.970283 -0.183406 0.005368
v 0.970283 -0.183406 -0.010950
v 0.978726 -0.191849 -0.010950
v 0.988385 -0.201508 -0.010950
v 0.968002 -0.181126 0.005354
v 0.969067 -0.182190 0.005368
v 0.968002 -0.181126 -0.010936
v 0.969067 -0.182190 -0.010950
v 0.998044 -0.211168 -0.010950
v 0.998044 -0.211167 -0.006871
v 0.998044 -0.211168 -0.002791
v 0.978726 -0.191849 0.005368
v 0.988385 -0.201508 0.005368
v 0.998044 -0.211168 0.005368
v 0.998044 -0.211167 0.001288
v 0.957279 -0.191849 0.005368
v 0.966938 -0.182190 0.005368
v 0.966938 -0.182190 -0.010950
v 0.947620 -0.201508 0.005368
v 0.937960 -0.211168 -0.002791
v 0.937961 -0.211168 0.001288
v 0.957279 -0.191849 -0.010950
v 0.947620 -0.201509 -0.010950
v 0.937960 -0.211167 0.005368
v 0.937961 -0.211168 -0.010950
v 0.937960 -0.211168 -0.006871
v 0.937577 -0.211168 -0.002791
v 0.937577 -0.211168 0.001288
v 0.937577 -0.211168 0.005368
v 0.937577 -0.211168 -0.010950
v 0.927918 -0.201508 0.005368
v 0.925054 -0.198645 0.005368
v 0.937577 -0.211168 -0.006871
v 0.918258 -0.191849 0.005368
v 0.925054 -0.198645 -0.010950
v 0.927918 -0.201509 -0.010950
v 0.918258 -0.191849 -0.010950
v 0.907535 -0.181126 -0.010940
v 0.908599 -0.182190 -0.010950
v 0.908599 -0.182190 0.005368
v 0.907535 -0.181126 0.005358
v 0.877493 -0.211168 -0.010950
v 0.877493 -0.211168 0.005368
v 0.887152 -0.201509 -0.010950
v 0.877493 -0.211167 -0.006871
v 0.877493 -0.211167 0.001288
v 0.896812 -0.191849 -0.010950
v 0.877493 -0.211167 -0.002791
v 0.906471 -0.182190 -0.010950
v 0.887152 -0.201508 0.005368
v 0.896812 -0.191849 0.005368
v 0.906471 -0.182190 0.005368
v 0.867450 -0.201508 -0.010950
v 0.857791 -0.191849 -0.010950
v 0.856478 -0.190536 -0.010950
v 0.847067 -0.181126 -0.010942
v 0.848132 -0.182190 -0.010950
v 0.847068 -0.181126 0.005359
v 0.848132 -0.182190 0.005368
v 0.877109 -0.211168 -0.010950
v 0.877109 -0.211168 0.005368
v 0.877109 -0.211167 -0.006871
v 0.877109 -0.211167 0.001288
v 0.877109 -0.211167 -0.002791
v 0.867450 -0.201508 0.005368
v 0.857791 -0.191849 0.005368
v 0.856478 -0.190536 0.005368
v 0.836344 -0.191849 0.005368
v 0.826685 -0.201508 0.005368
v 0.846003 -0.182190 -0.010950
v 0.846003 -0.182190 0.005368
v 0.817025 -0.211168 -0.010950
v 0.817025 -0.211168 0.005368
v 0.836344 -0.191849 -0.010950
v 0.817026 -0.211167 -0.006871
v 0.826685 -0.201508 -0.010950
v 0.817026 -0.211167 -0.002791
v 0.817026 -0.211167 0.001288
v 0.797323 -0.191849 -0.010950
v 0.786600 -0.181126 -0.010942
v 0.787664 -0.182190 -0.010950
v 0.806983 -0.201508 -0.010950
v 0.786600 -0.181126 0.005359
v 0.787664 -0.182190 0.005368
v 0.816642 -0.211168 -0.010950
v 0.797323 -0.191849 0.005368
v 0.806983 -0.201508 0.005368
v 0.816642 -0.211168 0.005368
v 0.816642 -0.211167 -0.006871
v 0.816642 -0.211167 -0.002791
v 0.816642 -0.211167 0.001288
v 0.756558 -0.211168 -0.010950
v 0.756558 -0.211168 0.005368
v 0.775877 -0.191849 -0.010950
v 0.756558 -0.211168 -0.006871
v 0.766217 -0.201509 -0.010950
v 0.756558 -0.211168 -0.002791
v 0.756558 -0.211167 0.001288
v 0.775877 -0.191849 0.005368
v 0.766217 -0.201509 0.005368
v 0.785536 -0.182190 -0.010950
v 0.785536 -0.182190 0.005368
v 0.746515 -0.201508 -0.010950
v 0.726133 -0.181126 0.005360
v 0.727197 -0.182190 0.005368
v 0.736856 -0.191849 -0.010950
v 0.726133 -0.181126 -0.010942
v 0.727197 -0.182190 -0.010950
v 0.756175 -0.211168 -0.010950
v 0.756175 -0.211168 0.005368
v 0.752880 -0.207873 0.005368
v 0.756174 -0.211167 -0.006871
v 0.756174 -0.211167 -0.002791
v 0.756174 -0.211167 0.001288
v 0.752880 -0.207873 -0.010950
v 0.736856 -0.191849 0.005368
v 0.746515 -0.201509 0.005368
v 0.705750 -0.201509 -0.010950
v 0.696091 -0.211167 0.001288
v 0.696091 -0.211168 -0.010950
v 0.696091 -0.211168 0.005368
v 0.696091 -0.211167 -0.006871
v 0.696091 -0.211167 -0.002791
v 0.715409 -0.191849 -0.010950
v 0.715409 -0.191849 0.005368
v 0.725068 -0.182190 0.005368
v 0.705750 -0.201509 0.005368
v 0.725068 -0.182190 -0.010950
v 0.686048 -0.201509 -0.010950
v 0.665665 -0.181126 0.005360
v 0.666729 -0.182190 0.005368
v 0.676388 -0.191849 -0.010950
v 0.665665 -0.181126 -0.010942
v 0.666729 -0.182190 -0.010950
v 0.676388 -0.191849 0.005368
v 0.695707 -0.211167 0.001288
v 0.695707 -0.211167 -0.010950
v 0.695707 -0.211167 0.005368
v 0.695707 -0.211167 -0.006871
v 0.695707 -0.211167 -0.002791
v 0.686048 -0.201508 0.005368
v 0.645282 -0.201509 -0.010950
v 0.635623 -0.211167 0.001288
v 0.635623 -0.211168 -0.010950
v 0.635623 -0.211168 0.005368
v 0.635623 -0.211167 -0.006871
v 0.635623 -0.211167 -0.002791
v 0.654942 -0.191849 -0.010950
v 0.654942 -0.191849 0.005368
v 0.664601 -0.182190 0.005368
v 0.645282 -0.201508 0.005368
v 0.664601 -0.182190 -0.010950
v 0.615921 -0.191849 0.005368
v 0.635239 -0.211167 0.001288
v 0.635240 -0.211168 -0.010950
v 0.635240 -0.211168 0.005368
v 0.635239 -0.211167 -0.006871
v 0.635239 -0.211167 -0.002791
v 0.625580 -0.201508 0.005368
v 0.606478 -0.182406 0.005368
v 0.625580 -0.201509 -0.010950
v 0.615921 -0.191849 -0.010950
v 0.606478 -0.182406 -0.010950
v 0.606262 -0.182190 0.005368
v 0.605198 -0.181126 -0.010942
v 0.606262 -0.182190 -0.010950
v 0.605198 -0.181126 0.005360
v 0.584815 -0.201509 -0.010950
v 0.575156 -0.211167 -0.002791
v 0.594474 -0.191849 -0.010950
v 0.575156 -0.211167 -0.006871
v 0.575156 -0.211168 0.005368
v 0.575156 -0.211167 0.001288
v 0.575156 -0.211168 -0.010950
v 0.584815 -0.201508 0.005368
v 0.604133 -0.182190 0.005368
v 0.604133 -0.182190 -0.010950
v 0.594474 -0.191849 0.005368
v 0.565113 -0.201509 -0.010950
v 0.555453 -0.191849 -0.010950
v 0.544730 -0.181126 0.005360
v 0.545794 -0.182190 0.005368
v 0.544730 -0.181126 -0.010942
v 0.545794 -0.182190 -0.010950
v 0.565113 -0.201508 0.005368
v 0.574772 -0.211167 -0.002791
v 0.574772 -0.211167 -0.006871
v 0.574772 -0.211168 0.005368
v 0.574772 -0.211167 0.001288
v 0.574772 -0.211168 -0.010950
v 0.555453 -0.191849 0.005368
v 0.524347 -0.201508 0.005368
v 0.543666 -0.182190 0.005368
v 0.543666 -0.182190 -0.010950
v 0.534007 -0.191849 0.005368
v 0.524347 -0.201509 -0.010950
v 0.514688 -0.211167 -0.002791
v 0.534007 -0.191849 -0.010950
v 0.514688 -0.211167 -0.006871
v 0.514688 -0.211168 0.005368
v 0.514688 -0.211167 0.001288
v 0.514688 -0.211168 -0.010950
v 0.504645 -0.201508 -0.010950
v 0.494986 -0.191849 -0.010950
v 0.484263 -0.181126 0.005360
v 0.485327 -0.182190 0.005368
v 0.484263 -0.181126 -0.010942
v 0.485327 -0.182190 -0.010950
v 0.504645 -0.201508 0.005368
v 0.514304 -0.211167 -0.002791
v 0.514304 -0.211167 -0.006871
v 0.514305 -0.211168 0.005368
v 0.514304 -0.211167 0.001288
v 0.514305 -0.211168 -0.010950
v 0.494986 -0.191849 0.005368
v 0.463880 -0.201508 0.005368
v 0.483199 -0.182190 0.005368
v 0.483199 -0.182190 -0.010950
v 0.473539 -0.191849 0.005368
v 0.463880 -0.201508 -0.010950
v 0.454221 -0.211167 -0.002791
v 0.473539 -0.191849 -0.010950
v 0.454221 -0.211167 -0.006871
v 0.454221 -0.211168 0.005368
v 0.454221 -0.211167 0.001288
v 0.454221 -0.211168 -0.010950
v 0.444178 -0.201508 -0.010950
v 0.434519 -0.191849 -0.010950
v 0.425054 -0.182384 0.005368
v 0.425054 -0.182384 -0.010950
v 0.423795 -0.181126 0.005360
v 0.424859 -0.182190 0.005368
v 0.424859 -0.182190 -0.010950
v 0.423795 -0.181126 -0.010942
v 0.444178 -0.201508 0.005368
v 0.453837 -0.211167 -0.002791
v 0.453837 -0.211167 -0.006871
v 0.453837 -0.211168 0.005368
v 0.453837 -0.211167 0.001288
v 0.453837 -0.211168 -0.010950
v 0.434519 -0.191849 0.005368
v 0.413072 -0.191849 0.005368
v 0.403413 -0.201508 0.005368
v 0.422731 -0.182190 0.005368
v 0.422731 -0.182190 -0.010950
v 0.393753 -0.211167 -0.006871
v 0.393753 -0.211167 -0.002791
v 0.403413 -0.201508 -0.010950
v 0.393753 -0.211167 0.001288
v 0.413072 -0.191849 -0.010950
v 0.393753 -0.211168 0.005368
v 0.393753 -0.211168 -0.010950
v 0.393370 -0.211167 -0.006871
v 0.374051 -0.191849 0.005368
v 0.383710 -0.201508 0.005368
v 0.393370 -0.211167 -0.002791
v 0.393370 -0.211167 0.001288
v 0.393370 -0.211168 0.005368
v 0.393370 -0.211168 -0.010950
v 0.383710 -0.201508 -0.010950
v 0.374051 -0.191849 -0.010950
v 0.363328 -0.181126 0.005360
v 0.364392 -0.182190 0.005368
v 0.364392 -0.182190 -0.010950
v 0.363328 -0.181126 -0.010942
v 0.352604 -0.191849 0.005368
v 0.342945 -0.201508 0.005368
v 0.362264 -0.182190 0.005368
v 0.362264 -0.182190 -0.010950
v 0.333286 -0.211167 -0.006871
v 0.333286 -0.211167 -0.002791
v 0.342945 -0.201508 -0.010950
v 0.333286 -0.211167 0.001288
v 0.352604 -0.191849 -0.010950
v 0.333286 -0.211168 0.005368
v 0.333286 -0.211168 -0.010950
v 0.323243 -0.201508 -0.010950
v 0.313584 -0.191849 -0.010950
v 0.302860 -0.181126 0.005360
v 0.303925 -0.182190 0.005368
v 0.303924 -0.182190 -0.010950
v 0.302860 -0.181126 -0.010942
v 0.332902 -0.211167 -0.006871
v 0.313584 -0.191849 0.005368
v 0.323243 -0.201508 0.005368
v 0.332902 -0.211167 -0.002791
v 0.332902 -0.211167 0.001288
v 0.332902 -0.211168 0.005368
v 0.332902 -0.211168 -0.010950
v 0.272819 -0.211167 -0.006871
v 0.272819 -0.211167 -0.002791
v 0.282478 -0.201508 -0.010950
v 0.272819 -0.211167 0.001288
v 0.292137 -0.191849 -0.010950
v 0.272818 -0.211168 0.005368
v 0.272818 -0.211168 -0.010950
v 0.292137 -0.191849 0.005368
v 0.282478 -0.201508 0.005368
v 0.301796 -0.182190 0.005368
v 0.301796 -0.182190 -0.010950
v 0.262776 -0.201508 -0.010950
v 0.253116 -0.191849 -0.010950
v 0.243457 -0.182190 0.005368
v 0.242393 -0.181126 0.005360
v 0.243457 -0.182190 -0.010950
v 0.242393 -0.181126 -0.010942
v 0.272435 -0.211167 -0.006871
v 0.253116 -0.191849 0.005368
v 0.262776 -0.201509 0.005368
v 0.272435 -0.211167 -0.002791
v 0.272435 -0.211167 0.001288
v 0.272435 -0.211168 0.005368
v 0.272435 -0.211168 -0.010950
v 0.231670 -0.191849 0.005368
v 0.222010 -0.201509 0.005368
v 0.241329 -0.182190 0.005368
v 0.241329 -0.182190 -0.010950
v 0.222010 -0.201508 -0.010950
v 0.231670 -0.191849 -0.010950
v 0.220283 -0.203236 0.005368
v 0.220283 -0.203236 -0.010950
v 0.212351 -0.211168 -0.010950
v 0.212351 -0.211167 -0.006871
v 0.212351 -0.211168 0.005368
v 0.212351 -0.211167 -0.002791
v 0.212351 -0.211167 0.001288
v 0.181926 -0.181126 0.005360
v 0.182990 -0.182190 0.005368
v 0.181926 -0.181126 -0.010942
v 0.182990 -0.182190 -0.010950
v 0.202308 -0.201508 -0.010950
v 0.192649 -0.191849 -0.010950
v 0.202308 -0.201509 0.005368
v 0.192649 -0.191849 0.005368
v 0.211968 -0.211168 -0.010950
v 0.211967 -0.211167 -0.006871
v 0.211968 -0.211168 0.005368
v 0.211967 -0.211167 -0.002791
v 0.211967 -0.211167 0.001288
v 0.151884 -0.211168 -0.010950
v 0.151884 -0.211167 -0.006871
v 0.151884 -0.211168 0.005368
v 0.151884 -0.211167 -0.002791
v 0.151884 -0.211167 0.001288
v 0.161543 -0.201508 -0.010950
v 0.171202 -0.191849 -0.010950
v 0.161543 -0.201508 0.005368
v 0.171202 -0.191849 0.005368
v 0.180861 -0.182190 0.005368
v 0.180862 -0.182190 -0.010950
v 0.121458 -0.181126 0.005360
v 0.122522 -0.182190 0.005368
v 0.121458 -0.181126 -0.010942
v 0.122522 -0.182190 -0.010950
v 0.141841 -0.201508 -0.010950
v 0.132182 -0.191849 -0.010950
v 0.141841 -0.201509 0.005368
v 0.132182 -0.191849 0.005368
v 0.151500 -0.211168 -0.010950
v 0.151500 -0.211167 -0.006871
v 0.151500 -0.211168 0.005368
v 0.151500 -0.211167 -0.002791
v 0.151500 -0.211167 0.001288
v 0.101075 -0.201509 0.005368
v 0.110735 -0.191849 0.005368
v 0.120394 -0.182190 0.005368
v 0.120394 -0.182190 -0.010950
v 0.091416 -0.211168 -0.010950
v 0.091416 -0.211167 -0.006871
v 0.091416 -0.211168 0.005368
v 0.091416 -0.211167 -0.002791
v 0.091416 -0.211167 0.001288
v 0.101076 -0.201508 -0.010950
v 0.110735 -0.191849 -0.010950
v 0.060991 -0.181126 0.005360
v 0.062055 -0.182190 0.005368
v 0.060991 -0.181126 -0.010942
v 0.062055 -0.182190 -0.010950
v 0.081373 -0.201508 -0.010950
v 0.071714 -0.191849 -0.010950
v 0.081373 -0.201508 0.005368
v 0.071714 -0.191849 0.005368
v 0.091033 -0.211168 -0.010950
v 0.091033 -0.211167 -0.006871
v 0.091033 -0.211168 0.005368
v 0.091033 -0.211167 -0.002791
v 0.091033 -0.211167 0.001288
v 0.030949 -0.211168 -0.010950
v 0.030949 -0.211167 -0.006871
v 0.030949 -0.211168 0.005368
v 0.030949 -0.211167 -0.002791
v 0.030949 -0.211167 0.001288
v 0.040608 -0.201508 -0.010950
v 0.050267 -0.191849 -0.010950
v 0.040608 -0.201508 0.005368
v 0.050267 -0.191849 0.005368
v 0.059927 -0.182190 0.005368
v 0.059927 -0.182190 -0.010950
v 0.003838 -0.184440 0.005368
v 0.020906 -0.201508 -0.010950
v 0.011247 -0.191849 -0.010950
v 0.003838 -0.184440 -0.010950
v 0.001587 -0.182190 -0.010950
v 0.000523 -0.181126 -0.010942
v 0.000523 -0.181126 0.005360
v 0.001588 -0.182190 0.005368
v 0.020906 -0.201508 0.005368
v 0.011247 -0.191849 0.005368
v 0.030565 -0.211168 -0.010950
v 0.030565 -0.211167 -0.006871
v 0.030565 -0.211168 0.005368
v 0.030565 -0.211167 -0.002791
v 0.030565 -0.211167 0.001288
v -0.000541 -0.182190 -0.010950
v -0.019859 -0.201508 0.005368
v -0.000541 -0.182190 0.005368
v -0.010200 -0.191849 0.005368
v -0.029519 -0.211167 -0.010950
v -0.029518 -0.211167 -0.006871
v -0.010200 -0.191849 -0.010950
v -0.029518 -0.211167 -0.002791
v -0.029519 -0.211167 0.005368
v -0.029518 -0.211167 0.001288
v -0.019859 -0.201508 -0.010950
v -0.029902 -0.211168 -0.010950
v -0.029902 -0.211167 -0.006871
v -0.029902 -0.211167 -0.002791
v -0.039561 -0.201508 0.005368
v -0.029902 -0.211168 0.005368
v -0.049220 -0.191849 0.005368
v -0.029902 -0.211167 0.001288
v -0.059944 -0.181126 -0.010942
v -0.058880 -0.182190 -0.010950
v -0.049220 -0.191849 -0.010950
v -0.059944 -0.181126 0.005360
v -0.058880 -0.182190 0.005368
v -0.039561 -0.201508 -0.010950
v -0.061008 -0.182190 -0.010950
v -0.080327 -0.201508 0.005368
v -0.061008 -0.182190 0.005368
v -0.070668 -0.191849 0.005368
v -0.089986 -0.211168 -0.010950
v -0.089986 -0.211167 -0.006871
v -0.070668 -0.191849 -0.010950
v -0.089986 -0.211167 -0.002791
v -0.089986 -0.211168 0.005368
v -0.089986 -0.211167 0.001288
v -0.080327 -0.201508 -0.010950
v -0.120411 -0.181126 -0.010942
v -0.119347 -0.182190 -0.010950
v -0.109688 -0.191849 -0.010950
v -0.120411 -0.181126 0.005360
v -0.119347 -0.182190 0.005368
v -0.100029 -0.201508 -0.010950
v -0.090369 -0.211167 -0.010950
v -0.090370 -0.211167 -0.006871
v -0.090370 -0.211167 -0.002791
v -0.100029 -0.201508 0.005368
v -0.090369 -0.211167 0.005368
v -0.109688 -0.191849 0.005368
v -0.090370 -0.211167 0.001288
v -0.121475 -0.182190 -0.010950
v -0.140794 -0.201508 0.005368
v -0.121476 -0.182190 0.005368
v -0.131135 -0.191849 0.005368
v -0.150453 -0.211168 -0.010950
v -0.150453 -0.211167 -0.006871
v -0.131135 -0.191849 -0.010950
v -0.150453 -0.211167 -0.002791
v -0.150453 -0.211168 0.005368
v -0.150453 -0.211167 0.001288
v -0.140794 -0.201508 -0.010950
v -0.180879 -0.181126 -0.010942
v -0.179815 -0.182190 -0.010950
v -0.170155 -0.191849 -0.010950
v -0.180879 -0.181126 0.005360
v -0.179815 -0.182190 0.005368
v -0.160496 -0.201508 -0.010950
v -0.150837 -0.211168 -0.010950
v -0.150837 -0.211167 -0.006871
v -0.150837 -0.211167 -0.002791
v -0.160496 -0.201508 0.005368
v -0.150837 -0.211168 0.005368
v -0.170155 -0.191849 0.005368
v -0.150837 -0.211167 0.001288
v -0.181943 -0.182190 -0.010950
v -0.201261 -0.201508 0.005368
v -0.181943 -0.182190 0.005368
v -0.191602 -0.191849 0.005368
v -0.210921 -0.211168 -0.010950
v -0.210921 -0.211167 -0.006871
v -0.191602 -0.191849 -0.010950
v -0.210921 -0.211167 -0.002791
v -0.210921 -0.211168 0.005368
v -0.210921 -0.211167 0.001288
v -0.201261 -0.201508 -0.010950
v -0.220964 -0.201508 -0.010950
v -0.230623 -0.191849 -0.010950
v -0.240282 -0.182190 0.005368
v -0.241346 -0.181126 -0.010942
v -0.240282 -0.182190 -0.010950
v -0.241346 -0.181126 0.005360
v -0.211304 -0.211168 -0.010950
v -0.211304 -0.211167 -0.006871
v -0.211304 -0.211167 -0.002791
v -0.212608 -0.209864 0.005368
v -0.211304 -0.211168 0.005368
v -0.212608 -0.209864 -0.010950
v -0.211304 -0.211167 0.001288
v -0.230623 -0.191849 0.005368
v -0.220964 -0.201508 0.005368
v -0.252070 -0.191849 0.005368
v -0.261729 -0.201508 0.005368
v -0.242410 -0.182190 0.005368
v -0.242410 -0.182190 -0.010950
v -0.261729 -0.201508 -0.010950
v -0.252070 -0.191849 -0.010950
v -0.271388 -0.211168 -0.010950
v -0.271388 -0.211167 0.001288
v -0.271388 -0.211167 -0.002791
v -0.271388 -0.211168 0.005368
v -0.271388 -0.211167 -0.006871
v -0.271772 -0.211168 -0.010950
v -0.271772 -0.211167 0.001288
v -0.271772 -0.211167 -0.002791
v -0.291090 -0.191849 0.005368
v -0.281431 -0.201508 0.005368
v -0.271772 -0.211168 0.005368
v -0.271772 -0.211167 -0.006871
v -0.281431 -0.201508 -0.010950
v -0.291090 -0.191849 -0.010950
v -0.300749 -0.182190 0.005368
v -0.301814 -0.181126 -0.010942
v -0.300750 -0.182190 -0.010950
v -0.301814 -0.181126 0.005360
v -0.312537 -0.191849 0.005368
v -0.322196 -0.201508 0.005368
v -0.302878 -0.182190 0.005368
v -0.302878 -0.182190 -0.010950
v -0.322196 -0.201508 -0.010950
v -0.312537 -0.191849 -0.010950
v -0.331856 -0.211168 -0.010950
v -0.331855 -0.211167 0.001288
v -0.331855 -0.211167 -0.002791
v -0.331856 -0.211168 0.005368
v -0.331855 -0.211167 -0.006871
v -0.332239 -0.211168 -0.010950
v -0.332239 -0.211167 0.001288
v -0.332239 -0.211167 -0.002791
v -0.351557 -0.191849 0.005368
v -0.341898 -0.201508 0.005368
v -0.332239 -0.211168 0.005368
v -0.332239 -0.211167 -0.006871
v -0.341898 -0.201508 -0.010950
v -0.351558 -0.191849 -0.010950
v -0.361217 -0.182190 0.005368
v -0.362281 -0.181126 -0.010942
v -0.361217 -0.182190 -0.010950
v -0.362281 -0.181126 0.005360
v -0.382664 -0.201508 -0.010950
v -0.373004 -0.191849 -0.010950
v -0.392323 -0.211168 -0.010950
v -0.392323 -0.211167 0.001288
v -0.392323 -0.211167 -0.002791
v -0.392323 -0.211168 0.005368
v -0.392323 -0.211167 -0.006871
v -0.373004 -0.191849 0.005368
v -0.382664 -0.201508 0.005368
v -0.363345 -0.182190 0.005368
v -0.363345 -0.182190 -0.010950
v -0.392706 -0.211168 -0.010950
v -0.392707 -0.211167 0.001288
v -0.392707 -0.211167 -0.002791
v -0.412025 -0.191849 0.005368
v -0.402366 -0.201508 0.005368
v -0.392706 -0.211168 0.005368
v -0.392707 -0.211167 -0.006871
v -0.402366 -0.201508 -0.010950
v -0.412025 -0.191849 -0.010950
v -0.417379 -0.186495 0.005368
v -0.417379 -0.186495 -0.010950
v -0.421684 -0.182190 0.005368
v -0.422748 -0.181126 0.005360
v -0.422748 -0.181126 -0.010942
v -0.421684 -0.182190 -0.010950
v -0.423812 -0.182190 0.005368
v -0.443131 -0.201508 0.005368
v -0.433472 -0.191849 0.005368
v -0.423812 -0.182190 -0.010950
v -0.452790 -0.211168 0.005368
v -0.452790 -0.211168 -0.010950
v -0.452790 -0.211167 0.001288
v -0.452790 -0.211167 -0.006871
v -0.433472 -0.191849 -0.010950
v -0.452790 -0.211167 -0.002791
v -0.443131 -0.201508 -0.010950
v -0.482152 -0.182190 0.005368
v -0.483216 -0.181126 0.005360
v -0.472492 -0.191849 -0.010950
v -0.483216 -0.181126 -0.010942
v -0.482152 -0.182190 -0.010950
v -0.462833 -0.201508 -0.010950
v -0.453174 -0.211168 0.005368
v -0.453174 -0.211168 -0.010950
v -0.462833 -0.201508 0.005368
v -0.453174 -0.211167 0.001288
v -0.453174 -0.211167 -0.006871
v -0.472492 -0.191849 0.005368
v -0.453174 -0.211167 -0.002791
v -0.513258 -0.211168 0.005368
v -0.513258 -0.211168 -0.010950
v -0.513258 -0.211167 0.001288
v -0.513258 -0.211167 -0.006871
v -0.493939 -0.191849 -0.010950
v -0.513258 -0.211167 -0.002791
v -0.503598 -0.201508 -0.010950
v -0.484280 -0.182190 0.005368
v -0.503598 -0.201508 0.005368
v -0.493939 -0.191849 0.005368
v -0.484280 -0.182190 -0.010950
v -0.542619 -0.182190 0.005368
v -0.543683 -0.181126 0.005360
v -0.532960 -0.191849 -0.010950
v -0.543683 -0.181126 -0.010942
v -0.542619 -0.182190 -0.010950
v -0.523301 -0.201508 -0.010950
v -0.513641 -0.211168 0.005368
v -0.513641 -0.211168 -0.010950
v -0.523301 -0.201508 0.005368
v -0.513641 -0.211167 0.001288
v -0.513641 -0.211167 -0.006871
v -0.532960 -0.191849 0.005368
v -0.513641 -0.211167 -0.002791
v -0.544747 -0.182190 0.005368
v -0.564066 -0.201508 0.005368
v -0.554407 -0.191849 0.005368
v -0.544747 -0.182190 -0.010950
v -0.573725 -0.211168 0.005368
v -0.573725 -0.211168 -0.010950
v -0.573725 -0.211168 0.001288
v -0.573725 -0.211167 -0.006871
v -0.554407 -0.191849 -0.010950
v -0.573725 -0.211167 -0.002791
v -0.564066 -0.201508 -0.010950
v -0.598803 -0.186474 0.005368
v -0.598803 -0.186474 -0.010950
v -0.593427 -0.191849 -0.010950
v -0.583768 -0.201508 -0.010950
v -0.603086 -0.182190 0.005368
v -0.604151 -0.181126 0.005360
v -0.603086 -0.182190 -0.010950
v -0.604151 -0.181126 -0.010942
v -0.574109 -0.211168 0.005368
v -0.574109 -0.211168 -0.010950
v -0.583768 -0.201508 0.005368
v -0.574109 -0.211168 0.001288
v -0.574109 -0.211167 -0.006871
v -0.593427 -0.191849 0.005368
v -0.574109 -0.211167 -0.002791
v -0.634192 -0.211168 0.001288
v -0.634192 -0.211167 -0.002791
v -0.624533 -0.201508 -0.010950
v -0.634192 -0.211168 -0.010950
v -0.634192 -0.211168 0.005368
v -0.634192 -0.211167 -0.006871
v -0.614874 -0.191849 -0.010950
v -0.624533 -0.201508 0.005368
v -0.605215 -0.182190 0.005368
v -0.614874 -0.191849 0.005368
v -0.605215 -0.182190 -0.010950
v -0.663554 -0.182190 0.005368
v -0.664618 -0.181126 0.005360
v -0.663554 -0.182190 -0.010950
v -0.644235 -0.201508 -0.010950
v -0.664618 -0.181126 -0.010942
v -0.653894 -0.191849 -0.010950
v -0.644235 -0.201508 0.005368
v -0.653894 -0.191849 0.005368
v -0.634576 -0.211168 0.001288
v -0.634576 -0.211167 -0.002791
v -0.634576 -0.211168 -0.010950
v -0.634576 -0.211168 0.005368
v -0.634576 -0.211167 -0.006871
v -0.694660 -0.211167 0.001288
v -0.694660 -0.211167 -0.002791
v -0.685001 -0.201508 -0.010950
v -0.694660 -0.211168 -0.010950
v -0.694660 -0.211168 0.005368
v -0.694660 -0.211167 -0.006871
v -0.675342 -0.191849 -0.010950
v -0.685001 -0.201508 0.005368
v -0.665682 -0.182190 0.005368
v -0.675341 -0.191849 0.005368
v -0.665682 -0.182190 -0.010950
v -0.724021 -0.182190 0.005368
v -0.725085 -0.181126 0.005360
v -0.724021 -0.182190 -0.010950
v -0.704703 -0.201508 -0.010950
v -0.725085 -0.181126 -0.010942
v -0.714362 -0.191849 -0.010950
v -0.704703 -0.201508 0.005368
v -0.714362 -0.191849 0.005368
v -0.695044 -0.211167 0.001288
v -0.695044 -0.211167 -0.002791
v -0.695043 -0.211167 -0.010950
v -0.695043 -0.211167 0.005368
v -0.695044 -0.211167 -0.006871
v -0.726149 -0.182190 0.005368
v -0.735809 -0.191849 0.005368
v -0.745205 -0.201245 0.005368
v -0.726149 -0.182190 -0.010950
v -0.745468 -0.201508 0.005368
v -0.735809 -0.191849 -0.010950
v -0.745205 -0.201245 -0.010950
v -0.755127 -0.211167 -0.002791
v -0.745468 -0.201508 -0.010950
v -0.755127 -0.211167 0.001288
v -0.755127 -0.211167 -0.006871
v -0.755127 -0.211168 -0.010950
v -0.755127 -0.211168 0.005368
v -0.774829 -0.191849 -0.010950
v -0.765170 -0.201508 -0.010950
v -0.784488 -0.182190 0.005368
v -0.785553 -0.181126 -0.010941
v -0.784489 -0.182190 -0.010950
v -0.785553 -0.181126 0.005359
v -0.755511 -0.211167 -0.002791
v -0.755511 -0.211167 0.001288
v -0.774829 -0.191849 0.005368
v -0.765170 -0.201508 0.005368
v -0.755511 -0.211167 -0.006871
v -0.755511 -0.211168 -0.010950
v -0.755511 -0.211168 0.005368
v -0.796276 -0.191849 -0.010950
v -0.815594 -0.211167 -0.002791
v -0.805935 -0.201508 -0.010950
v -0.815594 -0.211167 0.001288
v -0.815594 -0.211167 -0.006871
v -0.815595 -0.211168 -0.010950
v -0.815595 -0.211168 0.005368
v -0.796276 -0.191849 0.005368
v -0.786617 -0.182190 0.005368
v -0.805935 -0.201508 0.005368
v -0.786617 -0.182190 -0.010950
v -0.835297 -0.191849 -0.010950
v -0.825638 -0.201508 -0.010950
v -0.844956 -0.182190 0.005368
v -0.846020 -0.181126 -0.010942
v -0.844956 -0.182190 -0.010950
v -0.846020 -0.181126 0.005359
v -0.815978 -0.211167 -0.002791
v -0.815978 -0.211167 0.001288
v -0.835297 -0.191849 0.005368
v -0.825638 -0.201508 0.005368
v -0.815978 -0.211167 -0.006871
v -0.815978 -0.211168 -0.010950
v -0.815978 -0.211168 0.005368
v -0.876062 -0.211167 -0.002791
v -0.876062 -0.211168 -0.006871
v -0.856744 -0.191849 -0.010950
v -0.876062 -0.211167 0.001288
v -0.866403 -0.201508 -0.010950
v -0.876062 -0.211168 -0.010950
v -0.876062 -0.211168 0.005368
v -0.847084 -0.182190 0.005368
v -0.848803 -0.183908 0.005368
v -0.847084 -0.182190 -0.010950
v -0.848803 -0.183908 -0.010950
v -0.866403 -0.201508 0.005368
v -0.856744 -0.191849 0.005368
v -0.886105 -0.201508 0.005368
v -0.876446 -0.211167 -0.002791
v -0.876446 -0.211167 -0.006871
v -0.876446 -0.211167 0.001288
v -0.895764 -0.191849 0.005368
v -0.876446 -0.211168 -0.010950
v -0.876446 -0.211168 0.005368
v -0.906488 -0.181126 -0.010940
v -0.905423 -0.182190 -0.010950
v -0.895764 -0.191849 -0.010950
v -0.886105 -0.201509 -0.010950
v -0.905423 -0.182190 0.005368
v -0.906488 -0.181126 0.005358
v -0.917211 -0.191849 -0.010950
v -0.917379 -0.192017 -0.010950
v -0.926870 -0.201508 -0.010950
v -0.936529 -0.211167 0.001288
v -0.936530 -0.211168 -0.006871
v -0.936529 -0.211167 -0.002791
v -0.936529 -0.211168 0.005368
v -0.936529 -0.211168 -0.010950
v -0.907552 -0.182190 -0.010950
v -0.917211 -0.191849 0.005368
v -0.917379 -0.192017 0.005368
v -0.907552 -0.182190 0.005368
v -0.926870 -0.201508 0.005368
v -0.956231 -0.191849 0.005368
v -0.946572 -0.201508 0.005368
v -0.936913 -0.211168 0.001288
v -0.936913 -0.211168 -0.006871
v -0.936913 -0.211167 -0.002791
v -0.936913 -0.211168 0.005368
v -0.936913 -0.211167 -0.010950
v -0.962608 -0.185473 0.005368
v -0.946572 -0.201508 -0.010950
v -0.962608 -0.185473 -0.010950
v -0.956231 -0.191849 -0.010950
v -0.965891 -0.182190 -0.010950
v -0.966955 -0.181126 -0.010950
v -0.965891 -0.182190 0.005368
v -0.966955 -0.181126 0.005368
v -0.987338 -0.201508 -0.010950
v -0.996163 -0.210333 -0.010950
v -0.977679 -0.191849 -0.010950
v -0.996163 -0.210333 0.005368
v -0.996163 -0.210333 -0.002791
v -0.996163 -0.210333 -0.006871
v -0.996163 -0.210333 0.001288
v -0.987338 -0.201508 0.005368
v -0.968019 -0.182190 -0.010950
v -0.977679 -0.191849 0.005368
v -0.968019 -0.182190 0.005368
vn -0.2776 -0.3371 0.8996
vn -0.8647 0.1438 0.4813
vn -0.9716 0.0850 0.2208
vn -0.7134 -0.0287 0.7001
vn -0.9889 0.1489 -0.0000
vn -0.9970 0.0768 -0.0000
vn -0.8647 0.1438 -0.4813
vn -0.9716 0.0850 -0.2208
vn -0.2776 -0.3371 -0.8996
vn -0.7134 -0.0287 -0.7001
vn -0.0034 -0.7087 0.7055
vn -0.0086 -0.6850 0.7285
vn -0.0047 -0.3502 0.9367
vn -0.0018 -0.3632 0.9317
vn -0.0224 -0.6406 0.7675
vn -0.0126 -0.3254 0.9455
vn -0.0549 -0.5482 0.8346
vn -0.0375 -0.2674 0.9629
vn -0.0000 0.0042 -1.0000
vn -0.0000 -0.0000 -1.0000
vn -0.0001 0.0069 -1.0000
vn -0.0001 0.0049 -1.0000
vn 0.0004 0.0043 -1.0000
vn -0.0000 0.1408 -0.9900
vn -0.0000 0.0040 -1.0000
vn -0.0000 0.0065 -1.0000
vn -0.0000 0.0080 -1.0000
vn -0.0003 0.1465 -0.9892
vn -0.0001 0.0086 -1.0000
vn -0.0016 0.1742 -0.9847
vn -0.0027 0.2881 -0.9576
vn 0.0014 0.0050 -1.0000
vn 0.0018 0.0062 -1.0000
vn 0.0009 0.0031 -1.0000
vn -0.0034 -0.7087 -0.7055
vn -0.0014 -0.7215 -0.6924
vn -0.0007 -0.3703 -0.9289
vn -0.0018 -0.3632 -0.9317
vn -0.0005 -0.7279 -0.6856
vn -0.0003 -0.3739 -0.9275
vn -0.0001 -0.7306 -0.6828
vn -0.0001 -0.3754 -0.9269
vn -0.0000 -0.7312 -0.6822
vn -0.0000 -0.3757 -0.9267
vn -0.0000 0.0040 1.0000
vn -0.0000 -0.0000 1.0000
vn -0.0000 0.0064 1.0000
vn -0.0000 0.1408 0.9900
vn -0.0000 0.0079 1.0000
vn -0.0000 0.1402 0.9901
vn -0.9999 0.0149 0.0071
vn -1.0000 -0.0000 -0.0000
vn -0.9998 0.0183 -0.0000
vn -0.9999 0.0149 -0.0071
vn -0.9982 0.0232 0.0550
vn -0.9996 0.0116 0.0275
vn -0.9994 0.0298 0.0149
vn -0.9993 0.0366 -0.0000
vn -0.9994 0.0298 -0.0149
vn -0.9996 0.0116 -0.0275
vn -0.9982 0.0232 -0.0550
vn 0.0004 0.0043 1.0000
vn -0.0001 0.0049 1.0000
vn -0.0001 0.0069 1.0000
vn 0.0018 0.0062 1.0000
vn 0.0009 0.0031 1.0000
vn 0.0014 0.0050 1.0000
vn -0.0027 0.2882 0.9576
vn -0.0016 0.1742 0.9847
vn -0.0001 0.0086 1.0000
vn -0.0000 0.0042 1.0000
vn -0.0003 0.1465 0.9892
vn -0.0000 0.0065 1.0000
vn -0.0000 0.0080 1.0000
vn -0.0549 -0.5482 -0.8346
vn -0.0375 -0.2674 -0.9629
vn -0.0224 -0.6406 -0.7675
vn -0.0126 -0.3254 -0.9455
vn -0.0086 -0.6850 -0.7285
vn -0.0047 -0.3502 -0.9367
vn -0.0000 0.0064 -1.0000
vn -0.0000 0.1402 -0.9901
vn -0.0000 0.0079 -1.0000
vn -0.0000 -0.7312 0.6822
vn -0.0001 -0.7306 0.6828
vn -0.0001 -0.3754 0.9269
vn -0.0000 -0.3757 0.9267
vn -0.0005 -0.7279 0.6856
vn -0.0003 -0.3739 0.9275
vn -0.0014 -0.7215 0.6924
vn -0.0007 -0.3703 0.9289
vn -0.0000 -0.0196 -0.9998
vn -0.0000 -0.0195 -0.9998
vn -0.0001 -0.0191 -0.9998
vn -0.0000 -0.0062 -1.0000
vn -0.0002 -0.0184 -0.9998
vn -0.0000 -0.0063 -1.0000
vn -0.0000 -0.0124 -0.9999
vn -0.0000 -0.0125 -0.9999
vn -0.0053 -0.0103 0.9999
vn -0.0011 -0.0153 0.9999
vn -0.0005 -0.0172 0.9999
vn 0.0004 -0.0066 1.0000
vn -0.0001 -0.0077 1.0000
vn -0.0000 -0.0065 1.0000
vn -0.0089 -0.0064 0.9999
vn -0.0002 -0.0184 0.9998
vn -0.0000 -0.0063 1.0000
vn -0.0000 -0.0130 0.9999
vn -0.0000 -0.0125 0.9999
vn -0.0002 -0.0154 0.9999
vn 0.0006 -0.0138 0.9999
vn 0.0009 -0.0049 1.0000
vn 0.0018 -0.0097 1.0000
vn -1.0000 0.0029 0.0074
vn -1.0000 0.0033 -0.0000
vn -1.0000 0.0029 -0.0074
vn -0.9997 -0.0233 0.0072
vn -0.9996 -0.0286 -0.0000
vn -0.9997 -0.0233 -0.0072
vn -0.9996 0.0024 0.0278
vn -0.9996 0.0024 -0.0278
vn -0.9995 -0.0182 -0.0275
vn -0.8470 -0.5277 0.0640
vn -0.9978 -0.0364 -0.0550
vn -0.8828 -0.4698 -0.0000
vn -0.9988 -0.0468 0.0143
vn -0.9995 -0.0182 0.0275
vn -0.9978 -0.0364 0.0550
vn -0.0001 -0.0191 0.9998
vn -0.0000 -0.0195 0.9998
vn -0.0000 -0.0196 0.9998
vn -0.0000 -0.0062 1.0000
vn -0.0000 -0.0124 0.9999
vn -0.0005 -0.0172 -0.9999
vn -0.0011 -0.0153 -0.9999
vn -0.0053 -0.0103 -0.9999
vn -0.0000 -0.0065 -1.0000
vn -0.0001 -0.0077 -1.0000
vn 0.0004 -0.0066 -1.0000
vn -0.0089 -0.0064 -0.9999
vn 0.0009 -0.0049 -1.0000
vn 0.0006 -0.0138 -0.9999
vn 0.0018 -0.0097 -1.0000
vn -0.0002 -0.0154 -0.9999
vn -0.0000 -0.0130 -0.9999
vn -0.0000 -0.4470 -0.8945
vn -0.0000 -0.4224 -0.9064
vn -0.0000 -0.2499 -0.9683
vn -0.0000 -0.4092 -0.9125
vn -0.0001 -0.4485 -0.8938
vn -0.0000 -0.4108 -0.9117
vn -0.0001 -0.4234 -0.9060
vn -0.0001 -0.2502 -0.9682
vn -0.0000 -0.0018 -1.0000
vn -0.0001 -0.0018 -1.0000
vn -0.0183 -0.6139 0.7891
vn -0.0271 -0.5071 0.8614
vn -0.0066 -0.4576 0.8891
vn -0.0043 -0.5104 0.8599
vn -0.0013 -0.4319 0.9019
vn -0.0008 -0.4620 0.8869
vn -0.0296 -0.2689 0.9627
vn -0.0081 -0.2591 0.9658
vn -0.0016 -0.2524 0.9676
vn -0.1189 -0.9735 0.1955
vn -0.0688 -0.7969 0.6002
vn -0.0052 -0.7555 0.6551
vn -0.0030 -0.5007 0.8656
vn -0.0005 -0.4259 0.9048
vn -0.0001 -0.4485 0.8938
vn -0.0000 -0.4108 0.9117
vn -0.0001 -0.4233 0.9060
vn -0.0001 -0.2502 0.9682
vn -0.0018 -0.0018 1.0000
vn -0.0001 -0.0018 1.0000
vn -0.0089 -0.0018 1.0000
vn -0.0324 -0.0018 0.9995
vn -0.0913 -0.2751 0.9571
vn -0.0963 -0.0016 0.9954
vn -0.0915 -0.5697 0.8168
vn -0.2805 -0.9197 -0.2747
vn -0.3045 -0.6441 -0.7017
vn -0.5241 -0.8517 -0.0000
vn -0.4364 -0.8997 -0.0000
vn -0.3045 -0.6441 0.7017
vn -0.2805 -0.9197 0.2747
vn -0.2996 -0.2734 -0.9141
vn -0.8631 -0.5051 -0.0000
vn -0.2995 -0.2733 0.9141
vn -0.1189 -0.9735 -0.1955
vn -0.0688 -0.7969 -0.6002
vn -0.2729 -0.9515 -0.1424
vn -0.3109 -0.0013 0.9505
vn -1.0000 -0.0022 -0.0000
vn -0.3109 -0.0013 -0.9505
vn -0.0913 -0.2751 -0.9571
vn -0.0963 -0.0016 -0.9954
vn -0.0914 -0.5697 -0.8168
vn -0.0000 -0.4470 0.8945
vn -0.0000 -0.4224 0.9064
vn -0.0000 -0.2499 0.9683
vn -0.0000 -0.4092 0.9125
vn -0.0000 -0.0018 1.0000
vn -0.0008 -0.4620 -0.8869
vn -0.0013 -0.4319 -0.9019
vn -0.0066 -0.4576 -0.8891
vn -0.0043 -0.5105 -0.8599
vn -0.0271 -0.5071 -0.8614
vn -0.0183 -0.6139 -0.7891
vn -0.0016 -0.2524 -0.9676
vn -0.0081 -0.2591 -0.9658
vn -0.0296 -0.2689 -0.9627
vn -0.0005 -0.4259 -0.9048
vn -0.0030 -0.5007 -0.8656
vn -0.0052 -0.7555 -0.6551
vn -0.0324 -0.0018 -0.9995
vn -0.0089 -0.0018 -1.0000
vn -0.0018 -0.0018 -1.0000
vn -0.0000 0.2374 -0.9714
vn -0.0000 0.3932 -0.9194
vn -0.0000 0.3932 -0.9195
vn -0.0000 0.4055 -0.9141
vn -0.0001 0.2376 -0.9714
vn -0.0001 0.3941 -0.9190
vn -0.0001 0.4069 -0.9135
vn -0.0000 0.1840 -0.9829
vn -0.0000 0.1848 -0.9828
vn -0.0298 0.2556 0.9663
vn -0.0275 0.4758 0.8791
vn -0.0067 0.4275 0.9040
vn -0.0082 0.2462 0.9692
vn -0.0013 0.4024 0.9155
vn -0.0017 0.2398 0.9708
vn -0.0189 0.5697 0.8216
vn -0.0044 0.4667 0.8844
vn -0.0008 0.4197 0.9077
vn -0.0918 0.2615 0.9608
vn -0.0001 0.2376 0.9714
vn -0.0001 0.3941 0.9190
vn -0.0001 0.4069 0.9135
vn -0.0003 0.1917 0.9815
vn -0.0000 0.1848 0.9828
vn -0.0030 0.4480 0.8940
vn -0.0051 0.7090 0.7052
vn -0.0732 0.7618 0.6437
vn -0.1354 0.9669 0.2161
vn -0.0930 0.5383 0.8376
vn -0.3015 0.2593 -0.9175
vn -0.3124 0.6141 -0.7248
vn -0.5585 0.8295 -0.0000
vn -0.8765 0.4813 -0.0000
vn -0.3124 0.6141 0.7248
vn -0.3015 0.2593 0.9175
vn -0.3092 0.9028 -0.2988
vn -0.4829 0.8757 -0.0000
vn -0.3093 0.9028 0.2988
vn -0.0918 0.2615 -0.9608
vn -0.8582 0.5084 0.0708
vn -0.8944 0.4472 -0.0000
vn -0.3083 0.9381 -0.1578
vn -0.0732 0.7618 -0.6437
vn -0.1354 0.9669 -0.2161
vn -0.0930 0.5383 -0.8376
vn -0.0000 0.2374 0.9714
vn -0.0000 0.3932 0.9195
vn -0.0000 0.3932 0.9194
vn -0.0000 0.4055 0.9141
vn -0.0000 0.1840 0.9829
vn -0.0017 0.2398 -0.9708
vn -0.0013 0.4024 -0.9155
vn -0.0067 0.4275 -0.9040
vn -0.0082 0.2462 -0.9692
vn -0.0275 0.4758 -0.8791
vn -0.0298 0.2557 -0.9663
vn -0.0008 0.4197 -0.9077
vn -0.0044 0.4667 -0.8844
vn -0.0189 0.5697 -0.8216
vn -0.0051 0.7090 -0.7052
vn -0.0030 0.4480 -0.8940
vn -0.0003 0.1917 -0.9815
vn -0.0000 0.0051 -1.0000
vn -0.0000 -0.0051 -1.0000
vn -0.0000 -0.0102 -0.9999
vn -0.0000 -0.0103 -0.9999
vn 0.0004 0.0055 1.0000
vn -0.0001 0.0063 1.0000
vn -0.0000 0.0054 1.0000
vn 0.0004 -0.0055 1.0000
vn -0.0001 -0.0064 1.0000
vn -0.0000 -0.0054 1.0000
vn 0.0018 0.0080 1.0000
vn 0.0009 0.0040 1.0000
vn 0.0007 0.0113 0.9999
vn -0.0002 0.0126 0.9999
vn -0.0000 0.0051 1.0000
vn -0.0000 -0.0051 1.0000
vn -0.0000 -0.0107 0.9999
vn -0.0000 -0.0103 0.9999
vn -0.0002 -0.0127 0.9999
vn 0.0007 -0.0113 0.9999
vn 0.0009 -0.0040 1.0000
vn 0.0018 -0.0080 1.0000
vn -0.9998 0.0192 0.0072
vn -0.9997 0.0235 -0.0000
vn -0.9998 0.0192 -0.0072
vn -0.9998 -0.0192 0.0072
vn -0.9997 -0.0236 -0.0000
vn -0.9998 -0.0192 -0.0072
vn -0.9980 0.0299 0.0550
vn -0.9995 0.0149 0.0275
vn -0.9992 0.0383 0.0146
vn -0.9995 0.0149 -0.0275
vn -0.9980 0.0299 -0.0550
vn -0.9995 -0.0150 -0.0276
vn -0.9992 -0.0384 -0.0147
vn -0.9980 -0.0299 -0.0551
vn -0.9989 -0.0472 -0.0000
vn -0.9992 -0.0384 0.0147
vn -0.9995 -0.0150 0.0276
vn -0.9980 -0.0299 0.0551
vn -0.0000 -0.0102 0.9999
vn -0.0000 0.0054 -1.0000
vn -0.0001 0.0063 -1.0000
vn 0.0004 0.0055 -1.0000
vn -0.0000 -0.0054 -1.0000
vn -0.0001 -0.0064 -1.0000
vn 0.0004 -0.0055 -1.0000
vn -0.0002 0.0126 -0.9999
vn 0.0007 0.0113 -0.9999
vn 0.0009 0.0040 -1.0000
vn 0.0018 0.0080 -1.0000
vn 0.0009 -0.0040 -1.0000
vn 0.0007 -0.0113 -0.9999
vn 0.0018 -0.0080 -1.0000
vn -0.0002 -0.0127 -0.9999
vn -0.0000 -0.0107 -0.9999
vn -0.0000 -0.4423 -0.8969
vn -0.0000 -0.4160 -0.9093
vn -0.0000 -0.4161 -0.9093
vn -0.0000 -0.2335 -0.9723
vn -0.0000 -0.3966 -0.9180
vn -0.0000 -0.3965 -0.9180
vn -0.0001 -0.4438 -0.8961
vn -0.0000 -0.3981 -0.9173
vn -0.0001 -0.4170 -0.9089
vn -0.0001 -0.2338 -0.9723
vn -0.0001 -0.0065 -1.0000
vn -0.0181 -0.6093 0.7928
vn -0.0273 -0.4999 0.8656
vn -0.0067 -0.4509 0.8926
vn -0.0043 -0.5055 0.8628
vn -0.0013 -0.4255 0.9050
vn -0.0008 -0.4571 0.8894
vn -0.0297 -0.2523 0.9672
vn -0.0082 -0.2425 0.9701
vn -0.0017 -0.2360 0.9718
vn -0.1216 -0.9752 0.1851
vn -0.0680 -0.7963 0.6010
vn -0.0039 -0.7490 0.6626
vn -0.0030 -0.4865 0.8737
vn -0.0005 -0.4129 0.9108
vn -0.0001 -0.4438 0.8961
vn -0.0000 -0.3981 0.9173
vn -0.0001 -0.4170 0.9089
vn -0.0001 -0.2338 0.9723
vn -0.0018 -0.0065 1.0000
vn -0.0001 -0.0065 1.0000
vn -0.0089 -0.0065 0.9999
vn -0.0327 -0.0063 0.9994
vn -0.0915 -0.2591 0.9615
vn -0.0972 -0.0058 0.9953
vn -0.0920 -0.5625 0.8217
vn -0.2838 -0.9204 -0.2690
vn -0.3062 -0.6374 -0.7071
vn -0.3928 -0.8271 -0.4019
vn -0.4447 -0.8957 -0.0000
vn -0.3928 -0.8271 0.4019
vn -0.3062 -0.6374 0.7071
vn -0.2838 -0.9204 0.2690
vn -0.3006 -0.2584 -0.9181
vn -0.4976 -0.2741 -0.8230
vn -0.4920 -0.4218 -0.7616
vn -0.4920 -0.4218 0.7616
vn -0.4975 -0.2741 0.8230
vn -0.3006 -0.2584 0.9181
vn -0.1216 -0.9752 -0.1851
vn -0.0680 -0.7963 -0.6010
vn -0.2814 -0.9497 -0.1376
vn -0.4518 -0.8921 -0.0000
vn -0.2814 -0.9497 0.1376
vn -0.3128 -0.0046 0.9498
vn -0.4864 -0.0038 0.8737
vn -0.3128 -0.0046 -0.9498
vn -0.4864 -0.0038 -0.8737
vn -0.0915 -0.2591 -0.9615
vn -0.0972 -0.0058 -0.9953
vn -0.0920 -0.5625 -0.8217
vn -0.0000 -0.4423 0.8969
vn -0.0000 -0.4160 0.9093
vn -0.0000 -0.4161 0.9093
vn -0.0000 -0.2335 0.9723
vn -0.0000 -0.3965 0.9180
vn -0.0000 -0.3966 0.9180
vn -0.0008 -0.4572 -0.8894
vn -0.0013 -0.4255 -0.9050
vn -0.0067 -0.4509 -0.8926
vn -0.0043 -0.5056 -0.8628
vn -0.0273 -0.5000 -0.8656
vn -0.0181 -0.6093 -0.7928
vn -0.0017 -0.2360 -0.9718
vn -0.0082 -0.2425 -0.9701
vn -0.0297 -0.2523 -0.9672
vn -0.0005 -0.4129 -0.9108
vn -0.0030 -0.4865 -0.8737
vn -0.0039 -0.7489 -0.6626
vn -0.0327 -0.0063 -0.9994
vn -0.0089 -0.0065 -0.9999
vn -0.0018 -0.0065 -1.0000
vn -0.0000 0.1866 -0.9824
vn -0.0000 0.3027 -0.9531
vn -0.0000 0.3089 -0.9511
vn -0.0001 0.1868 -0.9824
vn -0.0001 0.3035 -0.9528
vn -0.0001 0.3101 -0.9507
vn -0.0305 0.2023 0.9789
vn -0.0284 0.3747 0.9267
vn -0.0070 0.3326 0.9431
vn -0.0084 0.1941 0.9809
vn -0.0014 0.3105 0.9506
vn -0.0017 0.1886 0.9820
vn -0.0208 0.4568 0.8893
vn -0.0047 0.3614 0.9324
vn -0.0008 0.3207 0.9472
vn -0.0937 0.2070 0.9739
vn -0.0001 0.1868 0.9824
vn -0.0001 0.3035 0.9528
vn -0.0001 0.3101 0.9507
vn -0.0780 0.6248 0.7768
vn -0.0067 0.6284 0.7779
vn -0.0972 0.4331 0.8961
vn -0.3086 0.2046 -0.9289
vn -0.3352 0.5083 -0.7932
vn -0.5204 0.5709 -0.6350
vn -0.5058 0.2119 -0.8363
vn -0.5058 0.2119 0.8362
vn -0.5204 0.5709 0.6350
vn -0.3353 0.5083 0.7932
vn -0.3086 0.2046 0.9289
vn -0.3882 0.8390 -0.3813
vn -0.6013 0.7990 -0.0000
vn -0.3882 0.8390 0.3813
vn -0.0937 0.2070 -0.9739
vn -0.3969 0.8937 0.2092
vn -0.2044 0.9589 0.1965
vn -0.6075 0.7943 -0.0000
vn -0.3969 0.8937 -0.2092
vn -0.2044 0.9589 -0.1965
vn -0.0972 0.4331 -0.8961
vn -0.0780 0.6248 -0.7769
vn -0.0000 0.1867 0.9824
vn -0.0000 0.3027 0.9531
vn -0.0000 0.1866 0.9824
vn -0.0000 0.3089 0.9511
vn -0.0017 0.1886 -0.9820
vn -0.0014 0.3105 -0.9506
vn -0.0070 0.3326 -0.9431
vn -0.0084 0.1941 -0.9809
vn -0.0284 0.3747 -0.9267
vn -0.0305 0.2023 -0.9789
vn -0.0008 0.3207 -0.9472
vn -0.0047 0.3614 -0.9324
vn -0.0208 0.4568 -0.8893
vn -0.0067 0.6284 -0.7779
vn 0.8647 0.1438 -0.4813
vn 0.9716 0.0850 -0.2208
vn 0.3741 -0.0393 -0.9266
vn 0.2776 -0.3371 -0.8996
vn 0.9889 0.1489 -0.0000
vn 0.9970 0.0768 -0.0000
vn 0.8647 0.1438 0.4813
vn 0.9716 0.0850 0.2208
vn 0.2776 -0.3371 0.8996
vn 0.3741 -0.0393 0.9266
vn 0.0549 -0.5482 0.8346
vn 0.0375 -0.2674 0.9629
vn 0.0224 -0.6406 0.7675
vn 0.0126 -0.3254 0.9455
vn 0.0086 -0.6850 0.7285
vn 0.0047 -0.3502 0.9367
vn 0.0034 -0.7087 0.7055
vn 0.0018 -0.3632 0.9317
vn 0.0001 0.0069 -1.0000
vn 0.0001 0.0049 -1.0000
vn 0.0003 0.0089 -1.0000
vn 0.0003 0.1465 -0.9892
vn -0.0004 0.0043 -1.0000
vn -0.0009 0.0031 -1.0000
vn 0.0027 0.2881 -0.9576
vn -0.0018 0.0062 -1.0000
vn 0.0016 0.1742 -0.9847
vn 0.0004 0.0110 -0.9999
vn 0.0001 0.0086 -1.0000
vn 0.0001 -0.7306 -0.6828
vn 0.0001 -0.3754 -0.9269
vn 0.0005 -0.7279 -0.6856
vn 0.0003 -0.3739 -0.9275
vn 0.0014 -0.7215 -0.6924
vn 0.0007 -0.3703 -0.9289
vn 0.0034 -0.7087 -0.7055
vn 0.0018 -0.3632 -0.9317
vn 0.9999 0.0149 0.0071
vn 0.9998 0.0183 -0.0000
vn 1.0000 -0.0000 -0.0000
vn 0.9999 0.0149 -0.0071
vn 0.9982 0.0232 0.0550
vn 0.9994 0.0298 0.0149
vn 0.9996 0.0116 0.0275
vn 0.9996 0.0116 -0.0275
vn 0.9994 0.0298 -0.0149
vn 0.9982 0.0232 -0.0550
vn 0.9993 0.0366 -0.0000
vn -0.0004 0.0043 1.0000
vn 0.0003 0.0089 1.0000
vn 0.0001 0.0049 1.0000
vn 0.0001 0.0069 1.0000
vn -0.0018 0.0062 1.0000
vn 0.0027 0.2881 0.9576
vn -0.0009 0.0031 1.0000
vn 0.0003 0.1465 0.9892
vn 0.0016 0.1743 0.9847
vn 0.0001 0.0086 1.0000
vn 0.0004 0.0110 0.9999
vn 0.0086 -0.6850 -0.7285
vn 0.0047 -0.3502 -0.9367
vn 0.0224 -0.6406 -0.7675
vn 0.0126 -0.3254 -0.9455
vn 0.0549 -0.5482 -0.8346
vn 0.0375 -0.2674 -0.9629
vn 0.0014 -0.7215 0.6924
vn 0.0007 -0.3703 0.9289
vn 0.0005 -0.7279 0.6856
vn 0.0003 -0.3739 0.9275
vn 0.0001 -0.7306 0.6828
vn 0.0001 -0.3754 0.9269
vn 0.0001 -0.0191 -0.9998
vn 0.0002 -0.0184 -0.9998
vn 0.0053 -0.0103 0.9999
vn 0.0011 -0.0153 0.9999
vn 0.0001 -0.0077 1.0000
vn -0.0004 -0.0066 1.0000
vn 0.0005 -0.0172 0.9999
vn 0.0089 -0.0064 0.9999
vn -0.0009 -0.0049 1.0000
vn -0.0006 -0.0138 0.9999
vn -0.0018 -0.0097 1.0000
vn 0.0002 -0.0154 0.9999
vn 0.0002 -0.0184 0.9998
vn 1.0000 0.0029 0.0074
vn 1.0000 0.0033 -0.0000
vn 0.9996 -0.0286 -0.0000
vn 0.9997 -0.0233 0.0072
vn 1.0000 0.0029 -0.0074
vn 0.9997 -0.0233 -0.0072
vn 0.9984 0.0049 0.0556
vn 0.9996 0.0024 0.0278
vn 0.9995 -0.0182 0.0275
vn 0.9988 -0.0468 0.0142
vn 0.9978 -0.0364 0.0550
vn 0.9984 -0.0573 -0.0000
vn 0.9988 -0.0468 -0.0142
vn 0.9995 -0.0182 -0.0275
vn 0.9978 -0.0364 -0.0550
vn 0.9996 0.0024 -0.0278
vn 0.9984 0.0049 -0.0556
vn 0.0001 -0.0191 0.9998
vn 0.0005 -0.0172 -0.9999
vn 0.0011 -0.0153 -0.9999
vn 0.0001 -0.0077 -1.0000
vn 0.0053 -0.0103 -0.9999
vn -0.0004 -0.0066 -1.0000
vn 0.0002 -0.0154 -0.9999
vn -0.0006 -0.0138 -0.9999
vn -0.0009 -0.0049 -1.0000
vn -0.0018 -0.0097 -1.0000
vn 0.0089 -0.0064 -0.9999
vn 0.0001 -0.2501 -0.9682
vn 0.0001 -0.0018 -1.0000
vn 0.0001 -0.4234 -0.9060
vn 0.0001 -0.4485 -0.8938
vn -0.0000 -0.4091 -0.9125
vn -0.0000 -0.4107 -0.9118
vn 0.0183 -0.6139 0.7891
vn 0.0043 -0.5105 0.8599
vn 0.0066 -0.4576 0.8891
vn 0.0271 -0.5072 0.8614
vn 0.0081 -0.2591 0.9658
vn 0.0296 -0.2688 0.9627
vn 0.0008 -0.4620 0.8869
vn 0.0013 -0.4319 0.9019
vn 0.0016 -0.2524 0.9676
vn 0.1190 -0.9735 0.1955
vn 0.0052 -0.7555 0.6551
vn 0.0688 -0.7969 0.6002
vn 0.0914 -0.5697 0.8168
vn 0.0913 -0.2751 0.9571
vn 0.0324 -0.0018 0.9995
vn 0.0963 -0.0016 0.9954
vn 0.0089 -0.0018 1.0000
vn 0.0018 -0.0018 1.0000
vn 0.0001 -0.2501 0.9682
vn 0.0001 -0.0018 1.0000
vn 0.0001 -0.4234 0.9060
vn 0.0001 -0.4485 0.8938
vn 0.0005 -0.4258 0.9048
vn -0.0000 -0.4107 0.9118
vn 0.0030 -0.5007 0.8656
vn 0.2805 -0.9197 -0.2746
vn 0.4365 -0.8997 -0.0000
vn 0.3952 -0.8248 -0.4043
vn 0.3045 -0.6441 -0.7017
vn 0.4874 -0.4396 -0.7545
vn 0.4952 -0.2898 -0.8190
vn 0.2995 -0.2733 -0.9141
vn 0.2805 -0.9197 0.2747
vn 0.3045 -0.6441 0.7017
vn 0.3952 -0.8248 0.4044
vn 0.4874 -0.4396 0.7545
vn 0.2996 -0.2733 0.9141
vn 0.4952 -0.2898 0.8190
vn 0.1189 -0.9735 -0.1955
vn 0.2729 -0.9515 -0.1424
vn 0.0688 -0.7969 -0.6002
vn 0.0914 -0.5697 -0.8168
vn 0.0913 -0.2751 -0.9571
vn 0.3109 -0.0013 -0.9505
vn 0.0963 -0.0016 -0.9954
vn 0.4864 -0.0011 -0.8737
vn 0.3109 -0.0013 0.9505
vn 0.4864 -0.0011 0.8737
vn 0.2729 -0.9515 0.1424
vn 0.4384 -0.8988 -0.0000
vn -0.0000 -0.4091 0.9125
vn 0.0008 -0.4620 -0.8869
vn 0.0043 -0.5105 -0.8599
vn 0.0066 -0.4576 -0.8891
vn 0.0013 -0.4319 -0.9019
vn 0.0081 -0.2591 -0.9658
vn 0.0016 -0.2524 -0.9676
vn 0.0183 -0.6139 -0.7891
vn 0.0271 -0.5071 -0.8614
vn 0.0296 -0.2688 -0.9627
vn 0.0005 -0.4259 -0.9048
vn 0.0018 -0.0018 -1.0000
vn 0.0089 -0.0018 -1.0000
vn 0.0324 -0.0018 -0.9995
vn 0.0052 -0.7555 -0.6551
vn 0.0030 -0.5007 -0.8656
vn 0.0001 0.4069 -0.9135
vn 0.0001 0.3941 -0.9190
vn 0.0001 0.2376 -0.9714
vn 0.0298 0.2556 0.9663
vn 0.0082 0.2462 0.9692
vn 0.0067 0.4275 0.9040
vn 0.0275 0.4758 0.8791
vn 0.0044 0.4667 0.8844
vn 0.0190 0.5697 0.8216
vn 0.0017 0.2398 0.9708
vn 0.0013 0.4024 0.9155
vn 0.0008 0.4197 0.9077
vn 0.0918 0.2615 0.9608
vn 0.0930 0.5383 0.8376
vn 0.0732 0.7618 0.6437
vn 0.0051 0.7090 0.7052
vn 0.1354 0.9669 0.2161
vn 0.0030 0.4480 0.8940
vn 0.0003 0.1917 0.9815
vn 0.0001 0.4069 0.9135
vn 0.0001 0.3941 0.9190
vn 0.0001 0.2376 0.9714
vn 0.3015 0.2593 -0.9175
vn 0.4978 0.2734 -0.8231
vn 0.4610 0.6847 -0.5646
vn 0.3124 0.6141 -0.7248
vn 0.4829 0.8757 -0.0000
vn 0.3092 0.9028 -0.2988
vn 0.4978 0.2734 0.8231
vn 0.3015 0.2593 0.9175
vn 0.3124 0.6141 0.7248
vn 0.4610 0.6847 0.5646
vn 0.3092 0.9028 0.2988
vn 0.0918 0.2614 -0.9608
vn 0.0930 0.5383 -0.8376
vn 0.0732 0.7618 -0.6437
vn 0.3083 0.9381 -0.1578
vn 0.1354 0.9669 -0.2161
vn 0.4896 0.8720 -0.0000
vn 0.3084 0.9381 0.1578
vn 0.0017 0.2398 -0.9708
vn 0.0082 0.2462 -0.9692
vn 0.0067 0.4275 -0.9040
vn 0.0013 0.4024 -0.9155
vn 0.0044 0.4667 -0.8844
vn 0.0008 0.4197 -0.9077
vn 0.0298 0.2556 -0.9663
vn 0.0275 0.4758 -0.8791
vn 0.0190 0.5697 -0.8216
vn 0.0003 0.1917 -0.9815
vn 0.0030 0.4480 -0.8940
vn 0.0051 0.7090 -0.7052
vn -0.0004 0.0055 1.0000
vn 0.0001 0.0063 1.0000
vn 0.0001 -0.0064 1.0000
vn -0.0004 -0.0055 1.0000
vn -0.0018 0.0080 1.0000
vn -0.0007 0.0113 0.9999
vn -0.0009 0.0040 1.0000
vn -0.0009 -0.0040 1.0000
vn -0.0007 -0.0113 0.9999
vn -0.0018 -0.0080 1.0000
vn 0.0002 -0.0127 0.9999
vn 0.0002 0.0126 0.9999
vn 0.9998 0.0192 0.0072
vn 0.9997 0.0235 -0.0000
vn 0.9997 -0.0236 -0.0000
vn 0.9998 -0.0192 0.0072
vn 0.9998 0.0192 -0.0072
vn 0.9998 -0.0192 -0.0072
vn 0.9980 0.0299 0.0550
vn 0.9992 0.0384 0.0146
vn 0.9995 0.0149 0.0275
vn 0.9995 -0.0150 0.0276
vn 0.9992 -0.0384 0.0147
vn 0.9980 -0.0299 0.0551
vn 0.9989 -0.0472 -0.0000
vn 0.9992 -0.0384 -0.0147
vn 0.9995 -0.0150 -0.0276
vn 0.9980 -0.0299 -0.0551
vn 0.9995 0.0149 -0.0275
vn 0.9992 0.0384 -0.0146
vn 0.9980 0.0299 -0.0550
vn 0.9989 0.0471 -0.0000
vn 0.0001 0.0063 -1.0000
vn 0.0001 -0.0064 -1.0000
vn -0.0004 0.0055 -1.0000
vn -0.0004 -0.0055 -1.0000
vn 0.0002 -0.0127 -0.9999
vn -0.0007 -0.0113 -0.9999
vn -0.0009 -0.0040 -1.0000
vn -0.0018 -0.0080 -1.0000
vn -0.0009 0.0040 -1.0000
vn -0.0007 0.0113 -0.9999
vn -0.0018 0.0080 -1.0000
vn 0.0002 0.0126 -0.9999
vn -0.0000 -0.2336 -0.9723
vn 0.0001 -0.2338 -0.9723
vn 0.0001 -0.0065 -1.0000
vn 0.0001 -0.4170 -0.9089
vn 0.0001 -0.4438 -0.8961
vn 0.0181 -0.6093 0.7927
vn 0.0043 -0.5055 0.8628
vn 0.0067 -0.4509 0.8926
vn 0.0273 -0.4999 0.8656
vn 0.0082 -0.2425 0.9701
vn 0.0297 -0.2523 0.9672
vn 0.0008 -0.4571 0.8894
vn 0.0013 -0.4254 0.9050
vn 0.0017 -0.2360 0.9718
vn 0.1216 -0.9752 0.1851
vn 0.0039 -0.7490 0.6626
vn 0.0680 -0.7963 0.6010
vn 0.0920 -0.5625 0.8217
vn 0.0915 -0.2591 0.9615
vn 0.0327 -0.0063 0.9994
vn 0.0972 -0.0058 0.9953
vn 0.0089 -0.0065 0.9999
vn 0.0018 -0.0065 1.0000
vn 0.0001 -0.2338 0.9723
vn 0.0001 -0.0065 1.0000
vn 0.0001 -0.4170 0.9089
vn 0.0001 -0.4438 0.8961
vn 0.0005 -0.4130 0.9107
vn 0.0030 -0.4865 0.8737
vn 0.2838 -0.9204 -0.2691
vn 0.4447 -0.8957 -0.0000
vn 0.3929 -0.8271 -0.4020
vn 0.3062 -0.6374 -0.7071
vn 0.4920 -0.4218 -0.7616
vn 0.4976 -0.2741 -0.8230
vn 0.3006 -0.2584 -0.9181
vn 0.2838 -0.9204 0.2691
vn 0.3062 -0.6374 0.7071
vn 0.3928 -0.8271 0.4020
vn 0.4920 -0.4218 0.7616
vn 0.3006 -0.2584 0.9181
vn 0.4976 -0.2741 0.8230
vn 0.1216 -0.9752 -0.1851
vn 0.2814 -0.9497 -0.1375
vn 0.0680 -0.7963 -0.6011
vn 0.0920 -0.5625 -0.8217
vn 0.0915 -0.2591 -0.9615
vn 0.3128 -0.0046 -0.9498
vn 0.0972 -0.0058 -0.9953
vn 0.4864 -0.0038 -0.8737
vn 0.3128 -0.0046 0.9498
vn 0.4864 -0.0038 0.8737
vn 0.2814 -0.9497 0.1375
vn 0.4517 -0.8922 -0.0000
vn 0.0008 -0.4571 -0.8894
vn 0.0043 -0.5055 -0.8628
vn 0.0067 -0.4509 -0.8926
vn 0.0013 -0.4254 -0.9050
vn 0.0082 -0.2425 -0.9701
vn 0.0017 -0.2360 -0.9718
vn 0.0181 -0.6093 -0.7928
vn 0.0273 -0.4999 -0.8656
vn 0.0297 -0.2523 -0.9672
vn 0.0005 -0.4130 -0.9107
vn 0.0018 -0.0065 -1.0000
vn 0.0089 -0.0065 -0.9999
vn 0.0327 -0.0063 -0.9994
vn 0.0039 -0.7490 -0.6626
vn 0.0030 -0.4865 -0.8737
vn 0.0001 0.3101 -0.9507
vn 0.0001 0.3035 -0.9528
vn 0.0001 0.1868 -0.9824
vn 0.0305 0.2023 0.9789
vn 0.0084 0.1941 0.9809
vn 0.0070 0.3326 0.9431
vn 0.0284 0.3747 0.9267
vn 0.0047 0.3614 0.9324
vn 0.0208 0.4568 0.8893
vn 0.0017 0.1886 0.9820
vn 0.0014 0.3105 0.9506
vn 0.0008 0.3208 0.9472
vn 0.0937 0.2070 0.9738
vn 0.0972 0.4331 0.8961
vn 0.0780 0.6248 0.7769
vn 0.0067 0.6284 0.7779
vn 0.0001 0.3101 0.9507
vn 0.0001 0.3035 0.9528
vn 0.0001 0.1868 0.9824
vn 0.3086 0.2046 -0.9289
vn 0.5058 0.2118 -0.8363
vn 0.5204 0.5708 -0.6351
vn 0.3352 0.5083 -0.7932
vn 0.6013 0.7990 -0.0000
vn 0.3882 0.8390 -0.3813
vn 0.5058 0.2118 0.8362
vn 0.3086 0.2046 0.9289
vn 0.3353 0.5083 0.7932
vn 0.5204 0.5709 0.6351
vn 0.3882 0.8390 0.3813
vn 0.0937 0.2070 -0.9738
vn 0.0972 0.4331 -0.8961
vn 0.0780 0.6248 -0.7769
vn 0.2044 0.9589 -0.1965
vn 0.3969 0.8937 -0.2092
vn 0.6075 0.7943 -0.0000
vn 0.3969 0.8937 0.2092
vn 0.2044 0.9589 0.1965
vn 0.0017 0.1886 -0.9820
vn 0.0084 0.1941 -0.9809
vn 0.0070 0.3326 -0.9431
vn 0.0014 0.3105 -0.9506
vn 0.0047 0.3614 -0.9324
vn 0.0008 0.3207 -0.9472
vn 0.0305 0.2023 -0.9789
vn 0.0284 0.3747 -0.9267
vn 0.0208 0.4568 -0.8893
vn 0.0067 0.6284 -0.7779
vn 0.0001 -1.0000 -0.0000
vn 0.0004 -1.0000 -0.0000
vn -0.7071 -0.7071 -0.0000
vn 0.0002 -1.0000 -0.0000
vn -0.0001 -1.0000 -0.0000
vn -0.0002 -1.0000 -0.0000
vn -0.0000 -1.0000 -0.0000
vn 0.7071 -0.7071 -0.0000
vn -0.0003 -1.0000 -0.0000
vn -0.0005 -1.0000 -0.0000
vn -0.0000 -1.0000 -0.0001
vn -0.0004 -1.0000 -0.0000
vn 0.0003 -1.0000 -0.0000
vt 0.622403 0.000000
vt 0.622403 0.062208
vt 0.624784 0.062475
vt 0.625000 0.000000
vt 0.622403 0.122662
vt 0.624784 0.124797
vt 0.622404 0.178746
vt 0.624784 0.186712
vt 0.622403 0.222759
vt 0.625000 0.250000
vt 0.622403 0.968630
vt 0.622404 0.981580
vt 0.624784 0.981580
vt 0.624784 0.968630
vt 0.622403 0.990152
vt 0.624784 0.990152
vt 0.622403 0.995806
vt 0.624784 0.995806
vt 0.622403 1.000000
vt 0.625000 1.000000
vt 0.625000 0.268303
vt 0.625000 0.268158
vt 0.625000 0.266566
vt 0.625000 0.262034
vt 0.625000 0.261289
vt 0.625000 0.259807
vt 0.625000 0.259524
vt 0.625000 0.254911
vt 0.625000 0.254177
vt 0.625000 0.254189
vt 0.625000 0.259512
vt 0.625000 0.257834
vt 0.625000 0.255758
vt 0.625000 0.281370
vt 0.625000 0.281208
vt 0.625000 0.276314
vt 0.625000 0.276198
vt 0.625000 0.276049
vt 0.625000 0.268783
vt 0.625000 0.268661
vt 0.625000 0.268517
vt 0.625000 0.268395
vt 0.625000 0.261141
vt 0.625000 0.261025
vt 0.625000 0.259645
vt 0.625000 0.253407
vt 0.625000 0.253779
vt 0.625000 0.253565
vt 0.625000 0.253514
vt 0.625000 0.250000
vt 0.625000 0.280073
vt 0.625000 0.276761
vt 0.625000 0.276639
vt 0.625000 0.274486
vt 0.625000 0.276474
vt 0.622403 0.281370
vt 0.622404 0.299670
vt 0.624784 0.299646
vt 0.624784 0.281370
vt 0.622403 0.322348
vt 0.624784 0.322158
vt 0.622403 0.347944
vt 0.624784 0.347210
vt 0.622403 0.375000
vt 0.625000 0.375000
vt 0.625000 0.951003
vt 0.625000 0.951328
vt 0.625000 0.951145
vt 0.625000 0.946850
vt 0.625000 0.945385
vt 0.625000 0.932148
vt 0.625000 0.931978
vt 0.625000 0.931337
vt 0.625000 0.928193
vt 0.625000 0.928189
vt 0.625000 0.968630
vt 0.625000 0.968793
vt 0.625000 0.966477
vt 0.625000 0.966330
vt 0.625000 0.966219
vt 0.625000 0.959130
vt 0.625000 0.958985
vt 0.625000 0.958871
vt 0.625000 0.951783
vt 0.625000 0.951641
vt 0.625000 0.951524
vt 0.625000 0.950899
vt 0.625000 0.945268
vt 0.625000 0.945164
vt 0.625000 0.939101
vt 0.625000 0.938990
vt 0.625000 0.938880
vt 0.625000 0.932816
vt 0.625000 0.932712
vt 0.625000 0.932595
vt 0.625000 0.932202
vt 0.625000 0.928124
vt 0.625000 0.928033
vt 0.625000 0.923758
vt 0.625000 0.923701
vt 0.625000 0.923602
vt 0.625000 0.919328
vt 0.625000 0.919278
vt 0.625000 0.919172
vt 0.625000 0.917144
vt 0.625000 0.917411
vt 0.625000 0.916276
vt 0.625000 0.916280
vt 0.625000 0.916216
vt 0.625000 0.914565
vt 0.625000 0.914572
vt 0.625000 0.914505
vt 0.625000 0.912854
vt 0.625000 0.912865
vt 0.625000 0.912794
vt 0.625000 0.911143
vt 0.625000 0.911158
vt 0.625000 0.911083
vt 0.625000 0.911019
vt 0.625000 0.911399
vt 0.625000 0.915272
vt 0.625000 0.914601
vt 0.625000 0.910346
vt 0.625000 0.909825
vt 0.625000 0.903385
vt 0.625000 0.902135
vt 0.625000 0.902086
vt 0.625000 0.969927
vt 0.625000 0.973240
vt 0.625000 0.968760
vt 0.625000 0.187500
vt 0.625000 0.187500
vt 0.625000 0.125000
vt 0.625000 0.062500
vt 0.625000 0.062500
vt 0.625000 0.187500
vt 0.625000 0.186712
vt 0.625000 0.124797
vt 0.625000 0.062475
vt 0.625000 0.000000
vt 0.625000 0.000000
vt 0.625000 0.062500
vt 0.625000 0.187500
vt 0.625000 0.250000
vt 0.625000 0.995811
vt 0.625000 0.995823
vt 0.625000 0.995089
vt 0.625000 0.990476
vt 0.625000 0.990193
vt 0.625000 0.990457
vt 0.625000 0.988975
vt 0.625000 0.990488
vt 0.625000 1.000000
vt 0.625000 0.996486
vt 0.625000 0.996358
vt 0.625000 0.996221
vt 0.625000 0.995806
vt 0.625000 0.990152
vt 0.625000 0.988838
vt 0.625000 0.988711
vt 0.625000 0.981697
vt 0.625000 0.981580
vt 0.625000 0.981483
vt 0.625000 0.981336
vt 0.625000 0.981217
vt 0.625000 0.973951
vt 0.625000 0.973801
vt 0.625000 0.973686
vt 0.625000 0.981842
vt 0.625000 1.000000
vt 0.625000 0.998930
vt 0.625000 0.997712
vt 0.622404 0.245440
vt 0.624784 0.253407
vt 0.622403 0.257510
vt 0.624784 0.259645
vt 0.622404 0.268128
vt 0.624784 0.268395
vt 0.625000 0.332856
vt 0.625000 0.334728
vt 0.625000 0.333277
vt 0.625000 0.330828
vt 0.625000 0.317852
vt 0.625000 0.318022
vt 0.625000 0.317405
vt 0.625000 0.339654
vt 0.625000 0.338818
vt 0.625000 0.338602
vt 0.625000 0.338981
vt 0.625000 0.338917
vt 0.625000 0.338842
vt 0.625000 0.338857
vt 0.625000 0.337206
vt 0.625000 0.337135
vt 0.625000 0.337146
vt 0.625000 0.335495
vt 0.625000 0.335428
vt 0.625000 0.335435
vt 0.625000 0.333784
vt 0.625000 0.333721
vt 0.625000 0.333724
vt 0.625000 0.332589
vt 0.625000 0.330723
vt 0.625000 0.330673
vt 0.625000 0.326398
vt 0.625000 0.326299
vt 0.625000 0.326242
vt 0.625000 0.321967
vt 0.625000 0.321876
vt 0.625000 0.321812
vt 0.625000 0.317798
vt 0.625000 0.317289
vt 0.625000 0.317184
vt 0.625000 0.311120
vt 0.625000 0.311010
vt 0.625000 0.310899
vt 0.625000 0.304836
vt 0.625000 0.304732
vt 0.625000 0.304615
vt 0.625000 0.298997
vt 0.625000 0.299101
vt 0.625000 0.298476
vt 0.625000 0.298359
vt 0.625000 0.298217
vt 0.625000 0.291129
vt 0.625000 0.291015
vt 0.625000 0.290870
vt 0.625000 0.283782
vt 0.625000 0.283670
vt 0.625000 0.283523
vt 0.625000 0.298672
vt 0.625000 0.346615
vt 0.625000 0.339599
vt 0.622403 0.875000
vt 0.622403 0.902056
vt 0.624784 0.902790
vt 0.625000 0.875000
vt 0.622403 0.927652
vt 0.624784 0.927842
vt 0.622404 0.950330
vt 0.624784 0.950354
vt 0.625000 0.339781
vt 0.625000 0.334769
vt 0.625000 0.318556
vt 0.625000 0.320168
vt 0.625000 0.299196
vt 0.625000 0.299397
vt 0.625000 0.332861
vt 0.625000 0.317893
vt 0.625000 0.299113
vt 0.625000 0.349597
vt 0.625000 0.338981
vt 0.625000 0.341635
vt 0.625000 0.981580
vt 0.625000 0.968630
vt 0.625000 0.125000
vt 0.625000 0.124797
vt 0.625000 0.186712
vt 0.625000 0.950603
vt 0.625000 0.950804
vt 0.625000 0.931444
vt 0.625000 0.929832
vt 0.625000 0.915231
vt 0.625000 0.910219
vt 0.625000 0.950887
vt 0.625000 0.932107
vt 0.625000 0.917139
vt 0.625000 0.900403
vt 0.625000 0.908365
vt 0.625000 0.911019
vt 0.625000 0.268420
vt 0.625000 0.259848
vt 0.625000 0.254194
vt 0.625000 0.268420
vt 0.625000 0.254194
vt 0.625000 0.259645
vt 0.625000 0.332589
vt 0.625000 0.332589
vt 0.625000 0.317798
vt 0.625000 0.317798
vt 0.625000 0.299101
vt 0.625000 0.332589
vt 0.625000 0.317798
vt 0.625000 0.299101
vt 0.625000 0.281370
vt 0.625000 0.338602
vt 0.625000 0.338602
vt 0.625000 0.990152
vt 0.625000 0.981580
vt 0.625000 0.990152
vt 0.625000 0.981580
vt 0.625000 0.968630
vt 0.625000 0.178746
vt 0.625000 0.173371
vt 0.625000 0.120934
vt 0.625000 0.122662
vt 0.625000 0.061992
vt 0.625000 0.062208
vt 0.625000 0.171325
vt 0.625000 0.120223
vt 0.625000 0.061903
vt 0.625000 0.222759
vt 0.625000 0.061890
vt 0.625000 0.120121
vt 0.625000 0.171033
vt 0.625000 0.211374
vt 0.625000 0.210967
vt 0.625000 0.214220
vt 0.625000 0.950899
vt 0.625000 0.932202
vt 0.625000 0.932202
vt 0.625000 0.917411
vt 0.625000 0.950899
vt 0.625000 0.932202
vt 0.625000 0.917411
vt 0.625000 0.911399
vt 0.625000 0.911399
vt 0.625000 0.950899
vt 0.625000 0.268128
vt 0.625000 0.267912
vt 0.625000 0.255782
vt 0.625000 0.257510
vt 0.625000 0.240065
vt 0.625000 0.245440
vt 0.625000 0.267823
vt 0.625000 0.255071
vt 0.625000 0.238020
vt 0.625000 0.237728
vt 0.625000 0.254969
vt 0.625000 0.267810
vt 0.625000 0.317798
vt 0.625000 0.338602
vt 0.625000 0.281370
vt 0.625000 0.338601
vt 0.625000 0.061992
vt 0.625000 0.214220
vt 0.625000 0.950899
vt 0.625000 0.917411
vt 0.625000 0.911399
vt 0.625000 0.911398
vt 0.625000 0.267912
vt 0.625000 0.240065
vt 0.625000 0.338602
vt 0.625000 0.187500
vt 0.622404 0.222759
vt 0.622403 0.122662
vt 0.622403 0.062208
vt 0.622403 0.995932
vt 0.625000 0.996049
vt 0.622403 0.991165
vt 0.625000 0.992098
vt 0.622404 0.984656
vt 0.625000 0.988147
vt 0.622404 0.973332
vt 0.625000 0.984195
vt 0.625000 0.262110
vt 0.625000 0.262804
vt 0.625000 0.267335
vt 0.625000 0.267599
vt 0.625000 0.254605
vt 0.625000 0.255698
vt 0.625000 0.256456
vt 0.625000 0.258533
vt 0.625000 0.259039
vt 0.625000 0.281370
vt 0.625000 0.269343
vt 0.625000 0.269487
vt 0.625000 0.269608
vt 0.625000 0.276875
vt 0.625000 0.277024
vt 0.625000 0.277140
vt 0.625000 0.277279
vt 0.625000 0.280073
vt 0.625000 0.275210
vt 0.625000 0.276668
vt 0.625000 0.265664
vt 0.625000 0.265679
vt 0.625000 0.269510
vt 0.625000 0.253109
vt 0.625000 0.254185
vt 0.625000 0.253407
vt 0.625000 0.254340
vt 0.625000 0.254380
vt 0.625000 0.261846
vt 0.625000 0.261965
vt 0.622403 0.347818
vt 0.625000 0.347701
vt 0.622403 0.321335
vt 0.625000 0.320402
vt 0.622404 0.296594
vt 0.625000 0.293103
vt 0.622404 0.276668
vt 0.625000 0.265805
vt 0.625000 0.950981
vt 0.625000 0.951020
vt 0.625000 0.932148
vt 0.625000 0.932133
vt 0.625000 0.932140
vt 0.625000 0.958066
vt 0.625000 0.958180
vt 0.625000 0.958324
vt 0.625000 0.965413
vt 0.625000 0.965525
vt 0.625000 0.965672
vt 0.625000 0.968792
vt 0.625000 0.967936
vt 0.625000 0.969927
vt 0.625000 0.972478
vt 0.625000 0.973332
vt 0.625000 0.980490
vt 0.625000 0.909520
vt 0.625000 0.901250
vt 0.625000 0.901299
vt 0.625000 0.908907
vt 0.625000 0.914390
vt 0.625000 0.916089
vt 0.625000 0.912607
vt 0.625000 0.912678
vt 0.625000 0.912667
vt 0.625000 0.914317
vt 0.625000 0.914385
vt 0.625000 0.914378
vt 0.625000 0.916028
vt 0.625000 0.916093
vt 0.625000 0.918686
vt 0.625000 0.918793
vt 0.625000 0.918842
vt 0.625000 0.923116
vt 0.625000 0.923216
vt 0.625000 0.923272
vt 0.625000 0.927547
vt 0.625000 0.927639
vt 0.625000 0.927703
vt 0.625000 0.931978
vt 0.625000 0.932062
vt 0.625000 0.938191
vt 0.625000 0.938302
vt 0.625000 0.938412
vt 0.625000 0.944475
vt 0.625000 0.944580
vt 0.625000 0.944696
vt 0.625000 0.950760
vt 0.625000 0.950858
vt 0.625000 0.124797
vt 0.625000 0.995660
vt 0.625000 0.995815
vt 0.625000 0.990193
vt 0.625000 0.988154
vt 0.625000 0.989687
vt 0.625000 0.990476
vt 0.625000 0.990961
vt 0.625000 0.996891
vt 0.625000 0.998127
vt 0.625000 0.999318
vt 0.625000 0.980657
vt 0.625000 0.982401
vt 0.625000 0.972860
vt 0.625000 0.972975
vt 0.625000 0.973125
vt 0.625000 0.980392
vt 0.625000 0.980510
vt 0.625000 0.987890
vt 0.625000 0.988016
vt 0.625000 0.995395
vt 0.625000 0.995533
vt 0.622404 0.265052
vt 0.625000 0.261853
vt 0.622404 0.256497
vt 0.625000 0.257902
vt 0.622404 0.245313
vt 0.625000 0.253951
vt 0.625000 0.332856
vt 0.625000 0.331314
vt 0.625000 0.333811
vt 0.625000 0.334728
vt 0.625000 0.339481
vt 0.625000 0.339654
vt 0.625000 0.317852
vt 0.625000 0.311809
vt 0.625000 0.312896
vt 0.625000 0.317190
vt 0.625000 0.317860
vt 0.625000 0.333911
vt 0.625000 0.333908
vt 0.625000 0.333972
vt 0.625000 0.335622
vt 0.625000 0.335615
vt 0.625000 0.335683
vt 0.625000 0.337333
vt 0.625000 0.337322
vt 0.625000 0.337394
vt 0.625000 0.340153
vt 0.625000 0.341398
vt 0.625000 0.341093
vt 0.625000 0.298997
vt 0.625000 0.291934
vt 0.625000 0.292242
vt 0.625000 0.297090
vt 0.625000 0.298980
vt 0.625000 0.284328
vt 0.625000 0.284475
vt 0.625000 0.284587
vt 0.625000 0.291676
vt 0.625000 0.291820
vt 0.625000 0.299019
vt 0.625000 0.299142
vt 0.625000 0.299240
vt 0.625000 0.305304
vt 0.625000 0.305420
vt 0.625000 0.305525
vt 0.625000 0.311588
vt 0.625000 0.311698
vt 0.625000 0.317867
vt 0.625000 0.317938
vt 0.625000 0.318023
vt 0.625000 0.322297
vt 0.625000 0.322361
vt 0.625000 0.322453
vt 0.625000 0.326728
vt 0.625000 0.326784
vt 0.625000 0.326884
vt 0.625000 0.331158
vt 0.625000 0.331207
vt 0.622404 0.953406
vt 0.625000 0.956897
vt 0.622403 0.928665
vt 0.625000 0.929598
vt 0.622403 0.902182
vt 0.625000 0.902299
vt 0.625000 0.319155
vt 0.625000 0.318232
vt 0.625000 0.317852
vt 0.625000 0.332856
vt 0.625000 0.296322
vt 0.625000 0.298264
vt 0.625000 0.276668
vt 0.625000 0.995932
vt 0.625000 0.991166
vt 0.625000 0.995846
vt 0.625000 0.990193
vt 0.625000 0.984656
vt 0.625000 0.982512
vt 0.625000 0.981697
vt 0.625000 0.968792
vt 0.625000 0.186712
vt 0.625000 0.953678
vt 0.625000 0.930846
vt 0.625000 0.931768
vt 0.625000 0.951736
vt 0.625000 0.932148
vt 0.625000 0.910346
vt 0.625000 0.915272
vt 0.625000 0.265344
vt 0.625000 0.258835
vt 0.625000 0.267488
vt 0.625000 0.259807
vt 0.625000 0.268303
vt 0.625000 0.254068
vt 0.625000 0.254154
vt 0.625000 0.254189
vt 0.625000 0.268395
vt 0.625000 0.332589
vt 0.625000 0.299101
vt 0.625000 0.981580
vt 0.625000 0.981580
vt 0.625000 0.968630
vt 0.625000 0.178746
vt 0.625000 0.122662
vt 0.625000 0.120934
vt 0.625000 0.173371
vt 0.625000 0.062208
vt 0.625000 0.222759
vt 0.625000 0.211374
vt 0.625000 0.171033
vt 0.625000 0.950899
vt 0.625000 0.932202
vt 0.625000 0.268128
vt 0.625000 0.267912
vt 0.625000 0.255071
vt 0.625000 0.267823
vt 0.625000 0.240065
vt 0.625000 0.238020
vt 0.625000 0.267810
vt 0.625000 0.237727
vt 0.625000 0.317798
vt 0.625000 0.995806
vt 0.625000 0.061903
vt 0.625000 0.932202
vt 0.625000 0.917411
vt 0.625000 0.917411
vt 0.625000 0.268420
vt 0.625000 0.950952
vt 0.625000 0.948472
vt 0.625000 0.952126
vt 0.625000 0.952184
vt 0.625000 0.943342
vt 0.625000 0.940862
vt 0.625000 0.943027
vt 0.625000 0.943085
vt 0.625000 0.935732
vt 0.625000 0.933252
vt 0.625000 0.933929
vt 0.625000 0.933987
vt 0.868771 0.750000
vt 0.868804 0.750000
vt 0.868249 0.687500
vt 0.868209 0.687500
vt 0.625000 0.907648
vt 0.625000 0.906743
vt 0.625000 0.893624
vt 0.625000 0.893672
vt 0.625000 0.904870
vt 0.625000 0.903965
vt 0.625000 0.885997
vt 0.625000 0.886046
vt 0.625000 0.902092
vt 0.625000 0.901187
vt 0.625000 0.878371
vt 0.625000 0.878419
vt 0.375000 0.580685
vt 0.383799 0.580635
vt 0.463671 0.580635
vt 0.543542 0.580635
vt 0.623414 0.580635
vt 0.623413 0.604488
vt 0.623413 0.628341
vt 0.623413 0.652194
vt 0.623414 0.676047
vt 0.543542 0.676047
vt 0.463672 0.676047
vt 0.383800 0.676047
vt 0.375000 0.675997
vt 0.753351 0.625000
vt 0.753399 0.625000
vt 0.753406 0.687500
vt 0.753357 0.687500
vt 0.760932 0.625000
vt 0.760980 0.625000
vt 0.761001 0.687500
vt 0.760953 0.687500
vt 0.768513 0.625000
vt 0.768561 0.625000
vt 0.768596 0.687500
vt 0.768548 0.687500
vt 0.776094 0.625000
vt 0.776142 0.625000
vt 0.776191 0.687500
vt 0.776143 0.687500
vt 0.625000 0.370793
vt 0.625000 0.370745
vt 0.625000 0.347603
vt 0.625000 0.348508
vt 0.625000 0.363167
vt 0.625000 0.363118
vt 0.625000 0.344826
vt 0.625000 0.345731
vt 0.625000 0.355540
vt 0.625000 0.355492
vt 0.625000 0.342048
vt 0.625000 0.342953
vt 0.625000 0.347914
vt 0.625000 0.347866
vt 0.625000 0.340175
vt 0.375000 0.675998
vt 0.366200 0.676047
vt 0.286329 0.676047
vt 0.206457 0.676047
vt 0.126586 0.676047
vt 0.126587 0.652194
vt 0.126587 0.628341
vt 0.126587 0.604488
vt 0.126586 0.580635
vt 0.206458 0.580635
vt 0.286329 0.580635
vt 0.366201 0.580635
vt 0.375000 0.580684
vt 0.807964 0.625000
vt 0.808015 0.625000
vt 0.808602 0.562500
vt 0.808550 0.562500
vt 0.815928 0.625000
vt 0.815979 0.625000
vt 0.816873 0.562500
vt 0.816821 0.562500
vt 0.823892 0.625000
vt 0.823942 0.625000
vt 0.825144 0.562500
vt 0.825092 0.562500
vt 0.625000 0.315914
vt 0.625000 0.313434
vt 0.625000 0.312166
vt 0.625000 0.316461
vt 0.625000 0.308304
vt 0.625000 0.305824
vt 0.625000 0.305511
vt 0.625000 0.309806
vt 0.625000 0.300694
vt 0.625000 0.298214
vt 0.625000 0.298855
vt 0.625000 0.303150
vt 0.753371 0.500000
vt 0.753419 0.500000
vt 0.753406 0.562500
vt 0.753357 0.562500
vt 0.760998 0.500000
vt 0.761046 0.500000
vt 0.761001 0.562500
vt 0.760953 0.562500
vt 0.768624 0.500000
vt 0.768672 0.500000
vt 0.768596 0.562500
vt 0.768548 0.562500
vt 0.776250 0.500000
vt 0.776299 0.500000
vt 0.776191 0.562500
vt 0.776143 0.562500
vt 0.375000 0.580684
vt 0.383800 0.580635
vt 0.419221 0.580635
vt 0.463672 0.580635
vt 0.543542 0.580635
vt 0.623413 0.604488
vt 0.623413 0.628341
vt 0.623414 0.652194
vt 0.543542 0.676047
vt 0.463671 0.676047
vt 0.419221 0.676047
vt 0.383799 0.676047
vt 0.375000 0.675998
vt 0.625000 0.981399
vt 0.625000 0.979246
vt 0.625000 0.986627
vt 0.625000 0.986642
vt 0.625000 0.974790
vt 0.625000 0.984321
vt 0.625000 0.984336
vt 0.625000 0.994242
vt 0.625000 0.992166
vt 0.383799 0.580635
vt 0.543543 0.580635
vt 0.623414 0.580635
vt 0.623412 0.604488
vt 0.623412 0.628341
vt 0.623412 0.652194
vt 0.623414 0.676047
vt 0.543542 0.676047
vt 0.463671 0.676047
vt 0.383799 0.676047
vt 0.625000 0.946120
vt 0.625000 0.950415
vt 0.625000 0.939465
vt 0.625000 0.943760
vt 0.625000 0.932810
vt 0.625000 0.937104
vt 0.366199 0.676047
vt 0.286329 0.676047
vt 0.206458 0.676047
vt 0.126587 0.652194
vt 0.126587 0.628341
vt 0.126587 0.604488
vt 0.206458 0.580635
vt 0.286329 0.580635
vt 0.366200 0.580635
vt 0.754182 0.625000
vt 0.754230 0.625000
vt 0.754238 0.562500
vt 0.754190 0.562500
vt 0.761763 0.625000
vt 0.761811 0.625000
vt 0.761833 0.562500
vt 0.761785 0.562500
vt 0.769344 0.625000
vt 0.769392 0.625000
vt 0.769428 0.562500
vt 0.769380 0.562500
vt 0.776925 0.625000
vt 0.776973 0.625000
vt 0.777024 0.562500
vt 0.776976 0.562500
vt 0.848853 0.562500
vt 0.848895 0.562500
vt 0.846658 0.625000
vt 0.846613 0.625000
vt 0.855435 0.562500
vt 0.855477 0.562500
vt 0.853791 0.625000
vt 0.853746 0.625000
vt 0.375000 0.580635
vt 0.410947 0.580635
vt 0.463672 0.580635
vt 0.543542 0.580635
vt 0.623414 0.580635
vt 0.623415 0.604488
vt 0.623413 0.628341
vt 0.623414 0.652194
vt 0.623414 0.676047
vt 0.543542 0.676047
vt 0.463672 0.676047
vt 0.410946 0.676047
vt 0.383798 0.676047
vt 0.375000 0.676047
vt 0.849575 0.687500
vt 0.849616 0.687500
vt 0.847440 0.625000
vt 0.847395 0.625000
vt 0.856157 0.687500
vt 0.856199 0.687500
vt 0.854573 0.625000
vt 0.854527 0.625000
vt 0.861708 0.562500
vt 0.861744 0.562500
vt 0.860699 0.625000
vt 0.860658 0.625000
vt 0.861744 0.687500
vt 0.861708 0.687500
vt 0.862330 0.562500
vt 0.862366 0.562500
vt 0.864739 0.500000
vt 0.864717 0.500000
vt 0.625000 0.256229
vt 0.625000 0.256196
vt 0.366200 0.676047
vt 0.351991 0.676047
vt 0.286327 0.676047
vt 0.206458 0.676047
vt 0.126585 0.676047
vt 0.126586 0.652194
vt 0.126586 0.628341
vt 0.126585 0.604488
vt 0.126585 0.580635
vt 0.206457 0.580635
vt 0.286329 0.580635
vt 0.351993 0.580635
vt 0.366201 0.580635
vt 0.625000 0.273869
vt 0.625000 0.269128
vt 0.849616 0.562500
vt 0.849575 0.562500
vt 0.856199 0.562500
vt 0.856157 0.562500
vt 0.383799 0.580635
vt 0.463671 0.580635
vt 0.543542 0.580635
vt 0.543542 0.676047
vt 0.463672 0.676047
vt 0.383800 0.676047
vt 0.753420 0.750000
vt 0.753371 0.750000
vt 0.761046 0.750000
vt 0.760997 0.750000
vt 0.768672 0.750000
vt 0.768624 0.750000
vt 0.776299 0.750000
vt 0.776250 0.750000
vt 0.809926 0.750000
vt 0.809984 0.750000
vt 0.808602 0.687500
vt 0.808550 0.687500
vt 0.819025 0.750000
vt 0.819082 0.750000
vt 0.816873 0.687500
vt 0.816821 0.687500
vt 0.828123 0.750000
vt 0.828181 0.750000
vt 0.825144 0.687500
vt 0.825092 0.687500
vt 0.625000 0.263674
vt 0.625000 0.261803
vt 0.625000 0.259543
vt 0.383800 0.580635
vt 0.543542 0.580635
vt 0.623414 0.580635
vt 0.623413 0.604488
vt 0.623414 0.628341
vt 0.623413 0.652194
vt 0.543542 0.676047
vt 0.463672 0.676047
vt 0.383800 0.676047
vt 0.375000 0.675998
vt 0.366200 0.676047
vt 0.286329 0.676047
vt 0.126587 0.604488
vt 0.126586 0.580635
vt 0.206457 0.580635
vt 0.286329 0.580635
vt 0.366200 0.580635
vt 0.625000 0.894508
vt 0.625000 0.894460
vt 0.625000 0.907047
vt 0.625000 0.907952
vt 0.625000 0.886882
vt 0.625000 0.886833
vt 0.625000 0.904270
vt 0.625000 0.905175
vt 0.625000 0.879255
vt 0.625000 0.879207
vt 0.625000 0.901492
vt 0.625000 0.902397
vt 0.868209 0.562500
vt 0.868249 0.562500
vt 0.868804 0.500000
vt 0.868771 0.500000
vt 0.383799 0.580635
vt 0.402404 0.580635
vt 0.463672 0.580635
vt 0.543542 0.580635
vt 0.623413 0.604488
vt 0.623413 0.628341
vt 0.623413 0.652194
vt 0.463672 0.676047
vt 0.402404 0.676047
vt 0.383800 0.676047
vt 0.366200 0.676047
vt 0.286328 0.676047
vt 0.206458 0.676047
vt 0.206458 0.580635
vt 0.286328 0.580635
vt 0.366201 0.580635
vt 0.862330 0.687500
vt 0.862366 0.687500
vt 0.861410 0.625000
vt 0.861369 0.625000
vt 0.366201 0.676047
vt 0.286329 0.676047
vt 0.206458 0.676047
vt 0.126585 0.676047
vt 0.126586 0.580635
vt 0.206458 0.580635
vt 0.286329 0.580635
vt 0.366201 0.580635
vt 0.625000 0.913705
vt 0.625000 0.912460
vt 0.625000 0.911776
vt 0.625000 0.910531
vt 0.625000 0.909847
vt 0.625000 0.908602
vt 0.543543 0.676047
vt 0.383800 0.676047
vt 0.383799 0.580635
vt 0.463671 0.580635
vt 0.543542 0.580635
vt 0.623413 0.604488
vt 0.623413 0.628341
vt 0.543543 0.676047
vt 0.463671 0.676047
vt 0.383800 0.676047
vt 0.625000 0.334737
vt 0.625000 0.332764
vt 0.625000 0.328406
vt 0.625000 0.331549
vt 0.625000 0.328683
vt 0.625000 0.326711
vt 0.625000 0.323535
vt 0.625000 0.326678
vt 0.625000 0.322630
vt 0.625000 0.320657
vt 0.625000 0.318663
vt 0.625000 0.321807
vt 0.864717 0.750000
vt 0.864739 0.750000
vt 0.375000 0.675990
vt 0.366200 0.676047
vt 0.286327 0.676047
vt 0.284939 0.676047
vt 0.206458 0.676047
vt 0.126586 0.652194
vt 0.126586 0.628341
vt 0.126585 0.604488
vt 0.126586 0.580635
vt 0.206457 0.580635
vt 0.284939 0.580635
vt 0.286329 0.580635
vt 0.366202 0.580635
vt 0.375000 0.580692
vt 0.452812 0.580635
vt 0.463670 0.580635
vt 0.623415 0.580635
vt 0.623415 0.676047
vt 0.543542 0.676047
vt 0.463670 0.676047
vt 0.452812 0.676047
vt 0.383800 0.676047
vt 0.625000 0.960423
vt 0.625000 0.965272
vt 0.625000 0.952910
vt 0.625000 0.957758
vt 0.625000 0.987966
vt 0.625000 0.983435
vt 0.463671 0.580635
vt 0.623413 0.604488
vt 0.623412 0.628341
vt 0.623412 0.652194
vt 0.543542 0.676047
vt 0.463672 0.676047
vt 0.625000 0.993804
vt 0.625000 0.993771
vt 0.375000 0.675990
vt 0.366200 0.676047
vt 0.286329 0.676047
vt 0.206458 0.676047
vt 0.126587 0.652194
vt 0.206457 0.580635
vt 0.286329 0.580635
vt 0.375000 0.580692
vt 0.754190 0.687500
vt 0.754238 0.687500
vt 0.761785 0.687500
vt 0.761833 0.687500
vt 0.769380 0.687500
vt 0.769428 0.687500
vt 0.776976 0.687500
vt 0.777024 0.687500
vt 0.625000 0.328940
vt 0.625000 0.332083
vt 0.625000 0.324069
vt 0.625000 0.327212
vt 0.625000 0.319197
vt 0.625000 0.322341
vt 0.625000 0.974842
vt 0.625000 0.974771
vt 0.625000 0.965250
vt 0.625000 0.967895
vt 0.625000 0.963567
vt 0.625000 0.963496
vt 0.625000 0.957132
vt 0.625000 0.959777
vt 0.366201 0.676047
vt 0.286329 0.676047
vt 0.206458 0.676047
vt 0.286329 0.580635
vt 0.366200 0.580635
vt 0.625000 0.910401
vt 0.625000 0.269934
vt 0.625000 0.274674
vt 0.366201 0.676047
vt 0.286326 0.676047
vt 0.206458 0.676047
vt 0.133485 0.676047
vt 0.133485 0.652194
vt 0.133484 0.628341
vt 0.133485 0.604488
vt 0.133484 0.580635
vt 0.206458 0.580635
vt 0.286327 0.580635
vt 0.366202 0.580635
vt 0.625000 0.338224
vt 0.625000 0.339469
vt 0.625000 0.336294
vt 0.625000 0.337539
vt 0.625000 0.335610
vt 0.286328 0.676047
vt 0.208634 0.676047
vt 0.206458 0.676047
vt 0.126585 0.676047
vt 0.126585 0.580635
vt 0.206458 0.580635
vt 0.208635 0.580635
vt 0.286327 0.580635
vt 0.366200 0.580635
vt 0.366200 0.676047
vt 0.126586 0.652194
vt 0.286327 0.580635
vt 0.366200 0.580635
vt 0.625000 0.987196
vt 0.625000 0.982665
vt 0.625000 0.985697
vt 0.625000 0.987568
vt 0.833350 0.562500
vt 0.833402 0.562500
vt 0.838567 0.500000
vt 0.838495 0.500000
vt 0.841599 0.562500
vt 0.841651 0.562500
vt 0.849842 0.500000
vt 0.849771 0.500000
vt 0.625000 0.975326
vt 0.625000 0.980067
vt 0.625000 0.972721
vt 0.625000 0.264303
vt 0.625000 0.262433
vt 0.625000 0.260643
vt 0.625000 0.260665
vt 0.867954 0.625000
vt 0.867997 0.625000
vt 0.383799 0.580635
vt 0.463671 0.580635
vt 0.543542 0.580635
vt 0.543543 0.676047
vt 0.463671 0.676047
vt 0.383800 0.676047
vt 0.375000 0.675997
vt 0.366200 0.676047
vt 0.286329 0.676047
vt 0.206457 0.676047
vt 0.126587 0.604488
vt 0.126585 0.580635
vt 0.206457 0.580635
vt 0.366200 0.580635
vt 0.375000 0.580685
vt 0.383800 0.580635
vt 0.463670 0.580635
vt 0.543543 0.676047
vt 0.383800 0.676047
vt 0.625000 0.291113
vt 0.625000 0.293757
vt 0.625000 0.289577
vt 0.625000 0.284729
vt 0.625000 0.282995
vt 0.625000 0.285640
vt 0.625000 0.282064
vt 0.625000 0.277522
vt 0.864357 0.750000
vt 0.864335 0.750000
vt 0.383798 0.580635
vt 0.463670 0.580635
vt 0.543543 0.580635
vt 0.623414 0.580635
vt 0.623414 0.604488
vt 0.623413 0.652194
vt 0.623414 0.676047
vt 0.543542 0.676047
vt 0.463673 0.676047
vt 0.625000 0.251070
vt 0.625000 0.287669
vt 0.625000 0.287740
vt 0.625000 0.276394
vt 0.625000 0.276465
vt 0.366202 0.676047
vt 0.286329 0.676047
vt 0.286328 0.580635
vt 0.859574 0.750000
vt 0.859588 0.750000
vt 0.861880 0.750000
vt 0.861895 0.750000
vt 0.784800 0.562500
vt 0.784849 0.562500
vt 0.785186 0.500000
vt 0.785135 0.500000
vt 0.792630 0.562500
vt 0.792680 0.562500
vt 0.793247 0.500000
vt 0.793196 0.500000
vt 0.800461 0.562500
vt 0.800511 0.562500
vt 0.801309 0.500000
vt 0.801257 0.500000
vt 0.625000 0.951786
vt 0.625000 0.949306
vt 0.625000 0.944176
vt 0.625000 0.941697
vt 0.625000 0.940194
vt 0.625000 0.944489
vt 0.625000 0.936566
vt 0.625000 0.934087
vt 0.625000 0.933539
vt 0.625000 0.937834
vt 0.366200 0.676047
vt 0.206457 0.676047
vt 0.192172 0.676047
vt 0.192172 0.580635
vt 0.206458 0.580635
vt 0.366201 0.580635
vt 0.625000 0.348813
vt 0.625000 0.347908
vt 0.625000 0.371581
vt 0.625000 0.371629
vt 0.625000 0.346035
vt 0.625000 0.345130
vt 0.625000 0.363954
vt 0.625000 0.364003
vt 0.625000 0.343257
vt 0.625000 0.342352
vt 0.625000 0.356328
vt 0.625000 0.356376
vt 0.625000 0.340480
vt 0.625000 0.348702
vt 0.625000 0.348750
vt 0.286327 0.676047
vt 0.286327 0.580635
vt 0.366201 0.580635
vt 0.206458 0.676047
vt 0.206458 0.580635
vt 0.286328 0.580635
vt 0.366201 0.580635
vt 0.375000 0.580715
vt 0.393857 0.580635
vt 0.463673 0.580635
vt 0.623413 0.604488
vt 0.623415 0.628341
vt 0.623413 0.652194
vt 0.543543 0.676047
vt 0.463674 0.676047
vt 0.393856 0.676047
vt 0.383801 0.676047
vt 0.375000 0.675967
vt 0.286328 0.676047
vt 0.206458 0.676047
vt 0.126587 0.604488
vt 0.206458 0.580635
vt 0.286329 0.580635
vt 0.832446 0.687500
vt 0.832498 0.687500
vt 0.837331 0.750000
vt 0.837260 0.750000
vt 0.840695 0.687500
vt 0.840747 0.687500
vt 0.848606 0.750000
vt 0.848535 0.750000
vt 0.625000 0.260313
vt 0.625000 0.980872
vt 0.625000 0.976132
vt 0.625000 0.973526
vt 0.784800 0.687500
vt 0.784849 0.687500
vt 0.784696 0.625000
vt 0.784647 0.625000
vt 0.792630 0.687500
vt 0.792680 0.687500
vt 0.792422 0.625000
vt 0.792373 0.625000
vt 0.800461 0.687500
vt 0.800511 0.687500
vt 0.800148 0.625000
vt 0.800099 0.625000
vt 0.783941 0.687500
vt 0.783991 0.687500
vt 0.784303 0.750000
vt 0.784252 0.750000
vt 0.791772 0.687500
vt 0.791822 0.687500
vt 0.792364 0.750000
vt 0.792313 0.750000
vt 0.799603 0.687500
vt 0.799653 0.687500
vt 0.800425 0.750000
vt 0.800374 0.750000
vt 0.838496 0.750000
vt 0.838567 0.750000
vt 0.833402 0.687500
vt 0.833350 0.687500
vt 0.849771 0.750000
vt 0.849842 0.750000
vt 0.841651 0.687500
vt 0.841599 0.687500
vt 0.783941 0.562500
vt 0.783991 0.562500
vt 0.783849 0.625000
vt 0.783800 0.625000
vt 0.791772 0.562500
vt 0.791822 0.562500
vt 0.791575 0.625000
vt 0.791526 0.625000
vt 0.799603 0.562500
vt 0.799652 0.562500
vt 0.799301 0.625000
vt 0.799252 0.625000
vt 0.832446 0.562500
vt 0.832498 0.562500
vt 0.830983 0.625000
vt 0.830933 0.625000
vt 0.840695 0.562500
vt 0.840747 0.562500
vt 0.838843 0.625000
vt 0.838793 0.625000
vt 0.867516 0.562500
vt 0.867556 0.562500
vt 0.867252 0.625000
vt 0.867209 0.625000
vt 0.754207 0.750000
vt 0.754255 0.750000
vt 0.761833 0.750000
vt 0.761882 0.750000
vt 0.769460 0.750000
vt 0.769508 0.750000
vt 0.777086 0.750000
vt 0.777135 0.750000
vt 0.383799 0.580635
vt 0.385585 0.580635
vt 0.463670 0.580635
vt 0.543543 0.580635
vt 0.543542 0.676047
vt 0.463670 0.676047
vt 0.385584 0.676047
vt 0.383798 0.676047
vt 0.463672 0.580635
vt 0.623413 0.676047
vt 0.463672 0.676047
vt 0.625000 0.270030
vt 0.625000 0.267876
vt 0.366201 0.676047
vt 0.206458 0.676047
vt 0.126588 0.652194
vt 0.126588 0.628341
vt 0.126587 0.604488
vt 0.286329 0.580635
vt 0.463672 0.580635
vt 0.623414 0.652194
vt 0.463672 0.676047
vt 0.383799 0.676047
vt 0.383799 0.580635
vt 0.463671 0.580635
vt 0.543542 0.580635
vt 0.623414 0.580635
vt 0.623413 0.628341
vt 0.623414 0.676047
vt 0.543542 0.676047
vt 0.463672 0.676047
vt 0.383799 0.676047
vt 0.625000 0.993544
vt 0.625000 0.991467
vt 0.625000 0.993192
vt 0.625000 0.993225
vt 0.864335 0.500000
vt 0.864357 0.500000
vt 0.366200 0.676047
vt 0.286327 0.676047
vt 0.126586 0.676047
vt 0.286329 0.580635
vt 0.366201 0.580635
vt 0.867516 0.687500
vt 0.867556 0.687500
vt 0.868225 0.750000
vt 0.868192 0.750000
vt 0.625000 0.988197
vt 0.625000 0.986326
vt 0.366200 0.676047
vt 0.286329 0.676047
vt 0.206457 0.676047
vt 0.126586 0.676047
vt 0.126586 0.580635
vt 0.206458 0.580635
vt 0.366201 0.580635
vt 0.625000 0.315074
vt 0.625000 0.315016
vt 0.625000 0.305975
vt 0.625000 0.305918
vt 0.625000 0.296877
vt 0.625000 0.296819
vt 0.784251 0.500000
vt 0.784303 0.500000
vt 0.792313 0.500000
vt 0.792364 0.500000
vt 0.800374 0.500000
vt 0.800425 0.500000
vt 0.366201 0.676047
vt 0.286329 0.676047
vt 0.126586 0.580635
vt 0.206457 0.580635
vt 0.286329 0.580635
vt 0.366200 0.580635
vt 0.625000 0.252288
vt 0.625000 0.251873
vt 0.625000 0.250682
vt 0.366200 0.676047
vt 0.286328 0.676047
vt 0.206458 0.676047
vt 0.206458 0.580635
vt 0.286329 0.580635
vt 0.366201 0.580635
vt 0.625000 0.986895
vt 0.625000 0.986880
vt 0.625000 0.979970
vt 0.625000 0.982124
vt 0.625000 0.984589
vt 0.625000 0.984574
vt 0.625000 0.973361
vt 0.625000 0.975515
vt 0.625000 0.961247
vt 0.625000 0.966095
vt 0.625000 0.953733
vt 0.625000 0.958582
vt 0.625000 0.286505
vt 0.625000 0.286433
vt 0.625000 0.290223
vt 0.625000 0.292868
vt 0.625000 0.275229
vt 0.625000 0.275158
vt 0.625000 0.282105
vt 0.625000 0.284750
vt 0.848895 0.687500
vt 0.848853 0.687500
vt 0.855477 0.687500
vt 0.855436 0.687500
vt 0.874299 0.562500
vt 0.875000 0.562500
vt 0.875000 0.625000
vt 0.874290 0.625000
vt 0.625000 0.291418
vt 0.625000 0.296267
vt 0.625000 0.283905
vt 0.625000 0.288753
vt 0.625000 0.281240
vt 0.383799 0.580635
vt 0.463670 0.580635
vt 0.463670 0.676047
vt 0.383798 0.676047
vt 0.366201 0.676047
vt 0.286329 0.676047
vt 0.206458 0.676047
vt 0.126585 0.652194
vt 0.206458 0.580635
vt 0.286328 0.580635
vt 0.383799 0.580635
vt 0.463671 0.580635
vt 0.463671 0.676047
vt 0.383799 0.676047
vt 0.837260 0.500000
vt 0.837331 0.500000
vt 0.848535 0.500000
vt 0.848606 0.500000
vt 0.543543 0.676047
vt 0.809984 0.500000
vt 0.809926 0.500000
vt 0.819082 0.500000
vt 0.819025 0.500000
vt 0.828181 0.500000
vt 0.828123 0.500000
vt 0.383799 0.580635
vt 0.463671 0.580635
vt 0.543542 0.580635
vt 0.612636 0.580635
vt 0.612636 0.676047
vt 0.543542 0.676047
vt 0.463672 0.676047
vt 0.383800 0.676047
vt 0.874318 0.500000
vt 0.875000 0.500000
vt 0.625000 0.339865
vt 0.625000 0.339814
vt 0.625000 0.331804
vt 0.625000 0.331753
vt 0.625000 0.323743
vt 0.625000 0.323692
vt 0.463670 0.580635
vt 0.543543 0.580635
vt 0.623413 0.580635
vt 0.623413 0.676047
vt 0.543543 0.676047
vt 0.463670 0.676047
vt 0.383800 0.676047
vt 0.625000 0.927659
vt 0.625000 0.930803
vt 0.625000 0.922788
vt 0.625000 0.925931
vt 0.625000 0.917917
vt 0.625000 0.921060
vt 0.625000 0.916189
vt 0.126587 0.652194
vt 0.286328 0.580635
vt 0.366201 0.580635
vt 0.419399 0.580635
vt 0.463671 0.580635
vt 0.623413 0.604488
vt 0.623413 0.628341
vt 0.623413 0.652194
vt 0.543542 0.676047
vt 0.463671 0.676047
vt 0.419399 0.676047
vt 0.383799 0.676047
vt 0.366201 0.676047
vt 0.206458 0.676047
vt 0.206458 0.580635
vt 0.366200 0.580635
vt 0.286328 0.580635
vt 0.625000 0.989739
vt 0.625000 0.989717
vt 0.463671 0.580635
vt 0.543542 0.580635
vt 0.543542 0.676047
vt 0.366200 0.676047
vt 0.286327 0.676047
vt 0.206458 0.676047
vt 0.126587 0.676047
vt 0.126586 0.652194
vt 0.126586 0.628341
vt 0.126584 0.604488
vt 0.126586 0.580635
vt 0.206456 0.580635
vt 0.286328 0.580635
vt 0.366200 0.580635
vt 0.625000 0.268601
vt 0.625000 0.270754
vt 0.831845 0.625000
vt 0.831795 0.625000
vt 0.839704 0.625000
vt 0.839655 0.625000
vt 0.286329 0.676047
vt 0.206458 0.676047
vt 0.126586 0.676047
vt 0.126587 0.652194
vt 0.206458 0.580635
vt 0.286329 0.580635
vt 0.366202 0.580635
vt 0.625000 0.926707
vt 0.625000 0.928679
vt 0.625000 0.920653
vt 0.625000 0.922626
vt 0.625000 0.914600
vt 0.625000 0.916572
vt 0.625000 0.910519
vt 0.206457 0.676047
vt 0.286328 0.580635
vt 0.366200 0.580635
vt 0.625000 0.316748
vt 0.625000 0.314268
vt 0.625000 0.316014
vt 0.625000 0.316071
vt 0.625000 0.309138
vt 0.625000 0.306658
vt 0.625000 0.306915
vt 0.625000 0.306973
vt 0.625000 0.301528
vt 0.625000 0.299048
vt 0.625000 0.297817
vt 0.625000 0.297874
vt 0.383800 0.580635
vt 0.463672 0.580635
vt 0.543542 0.580635
vt 0.623413 0.652194
vt 0.543542 0.676047
vt 0.463671 0.676047
vt 0.383799 0.676047
vt 0.463672 0.580635
vt 0.463673 0.676047
vt 0.625000 0.913917
vt 0.625000 0.912672
vt 0.625000 0.911988
vt 0.625000 0.910743
vt 0.625000 0.910058
vt 0.625000 0.908813
vt 0.625000 0.263358
vt 0.625000 0.263373
vt 0.366201 0.676047
vt 0.206458 0.676047
vt 0.366201 0.580635
vt 0.625000 0.994302
vt 0.859588 0.500000
vt 0.859574 0.500000
vt 0.861895 0.500000
vt 0.861880 0.500000
vt 0.625000 0.265426
vt 0.625000 0.265412
vt 0.625000 0.263120
vt 0.625000 0.263105
vt 0.625000 0.953181
vt 0.625000 0.953123
vt 0.625000 0.944082
vt 0.625000 0.944025
vt 0.625000 0.934984
vt 0.625000 0.934926
vt 0.754255 0.500000
vt 0.754207 0.500000
vt 0.761882 0.500000
vt 0.761833 0.500000
vt 0.769508 0.500000
vt 0.769460 0.500000
vt 0.777134 0.500000
vt 0.777086 0.500000
vt 0.366201 0.676047
vt 0.206458 0.676047
vt 0.206456 0.580635
vt 0.366200 0.580635
vt 0.859336 0.750000
vt 0.859321 0.750000
vt 0.861642 0.750000
vt 0.861627 0.750000
vt 0.625000 0.989335
vt 0.625000 0.989358
vt 0.383800 0.580635
vt 0.463672 0.580635
vt 0.543542 0.580635
vt 0.623414 0.676047
vt 0.463673 0.676047
vt 0.383800 0.676047
vt 0.874299 0.687500
vt 0.875000 0.687500
vt 0.875000 0.750000
vt 0.874318 0.750000
vt 0.625000 0.310535
vt 0.625000 0.306240
vt 0.625000 0.303880
vt 0.625000 0.299585
vt 0.543543 0.580635
vt 0.596170 0.580635
vt 0.596169 0.676047
vt 0.543543 0.676047
vt 0.625000 0.967005
vt 0.625000 0.964360
vt 0.625000 0.973535
vt 0.625000 0.973606
vt 0.625000 0.958888
vt 0.625000 0.956243
vt 0.625000 0.962260
vt 0.625000 0.962331
vt 0.807643 0.562500
vt 0.807696 0.562500
vt 0.807142 0.625000
vt 0.807091 0.625000
vt 0.815914 0.562500
vt 0.815967 0.562500
vt 0.815106 0.625000
vt 0.815055 0.625000
vt 0.824185 0.562500
vt 0.824238 0.562500
vt 0.823070 0.625000
vt 0.823019 0.625000
vt 0.383800 0.580635
vt 0.519864 0.580635
vt 0.543543 0.580635
vt 0.623415 0.580635
vt 0.623416 0.604488
vt 0.623415 0.628341
vt 0.623415 0.652194
vt 0.623415 0.676047
vt 0.519864 0.676047
vt 0.463670 0.676047
vt 0.383800 0.676047
vt 0.383799 0.580635
vt 0.623414 0.580635
vt 0.543543 0.676047
vt 0.463672 0.676047
vt 0.625000 0.333428
vt 0.625000 0.335400
vt 0.625000 0.327374
vt 0.625000 0.329347
vt 0.625000 0.321321
vt 0.625000 0.323293
vt 0.625000 0.929343
vt 0.625000 0.927370
vt 0.625000 0.923289
vt 0.625000 0.921317
vt 0.625000 0.923322
vt 0.625000 0.926465
vt 0.625000 0.917236
vt 0.625000 0.915264
vt 0.625000 0.918451
vt 0.625000 0.921594
vt 0.625000 0.911183
vt 0.625000 0.916723
vt 0.625000 0.341187
vt 0.625000 0.339942
vt 0.625000 0.339257
vt 0.625000 0.338012
vt 0.625000 0.337328
vt 0.625000 0.336083
vt 0.625000 0.335399
vt 0.625000 0.256775
vt 0.625000 0.256808
vt 0.383799 0.580635
vt 0.385409 0.580635
vt 0.463671 0.580635
vt 0.623412 0.604488
vt 0.463671 0.676047
vt 0.385409 0.676047
vt 0.383799 0.676047
vt 0.808929 0.500000
vt 0.808986 0.500000
vt 0.818027 0.500000
vt 0.818085 0.500000
vt 0.827126 0.500000
vt 0.827184 0.500000
vt 0.625000 0.260283
vt 0.625000 0.260261
vt 0.625000 0.340697
vt 0.625000 0.340749
vt 0.625000 0.332636
vt 0.625000 0.332687
vt 0.625000 0.324575
vt 0.625000 0.324626
vt 0.868192 0.500000
vt 0.868225 0.500000
vt 0.625000 0.925374
vt 0.625000 0.925425
vt 0.625000 0.917313
vt 0.625000 0.917364
vt 0.625000 0.909252
vt 0.625000 0.909303
vt 0.625000 0.926309
vt 0.625000 0.926257
vt 0.625000 0.918247
vt 0.625000 0.918196
vt 0.625000 0.910186
vt 0.625000 0.910135
vt 0.807643 0.687500
vt 0.807696 0.687500
vt 0.808986 0.750000
vt 0.808929 0.750000
vt 0.815914 0.687500
vt 0.815967 0.687500
vt 0.818085 0.750000
vt 0.818027 0.750000
vt 0.824185 0.687500
vt 0.824238 0.687500
vt 0.827184 0.750000
vt 0.827126 0.750000
vt 0.859321 0.500000
vt 0.859336 0.500000
vt 0.861627 0.500000
vt 0.861642 0.500000
vt 0.785135 0.750000
vt 0.785186 0.750000
vt 0.793196 0.750000
vt 0.793247 0.750000
vt 0.801257 0.750000
vt 0.801309 0.750000
s 1
usemtl Material.004
f 73/1/1 500/2/2 74/3/3 1/4/4
f 500/2/2 501/5/5 75/6/6 74/3/3
f 501/5/5 502/7/7 76/8/8 75/6/6
f 502/7/7 83/9/9 2/10/10 76/8/8
f 107/11/11 503/12/12 77/13/13 5/14/14
f 503/12/12 504/15/15 78/16/16 77/13/13
f 504/15/15 505/17/17 79/18/18 78/16/16
f 505/17/17 73/19/1 1/20/4 79/18/18
f 506/21/19 1891/22/20 1883/23/20 1903/24/20 1902/25/21
f 507/26/22 509/27/20 1930/28/20 1929/29/20 508/30/23
f 509/27/20 1908/31/20 1909/32/20 1928/33/20 1930/28/20
f 40/34/24 105/35/25 1848/36/26 1847/37/27 1867/38/26 1872/39/26 1871/40/27 1890/41/26 506/21/19 303/42/28
f 303/42/28 506/21/19 1902/25/21 1901/43/29 1915/44/21 507/26/22 302/45/30
f 302/45/30 507/26/22 508/30/23 301/46/31
f 301/46/31 508/30/23 1931/47/32 1932/48/33 1943/49/32 86/50/34 37/10/33
f 508/30/23 1929/29/20 1931/47/32
f 106/51/20 1837/52/20 1839/53/20 1845/54/20 1844/55/20
f 105/35/25 106/51/20 1844/55/20 1848/36/26
f 104/56/35 510/57/36 80/58/37 6/59/38
f 510/57/36 511/60/39 81/61/40 80/58/37
f 511/60/39 512/62/41 82/63/42 81/61/40
f 512/62/41 85/64/43 3/65/44 82/63/42
f 513/66/45 1768/67/46 1781/68/46 1759/69/46 1757/70/47
f 514/71/45 1703/72/46 1697/73/46 1690/74/46 1692/75/47
f 39/76/48 102/77/45 1831/78/47 1819/79/49 1818/80/47 1815/81/47 1795/82/49 1794/83/47 1791/84/47 1773/85/49 1772/86/47 513/66/45 300/87/50
f 300/87/50 513/66/45 1757/70/47 1745/88/49 1744/89/47 1740/90/47 1721/91/49 1720/92/47 1709/93/47 1706/94/49 1705/95/47 514/71/45 299/96/50
f 299/96/50 514/71/45 1692/75/47 1682/97/49 1679/98/47 1661/99/47 1658/100/49 1655/101/47 1637/102/47 1625/103/49 1622/104/47 515/105/45 298/106/50
f 298/106/50 515/105/45 1611/107/47 1599/108/49 1600/109/47 1587/110/47 1575/111/49 1576/112/47 1563/113/47 1558/114/49 1559/115/47 1539/116/47 1528/117/49 1529/118/47 92/119/45 38/120/50
f 515/105/45 516/121/46 1612/122/46 1611/107/47
f 516/121/46 517/123/46 1610/124/46 1612/122/46
f 517/123/46 1629/125/46 1630/126/46 1617/127/46 1610/124/46
f 103/128/46 1833/129/46 1832/130/46
f 102/77/45 103/128/46 1832/130/46 1831/78/47
f 518/131/51 521/132/52 522/133/52 519/133/53
f 519/133/53 522/133/52 523/134/52 520/135/54
f 521/132/52 524/136/52 525/133/52 522/133/52
f 522/133/52 525/133/52 526/134/52 523/134/52
f 37/10/55 86/50/56 518/131/51 297/137/57
f 297/137/57 518/131/51 519/133/53 296/138/58
f 296/138/58 519/133/53 520/135/54 295/139/59
f 295/139/59 520/135/54 288/140/60 42/4/61
f 520/135/54 523/134/52 287/140/52 288/140/60
f 523/134/52 526/134/52 286/141/52 287/140/52
f 526/134/52 1941/142/52 1938/141/52 286/141/52
f 525/133/52 1939/133/52 1941/142/52 526/134/52
f 524/136/52 1940/143/52 1939/133/52 525/133/52
f 88/144/52 1936/50/52 1940/143/52 524/136/52
f 87/50/52 88/144/52 524/136/52 521/132/52
f 86/50/56 87/50/52 521/132/52 518/131/51
f 527/145/62 1927/146/46 1920/147/46 530/148/46 528/149/63
f 528/149/63 530/148/46 1916/150/46 1918/151/64
f 530/148/46 1917/152/46 1916/150/46
f 42/20/65 288/153/66 1945/154/67 1934/155/65 1933/156/67 527/145/62 294/157/68
f 294/157/68 527/145/62 528/149/63 293/158/69
f 293/158/69 528/149/63 1918/151/64 1906/159/70 1905/160/64 529/161/71 292/162/72
f 292/162/72 529/161/71 1888/163/73 1873/164/74 1870/165/73 1865/166/73 1849/167/74 1846/168/73 102/77/45 39/76/48
f 529/161/71 1889/169/46 1888/163/73
f 286/170/46 1938/170/46 1942/171/46
f 287/153/46 286/170/46 1942/171/46 1944/172/46
f 288/153/66 287/153/46 1944/172/46 1945/154/67
f 83/9/9 531/173/75 99/174/76 2/10/10
f 531/173/75 532/175/77 100/176/78 99/174/76
f 532/175/77 533/177/79 101/178/80 100/176/78
f 533/177/79 104/56/35 6/59/38 101/178/80
f 534/179/25 537/180/20 1621/181/20 1624/182/81
f 535/183/25 1704/184/20 1708/185/81
f 537/180/20 538/186/20 1620/187/20 1621/181/20
f 41/188/82 285/189/25 1526/190/81 1527/191/83 1537/192/81 1556/193/81 1555/194/83 1561/195/81 1573/196/81 1572/197/83 1585/198/81 1597/199/81 1596/200/83 1609/201/81 534/179/25 291/202/82
f 291/202/82 534/179/25 1624/182/81 1623/203/83 1638/204/81 1657/205/81 1656/206/83 1662/207/81 1681/208/81 1680/209/83 1693/210/81 535/183/25 290/211/82
f 290/211/82 535/183/25 1708/185/81 1707/212/83 1712/213/81 1724/214/81 1723/215/83 1743/216/81 1748/217/81 1747/218/83 1760/219/81 536/220/25 289/221/82
f 289/221/82 536/220/25 1774/222/81 1775/223/83 1793/224/81 1796/225/81 1798/226/83 1817/227/81 1820/228/81 1822/229/83 1834/230/81 105/35/25 40/34/24
f 536/220/25 1769/231/20 1774/222/81
f 538/186/20 1631/232/20 1620/187/20
f 285/189/25 1525/233/20 1526/190/81
f 84/234/84 539/235/85 96/236/86 4/237/87
f 539/235/85 540/238/88 97/239/89 96/236/86
f 540/238/88 541/240/90 98/241/91 97/239/89
f 541/240/90 107/11/11 5/14/14 98/241/91
f 542/242/92 545/243/20 546/244/20 543/245/93
f 543/245/93 546/244/20 547/246/20 544/247/94
f 545/243/20 548/248/95 549/249/95 546/244/20
f 546/244/20 549/249/95 550/250/95 547/246/20
f 3/65/44 91/251/92 542/242/92 82/63/42
f 82/63/42 542/242/92 543/245/93 81/61/40
f 81/61/40 543/245/93 544/247/94 80/58/37
f 80/58/37 544/247/94 123/34/96 6/59/38
f 544/247/94 547/246/20 124/34/20 123/34/96
f 547/246/20 550/250/95 125/34/97 124/34/20
f 550/250/95 126/221/98 12/34/99 125/34/97
f 549/249/95 127/211/98 126/221/98 550/250/95
f 548/248/95 128/202/98 127/211/98 549/249/95
f 89/252/95 8/188/98 128/202/98 548/248/95
f 90/253/20 89/252/95 548/248/95 545/243/20
f 91/251/92 90/253/20 545/243/20 542/242/92
f 551/157/100 554/157/46 555/158/46 552/158/101
f 552/158/101 555/158/46 556/254/46 553/254/102
f 554/157/46 557/157/103 558/158/104 555/158/46
f 555/158/46 558/158/104 559/162/105 556/254/46
f 1/20/4 95/153/106 551/157/100 79/18/18
f 79/18/18 551/157/100 552/158/101 78/16/16
f 78/16/16 552/158/101 553/254/102 77/13/13
f 77/13/13 553/254/102 120/255/107 5/14/14
f 553/254/102 556/254/46 121/255/46 120/255/107
f 556/254/46 559/162/105 122/76/108 121/255/46
f 559/162/105 129/162/109 11/76/110 122/76/108
f 558/158/104 130/158/111 129/162/109 559/162/105
f 557/157/103 131/157/112 130/158/111 558/158/104
f 93/153/113 10/20/114 131/157/112 557/157/103
f 94/153/46 93/153/113 557/157/103 554/157/46
f 95/153/106 94/153/46 554/157/46 551/157/100
f 560/131/115 563/131/52 564/133/52 561/133/116
f 561/133/116 564/133/52 565/135/52 562/135/117
f 563/131/52 566/143/118 567/256/119 564/133/52
f 564/133/52 567/256/119 568/135/120 565/135/52
f 2/10/10 108/50/121 560/131/115 76/8/8
f 76/8/8 560/131/115 561/133/116 75/6/6
f 75/6/6 561/133/116 562/135/117 74/3/3
f 74/3/3 562/135/117 95/140/122 1/4/4
f 562/135/117 565/135/52 94/140/52 95/140/122
f 565/135/52 568/135/120 93/140/123 94/140/52
f 568/135/120 132/139/124 10/4/125 93/140/123
f 567/256/119 133/257/126 132/139/124 568/135/120
f 566/143/118 134/258/127 133/257/126 567/256/119
f 110/50/128 7/10/129 134/258/127 566/143/118
f 109/50/52 110/50/128 566/143/118 563/131/52
f 108/50/121 109/50/52 563/131/52 560/131/115
f 569/259/130 572/260/46 573/261/46 570/262/131
f 570/262/131 573/261/46 574/263/46 571/264/132
f 572/260/46 575/265/133 576/266/133 573/261/46
f 573/261/46 576/266/133 577/267/133 574/263/46
f 5/14/14 120/255/107 569/259/130 98/241/91
f 98/241/91 569/259/130 570/262/131 97/239/89
f 97/239/89 570/262/131 571/264/132 96/236/86
f 96/236/86 571/264/132 114/268/132 4/237/87
f 571/264/132 574/263/46 115/269/46 114/268/132
f 574/263/46 577/267/133 116/270/133 115/269/46
f 577/267/133 135/106/134 9/120/134 116/270/133
f 576/266/133 136/96/134 135/106/134 577/267/133
f 575/265/133 137/87/134 136/96/134 576/266/133
f 122/76/108 11/76/110 137/87/134 575/265/133
f 121/255/46 122/76/108 575/265/133 572/260/46
f 120/255/107 121/255/46 572/260/46 569/259/130
f 578/271/135 581/271/20 582/272/20 579/272/136
f 579/272/136 582/272/20 583/273/20 580/273/137
f 581/271/20 584/274/138 585/272/139 582/272/20
f 582/272/20 585/272/139 586/275/140 583/273/20
f 6/59/38 123/34/96 578/271/135 101/178/80
f 101/178/80 578/271/135 579/272/136 100/176/78
f 100/176/78 579/272/136 580/273/137 99/174/76
f 99/174/76 580/273/137 108/50/141 2/10/10
f 580/273/137 583/273/20 109/50/20 108/50/141
f 583/273/20 586/275/140 110/50/142 109/50/20
f 586/275/140 138/46/143 7/10/144 110/50/142
f 585/272/139 139/276/145 138/46/143 586/275/140
f 584/274/138 140/42/146 139/276/145 585/272/139
f 125/34/97 12/34/99 140/42/146 584/274/138
f 124/34/20 125/34/97 584/274/138 581/271/20
f 123/34/96 124/34/20 581/271/20 578/271/135
f 587/277/147 590/278/148 591/279/148 588/280/147
f 588/280/147 591/279/148 592/221/148 589/281/147
f 590/278/148 593/282/149 594/283/149 591/279/148
f 591/279/148 594/283/149 595/284/149 592/221/148
f 8/188/150 113/188/147 587/277/147 128/202/150
f 128/202/150 587/277/147 588/280/147 127/211/150
f 127/211/150 588/280/147 589/281/147 126/221/150
f 126/221/150 589/281/147 150/34/151 12/34/152
f 589/281/147 592/221/148 151/34/153 150/34/151
f 592/221/148 595/284/149 152/285/154 151/34/153
f 595/284/149 159/281/155 16/34/156 152/285/154
f 594/283/149 160/279/155 159/281/155 595/284/149
f 593/282/149 161/278/155 160/279/155 594/283/149
f 111/286/149 17/287/155 161/278/155 593/282/149
f 112/287/148 111/286/149 593/282/149 590/278/148
f 113/188/147 112/287/148 590/278/148 587/277/147
f 596/157/157 599/157/158 600/288/159 597/288/160
f 597/288/160 600/288/159 601/289/161 598/254/162
f 599/157/158 602/157/163 603/290/164 600/288/159
f 600/288/159 603/290/164 604/291/165 601/289/161
f 10/20/166 119/153/167 596/157/157 131/157/168
f 131/157/168 596/157/157 597/288/160 130/158/169
f 130/158/169 597/288/160 598/254/162 129/162/170
f 129/162/170 598/254/162 147/76/171 11/76/172
f 598/254/162 601/289/161 148/76/173 147/76/171
f 601/289/161 604/291/165 149/292/174 148/76/173
f 604/291/165 162/289/175 15/76/176 149/292/174
f 603/290/164 163/288/177 162/289/175 604/291/165
f 602/157/163 164/157/178 163/288/177 603/290/164
f 117/153/179 18/20/180 164/157/178 602/157/163
f 118/153/181 117/153/179 602/157/163 599/157/158
f 119/153/167 118/153/181 599/157/158 596/157/157
f 605/293/182 608/294/183 609/295/184 606/296/185
f 606/296/185 609/295/184 610/297/186 607/298/187
f 608/294/183 611/299/188 612/300/189 609/295/184
f 609/295/184 612/300/189 613/301/190 610/297/186
f 7/10/191 141/302/192 605/293/182 134/258/193
f 134/258/193 605/293/182 606/296/185 133/257/126
f 133/257/126 606/296/185 607/298/187 132/139/124
f 132/139/124 607/298/187 119/140/167 10/4/166
f 607/298/187 610/297/186 118/140/181 119/140/167
f 610/297/186 613/301/190 117/140/179 118/140/181
f 613/301/190 165/303/194 18/4/180 117/140/179
f 612/300/189 166/304/195 165/303/194 613/301/190
f 611/299/188 167/305/196 166/304/195 612/300/189
f 143/306/197 13/307/198 167/305/196 611/299/188
f 142/308/199 143/306/197 611/299/188 608/294/183
f 141/302/192 142/308/199 608/294/183 605/293/182
f 614/309/200 617/309/201 618/310/201 615/311/200
f 615/311/200 618/310/201 619/106/201 616/312/200
f 617/309/201 620/313/202 621/314/202 618/310/201
f 618/310/201 621/314/202 622/315/202 619/106/201
f 11/76/172 147/76/171 614/309/200 137/87/203
f 137/87/203 614/309/200 615/311/200 136/96/203
f 136/96/203 615/311/200 616/312/200 135/106/203
f 135/106/203 616/312/200 144/120/200 9/120/203
f 616/312/200 619/106/201 145/120/201 144/120/200
f 619/106/201 622/315/202 146/316/202 145/120/201
f 622/315/202 168/106/204 14/317/204 146/316/202
f 621/314/202 169/310/204 168/106/204 622/315/202
f 620/313/202 170/318/204 169/310/204 621/314/202
f 149/292/174 15/76/176 170/318/204 620/313/202
f 148/76/173 149/292/174 620/313/202 617/309/201
f 147/76/171 148/76/173 617/309/201 614/309/200
f 623/319/205 626/320/206 627/321/207 624/322/208
f 624/322/208 627/321/207 628/323/209 625/324/210
f 626/320/206 629/325/211 630/326/212 627/321/207
f 627/321/207 630/326/212 631/327/213 628/323/209
f 12/34/152 150/34/151 623/319/205 140/42/214
f 140/42/214 623/319/205 624/322/208 139/276/215
f 139/276/215 624/322/208 625/324/210 138/46/216
f 138/46/216 625/324/210 141/302/192 7/10/191
f 625/324/210 628/323/209 142/308/199 141/302/192
f 628/323/209 631/327/213 143/306/197 142/308/199
f 631/327/213 171/328/217 13/307/198 143/306/197
f 630/326/212 172/329/218 171/328/217 631/327/213
f 629/325/211 173/330/219 172/329/218 630/326/212
f 152/285/154 16/34/156 173/330/219 629/325/211
f 151/34/153 152/285/154 629/325/211 626/320/206
f 150/34/151 151/34/153 626/320/206 623/319/205
f 632/282/220 635/278/221 636/280/222 633/283/220
f 633/283/220 636/280/222 637/221/222 634/284/220
f 635/278/221 638/202/223 639/331/223 636/280/222
f 636/280/222 639/331/223 640/221/223 637/221/222
f 17/287/155 155/332/220 632/282/220 161/278/155
f 161/278/155 632/282/220 633/283/220 160/279/155
f 160/279/155 633/283/220 634/284/220 159/281/155
f 159/281/155 634/284/220 183/285/224 16/34/156
f 634/284/220 637/221/222 184/34/225 183/285/224
f 637/221/222 640/221/223 185/333/226 184/34/225
f 640/221/223 192/221/227 22/34/228 185/333/226
f 639/331/223 193/211/227 192/221/227 640/221/223
f 638/202/223 194/202/227 193/211/227 639/331/223
f 153/334/223 23/188/227 194/202/227 638/202/223
f 154/188/221 153/334/223 638/202/223 635/278/221
f 155/332/220 154/188/221 635/278/221 632/282/220
f 641/157/229 644/157/230 645/158/231 642/290/232
f 642/290/232 645/158/231 646/254/233 643/291/234
f 644/157/230 647/157/235 648/288/236 645/158/231
f 645/158/231 648/288/236 649/162/237 646/254/233
f 18/20/180 158/153/238 641/157/229 164/157/178
f 164/157/178 641/157/229 642/290/232 163/288/177
f 163/288/177 642/290/232 643/291/234 162/289/175
f 162/289/175 643/291/234 180/292/239 15/76/176
f 643/291/234 646/254/233 181/255/240 180/292/239
f 646/254/233 649/162/237 182/76/241 181/255/240
f 649/162/237 195/162/242 21/76/243 182/76/241
f 648/288/236 196/158/244 195/162/242 649/162/237
f 647/157/235 197/157/245 196/158/244 648/288/236
f 156/153/246 24/20/247 197/157/245 647/157/235
f 157/153/248 156/153/246 647/157/235 644/157/230
f 158/153/238 157/153/248 644/157/230 641/157/229
f 650/299/249 653/294/250 654/295/251 651/300/252
f 651/300/252 654/295/251 655/335/253 652/301/254
f 653/294/250 656/293/255 657/296/256 654/295/251
f 654/295/251 657/296/256 658/298/257 655/335/253
f 13/307/198 174/306/258 650/299/249 167/305/196
f 167/305/196 650/299/249 651/300/252 166/304/195
f 166/304/195 651/300/252 652/301/254 165/303/194
f 165/303/194 652/301/254 158/140/238 18/4/180
f 652/301/254 655/335/253 157/140/248 158/140/238
f 655/335/253 658/298/257 156/140/246 157/140/248
f 658/298/257 198/139/259 24/4/247 156/140/246
f 657/296/256 199/138/260 198/139/259 658/298/257
f 656/293/255 200/137/261 199/138/260 657/296/256
f 176/302/262 19/10/263 200/137/261 656/293/255
f 175/336/264 176/302/262 656/293/255 653/294/250
f 174/306/258 175/336/264 653/294/250 650/299/249
f 659/337/265 662/309/266 663/310/266 660/314/265
f 660/314/265 663/310/266 664/338/267 661/315/265
f 662/309/266 665/87/268 666/310/268 663/310/266
f 663/310/266 666/310/268 667/312/268 664/338/267
f 15/76/176 180/292/239 659/337/265 170/318/204
f 170/318/204 659/337/265 660/314/265 169/310/204
f 169/310/204 660/314/265 661/315/265 168/106/204
f 168/106/204 661/315/265 177/339/265 14/317/204
f 661/315/265 664/338/267 178/340/266 177/339/265
f 664/338/267 667/312/268 179/317/268 178/340/266
f 667/312/268 201/338/269 20/317/269 179/317/268
f 666/310/268 202/96/269 201/338/269 667/312/268
f 665/87/268 203/87/269 202/96/269 666/310/268
f 182/76/241 21/76/243 203/87/269 665/87/268
f 181/255/240 182/76/241 665/87/268 662/309/266
f 180/292/239 181/255/240 662/309/266 659/337/265
f 668/325/270 671/341/271 672/321/272 669/326/273
f 669/326/273 672/321/272 673/342/274 670/327/275
f 671/341/271 674/319/276 675/322/277 672/321/272
f 672/321/272 675/322/277 676/324/278 673/342/274
f 16/34/156 183/285/224 668/325/270 173/330/219
f 173/330/219 668/325/270 669/326/273 172/329/218
f 172/329/218 669/326/273 670/327/275 171/328/217
f 171/328/217 670/327/275 174/306/258 13/307/198
f 670/327/275 673/342/274 175/336/264 174/306/258
f 673/342/274 676/324/278 176/302/262 175/336/264
f 676/324/278 204/46/279 19/10/263 176/302/262
f 675/322/277 205/45/280 204/46/279 676/324/278
f 674/319/276 206/42/281 205/45/280 675/322/277
f 185/333/226 22/34/228 206/42/281 674/319/276
f 184/34/225 185/333/226 674/319/276 671/341/271
f 183/285/224 184/34/225 671/341/271 668/325/270
f 677/277/282 680/277/20 681/279/20 678/280/282
f 678/280/282 681/279/20 682/221/20 679/221/282
f 680/277/20 683/202/283 684/211/283 681/279/20
f 681/279/20 684/211/283 685/221/283 682/221/20
f 23/188/227 188/188/282 677/277/282 194/202/227
f 194/202/227 677/277/282 678/280/282 193/211/227
f 193/211/227 678/280/282 679/221/282 192/221/227
f 192/221/227 679/221/282 216/34/282 22/34/228
f 679/221/282 682/221/20 217/34/20 216/34/282
f 682/221/20 685/221/283 218/34/283 217/34/20
f 685/221/283 225/221/284 28/34/285 218/34/283
f 684/211/283 226/211/284 225/221/284 685/221/283
f 683/202/283 227/202/284 226/211/284 684/211/283
f 186/188/283 29/188/284 227/202/284 683/202/283
f 187/343/20 186/188/283 683/202/283 680/277/20
f 188/188/282 187/343/20 680/277/20 677/277/282
f 686/157/286 689/157/46 690/158/46 687/158/287
f 687/158/287 690/158/46 691/254/46 688/254/288
f 689/157/46 692/157/289 693/158/290 690/158/46
f 690/158/46 693/158/290 694/162/291 691/254/46
f 24/20/292 191/153/293 686/157/286 197/157/294
f 197/157/294 686/157/286 687/158/287 196/158/295
f 196/158/295 687/158/287 688/254/288 195/162/242
f 195/162/242 688/254/288 213/255/296 21/76/243
f 688/254/288 691/254/46 214/255/46 213/255/296
f 691/254/46 694/162/291 215/76/297 214/255/46
f 694/162/291 228/162/298 27/76/299 215/76/297
f 693/158/290 229/158/300 228/162/298 694/162/291
f 692/157/289 230/157/301 229/158/300 693/158/290
f 189/153/302 30/20/303 230/157/301 692/157/289
f 190/153/46 189/153/302 692/157/289 689/157/46
f 191/153/293 190/153/46 689/157/46 686/157/286
f 695/131/304 698/131/52 699/133/52 696/133/305
f 696/133/305 699/133/52 700/135/52 697/135/306
f 698/131/52 701/143/307 702/256/308 699/133/52
f 699/133/52 702/256/308 703/135/309 700/135/52
f 19/10/310 207/50/311 695/131/304 200/137/312
f 200/137/312 695/131/304 696/133/305 199/138/260
f 199/138/260 696/133/305 697/135/306 198/139/259
f 198/139/259 697/135/306 191/140/313 24/4/314
f 697/135/306 700/135/52 190/140/52 191/140/313
f 700/135/52 703/135/309 189/140/315 190/140/52
f 703/135/309 231/139/316 30/4/317 189/140/315
f 702/256/308 232/257/318 231/139/316 703/135/309
f 701/143/307 233/258/319 232/257/318 702/256/308
f 209/50/320 25/10/321 233/258/319 701/143/307
f 208/50/52 209/50/320 701/143/307 698/131/52
f 207/50/311 208/50/52 698/131/52 695/131/304
f 704/309/296 707/309/46 708/310/46 705/310/296
f 705/310/296 708/310/46 709/338/46 706/338/296
f 707/309/46 710/87/297 711/96/297 708/310/46
f 708/310/46 711/96/297 712/106/297 709/338/46
f 21/76/243 213/255/296 704/309/296 203/87/269
f 203/87/269 704/309/296 705/310/296 202/96/269
f 202/96/269 705/310/296 706/338/296 201/338/269
f 201/338/269 706/338/296 210/340/296 20/317/269
f 706/338/296 709/338/46 211/340/46 210/340/296
f 709/338/46 712/106/297 212/317/297 211/340/46
f 712/106/297 234/106/322 26/120/322 212/317/297
f 711/96/297 235/96/322 234/106/322 712/106/297
f 710/87/297 236/87/322 235/96/322 711/96/297
f 215/76/297 27/76/299 236/87/322 710/87/297
f 214/255/46 215/76/297 710/87/297 707/309/46
f 213/255/296 214/255/46 707/309/46 704/309/296
f 713/271/323 716/271/20 717/272/20 714/272/324
f 714/272/324 717/272/20 718/273/20 715/273/325
f 716/271/20 719/274/326 720/272/327 717/272/20
f 717/272/20 720/272/327 721/275/328 718/273/20
f 22/34/228 216/34/282 713/271/323 206/42/281
f 206/42/281 713/271/323 714/272/324 205/45/329
f 205/45/329 714/272/324 715/273/325 204/46/330
f 204/46/330 715/273/325 207/50/331 19/10/332
f 715/273/325 718/273/20 208/50/20 207/50/331
f 718/273/20 721/275/328 209/50/333 208/50/20
f 721/275/328 237/46/334 25/10/335 209/50/333
f 720/272/327 238/276/336 237/46/334 721/275/328
f 719/274/326 239/42/337 238/276/336 720/272/327
f 218/34/283 28/34/285 239/42/337 719/274/326
f 217/34/20 218/34/283 719/274/326 716/271/20
f 216/34/282 217/34/20 716/271/20 713/271/323
f 722/277/338 725/278/339 726/279/339 723/280/338
f 723/280/338 726/279/339 727/221/340 724/281/338
f 725/278/339 728/282/341 729/283/341 726/279/339
f 726/279/339 729/283/341 730/284/341 727/221/340
f 29/188/342 221/188/338 722/277/338 227/202/343
f 227/202/343 722/277/338 723/280/338 226/211/343
f 226/211/343 723/280/338 724/281/338 225/221/343
f 225/221/343 724/281/338 249/34/344 28/34/345
f 724/281/338 727/221/340 250/34/346 249/34/344
f 727/221/340 730/284/341 251/285/347 250/34/346
f 730/284/341 258/281/138 34/34/348 251/285/347
f 729/283/341 259/279/138 258/281/138 730/284/341
f 728/282/341 260/278/138 259/279/138 729/283/341
f 219/286/341 35/287/138 260/278/138 728/282/341
f 220/287/339 219/286/341 728/282/341 725/278/339
f 221/188/338 220/287/339 725/278/339 722/277/338
f 731/157/349 734/157/350 735/288/351 732/288/352
f 732/288/352 735/288/351 736/289/353 733/254/354
f 734/157/350 737/157/355 738/290/356 735/288/351
f 735/288/351 738/290/356 739/291/357 736/289/353
f 30/20/358 224/153/359 731/157/349 230/157/360
f 230/157/360 731/157/349 732/288/352 229/158/361
f 229/158/361 732/288/352 733/254/354 228/162/362
f 228/162/362 733/254/354 246/76/363 27/76/364
f 733/254/354 736/289/353 247/76/365 246/76/363
f 736/289/353 739/291/357 248/292/366 247/76/365
f 739/291/357 261/289/367 33/76/368 248/292/366
f 738/290/356 262/288/369 261/289/367 739/291/357
f 737/157/355 263/157/370 262/288/369 738/290/356
f 222/153/371 36/20/372 263/157/370 737/157/355
f 223/153/373 222/153/371 737/157/355 734/157/350
f 224/153/359 223/153/373 734/157/350 731/157/349
f 740/293/374 743/294/375 744/295/376 741/296/377
f 741/296/377 744/295/378 745/297/379 742/298/380
f 743/294/375 746/299/381 747/300/382 744/295/383
f 744/295/384 747/300/385 748/301/386 745/297/379
f 25/10/387 240/302/388 740/293/374 233/258/389
f 233/258/389 740/293/374 741/296/377 232/257/390
f 232/257/390 741/296/377 742/298/380 231/139/391
f 231/139/391 742/298/380 224/140/359 30/4/358
f 742/298/380 745/297/379 223/140/373 224/140/359
f 745/297/379 748/301/386 222/140/371 223/140/373
f 748/301/386 264/303/392 36/4/372 222/140/371
f 747/300/385 265/304/393 264/303/392 748/301/386
f 746/299/381 266/305/394 265/304/395 747/300/382
f 242/306/396 31/307/397 266/305/394 746/299/381
f 241/308/398 242/306/396 746/299/381 743/294/375
f 240/302/388 241/308/398 743/294/375 740/293/374
f 749/309/399 752/309/400 753/310/400 750/311/399
f 750/311/399 753/310/400 754/106/401 751/312/399
f 752/309/400 755/313/402 756/314/402 753/310/400
f 753/310/400 756/314/402 757/315/402 754/106/401
f 27/76/364 246/76/363 749/309/399 236/87/403
f 236/87/403 749/309/399 750/311/399 235/96/403
f 235/96/403 750/311/399 751/312/399 234/106/403
f 234/106/403 751/312/399 243/120/399 26/120/404
f 751/312/399 754/106/401 244/120/401 243/120/399
f 754/106/401 757/315/402 245/316/402 244/120/401
f 757/315/402 267/106/105 32/317/105 245/316/402
f 756/314/402 268/310/105 267/106/105 757/315/402
f 755/313/402 269/318/105 268/310/105 756/314/402
f 248/292/366 33/76/368 269/318/105 755/313/402
f 247/76/365 248/292/366 755/313/402 752/309/400
f 246/76/363 247/76/365 752/309/400 749/309/399
f 758/319/405 761/320/406 762/321/407 759/322/408
f 759/322/408 762/321/407 763/323/409 760/324/410
f 761/320/406 764/325/411 765/326/412 762/321/407
f 762/321/407 765/326/412 766/327/413 763/323/409
f 28/34/345 249/34/344 758/319/405 239/42/414
f 239/42/414 758/319/405 759/322/408 238/276/415
f 238/276/415 759/322/408 760/324/410 237/46/416
f 237/46/416 760/324/410 240/302/388 25/10/387
f 760/324/410 763/323/409 241/308/398 240/302/388
f 763/323/409 766/327/413 242/306/396 241/308/398
f 766/327/413 270/328/417 31/307/397 242/306/396
f 765/326/412 271/329/418 270/328/417 766/327/413
f 764/325/411 272/330/419 271/329/418 765/326/412
f 251/285/347 34/34/348 272/330/419 764/325/411
f 250/34/346 251/285/347 764/325/411 761/320/406
f 249/34/344 250/34/346 761/320/406 758/319/405
f 767/282/420 770/278/421 771/280/421 768/283/420
f 768/283/420 771/280/421 772/221/421 769/284/420
f 770/278/421 773/202/422 774/331/422 771/280/421
f 771/280/421 774/331/422 775/221/422 772/221/421
f 35/287/138 254/332/420 767/282/420 260/278/138
f 260/278/138 767/282/420 768/283/420 259/279/138
f 259/279/138 768/283/420 769/284/420 258/281/138
f 258/281/138 769/284/420 282/285/423 34/34/348
f 769/284/420 772/221/421 283/34/424 282/285/423
f 772/221/421 775/221/422 284/333/425 283/34/424
f 775/221/422 289/221/82 40/34/24 284/333/425
f 774/331/422 290/211/82 289/221/82 775/221/422
f 773/202/422 291/202/82 290/211/82 774/331/422
f 252/334/422 41/188/82 291/202/82 773/202/422
f 253/188/421 252/334/422 773/202/422 770/278/421
f 254/332/420 253/188/421 770/278/421 767/282/420
f 776/157/426 779/157/427 780/158/428 777/290/429
f 777/290/429 780/158/428 781/254/430 778/291/431
f 779/157/427 782/157/432 783/288/433 780/158/428
f 780/158/428 783/288/433 784/162/434 781/254/430
f 36/20/372 257/153/435 776/157/426 263/157/370
f 263/157/370 776/157/426 777/290/429 262/288/369
f 262/288/369 777/290/429 778/291/431 261/289/367
f 261/289/367 778/291/431 279/292/436 33/76/368
f 778/291/431 781/254/430 280/255/437 279/292/436
f 781/254/430 784/162/434 281/76/438 280/255/437
f 784/162/434 292/162/72 39/76/48 281/76/438
f 783/288/433 293/158/69 292/162/72 784/162/434
f 782/157/432 294/157/68 293/158/69 783/288/433
f 255/153/439 42/20/440 294/157/68 782/157/432
f 256/153/441 255/153/439 782/157/432 779/157/427
f 257/153/435 256/153/441 779/157/427 776/157/426
f 785/299/442 788/294/443 789/295/444 786/300/445
f 786/300/446 789/295/447 790/335/448 787/301/449
f 788/294/443 791/293/450 792/296/451 789/295/444
f 789/295/447 792/296/451 793/298/452 790/335/448
f 31/307/397 273/306/453 785/299/442 266/305/394
f 266/305/394 785/299/442 786/300/445 265/304/395
f 265/304/393 786/300/446 787/301/449 264/303/392
f 264/303/392 787/301/449 257/140/435 36/4/372
f 787/301/449 790/335/448 256/140/441 257/140/435
f 790/335/448 793/298/452 255/140/439 256/140/441
f 793/298/452 295/139/454 42/4/455 255/140/455
f 792/296/451 296/138/456 295/139/454 793/298/452
f 791/293/450 297/137/457 296/138/456 792/296/451
f 275/302/458 37/10/458 297/137/457 791/293/450
f 274/336/459 275/302/460 791/293/450 788/294/443
f 273/306/453 274/336/459 788/294/443 785/299/442
f 794/337/461 797/309/462 798/310/462 795/314/463
f 795/314/463 798/310/462 799/338/462 796/315/463
f 797/309/462 800/87/464 801/311/464 798/310/462
f 798/310/462 801/311/464 802/106/464 799/338/462
f 33/76/368 279/292/436 794/337/461 269/318/105
f 269/318/105 794/337/461 795/314/463 268/310/105
f 268/310/105 795/314/463 796/315/463 267/106/105
f 267/106/105 796/315/463 276/339/461 32/317/105
f 796/315/463 799/338/462 277/120/462 276/339/461
f 799/338/462 802/106/464 278/317/464 277/120/462
f 802/106/464 298/106/50 38/120/50 278/317/464
f 801/311/464 299/96/50 298/106/50 802/106/464
f 800/87/464 300/87/50 299/96/50 801/311/464
f 281/76/438 39/76/48 300/87/50 800/87/464
f 280/255/437 281/76/438 800/87/464 797/309/462
f 279/292/436 280/255/437 797/309/462 794/337/461
f 803/325/465 806/341/466 807/321/467 804/326/468
f 804/326/468 807/321/467 808/342/469 805/327/470
f 806/341/466 809/319/471 810/322/472 807/321/467
f 807/321/467 810/322/472 811/324/473 808/342/469
f 34/34/348 282/285/423 803/325/465 272/330/419
f 272/330/419 803/325/465 804/326/468 271/329/418
f 271/329/418 804/326/468 805/327/470 270/328/417
f 270/328/417 805/327/470 273/306/453 31/307/397
f 805/327/470 808/342/469 274/336/459 273/306/453
f 808/342/469 811/324/473 275/302/460 274/336/459
f 811/324/473 301/46/31 37/10/474 275/302/460
f 810/322/472 302/45/30 301/46/31 811/324/473
f 809/319/471 303/42/28 302/45/30 810/322/472
f 284/333/425 40/34/24 303/42/28 809/319/471
f 283/34/424 284/333/425 809/319/471 806/341/466
f 282/285/423 283/34/424 806/341/466 803/325/465
f 814/7/475 307/344/476 44/10/477 314/345/478
f 813/346/479 306/133/480 307/344/476 814/7/475
f 812/347/481 305/135/482 306/133/480 813/346/479
f 304/1/483 43/140/484 305/135/482 812/347/481
f 817/348/485 310/349/486 43/153/484 304/19/483
f 816/350/487 309/351/488 310/349/486 817/348/485
f 815/352/489 308/353/490 309/351/488 816/350/487
f 337/354/491 47/355/492 308/353/490 815/352/489
f 818/21/19 1172/356/493 1170/357/20 1177/358/20 1178/359/20
f 819/26/494 1141/360/495 1145/361/20 820/27/20
f 820/27/20 1145/361/20 1146/362/20 1159/363/20 1158/364/20
f 71/365/24 499/42/496 818/21/19 1180/366/26 1179/367/27 1193/368/26 1204/369/26 1203/370/27 1224/371/26 334/35/25
f 334/35/25 1224/371/26 1217/372/20 335/373/20
f 335/373/20 1217/372/20 1219/374/20 336/375/20
f 336/375/20 1219/374/20 1215/376/20 1232/377/20 1238/378/20
f 821/30/497 318/50/498 319/50/20 1126/379/20 1125/380/20
f 497/381/499 69/10/500 318/50/498 821/30/497
f 498/45/501 497/381/499 821/30/497 1131/382/495 1130/383/502 1141/360/495 819/26/494
f 499/42/496 498/45/501 819/26/494 1162/384/493 1161/385/503 1172/356/493 818/21/19
f 824/386/504 313/387/505 3/65/44 85/64/43
f 823/388/506 312/389/507 313/387/505 824/386/504
f 822/390/508 311/391/509 312/389/507 823/388/506
f 333/392/510 48/393/511 311/391/509 822/390/508
f 825/66/45 1287/394/47 1283/395/46
f 826/396/45 1355/397/47 1352/398/46
f 70/76/48 496/87/50 825/66/45 1273/399/47 1253/400/49 1254/401/47 1249/402/47 1227/403/49 1228/404/47 330/405/45
f 330/405/45 1228/404/47 1239/406/46 331/407/46
f 331/407/46 1239/406/46 1240/408/46 332/409/46
f 332/409/46 1240/408/46 1234/410/46
f 829/123/46 1456/411/46 1460/412/46 1447/413/46 1443/414/46
f 828/121/46 1457/415/46 1456/411/46 829/123/46
f 827/105/45 1451/416/47 1457/415/46 828/121/46
f 494/106/50 38/120/50 92/119/45 1520/417/47 1498/418/49 1499/419/47 1489/420/47 1474/421/49 1475/422/47 1472/423/47 1450/424/49 1451/416/47 827/105/45
f 495/96/50 494/106/50 827/105/45 1439/425/47 1427/426/49 1426/427/47 1422/428/47 1402/429/49 1403/430/47 1391/431/47 1385/432/49 1386/433/47 1367/434/47 1354/435/49 1355/397/47 826/396/45
f 496/87/50 495/96/50 826/396/45 1340/436/47 1328/437/49 1329/438/47 1316/439/47 1304/440/49 1305/441/47 1299/442/47 1290/443/49 1287/394/47 825/66/45
f 830/344/512 833/133/513 834/133/514 831/132/514
f 831/132/514 834/133/514 835/133/514 832/136/514
f 833/133/513 836/135/515 837/135/514 834/133/514
f 834/133/514 837/135/514 838/134/514 835/133/514
f 69/10/516 493/137/517 830/344/512 318/50/518
f 318/50/518 830/344/512 831/132/514 319/50/514
f 319/50/514 831/132/514 832/136/514 320/144/514
f 320/144/514 832/136/514 317/143/514 46/50/514
f 832/136/514 835/133/514 316/133/514 317/143/514
f 835/133/514 838/134/514 315/142/514 316/133/514
f 838/134/514 482/141/514 45/140/514 315/142/514
f 837/135/514 483/140/514 482/141/514 838/134/514
f 836/135/515 484/140/519 483/140/514 837/135/514
f 491/139/520 72/4/521 484/140/519 836/135/515
f 492/444/522 491/139/520 836/135/515 833/133/513
f 493/137/517 492/444/522 833/133/513 830/344/512
f 839/145/523 1129/445/524 1124/446/46
f 840/447/525 1163/448/526 1157/449/46 841/450/46
f 841/450/46 1157/449/46 1155/451/46
f 72/20/527 490/157/528 839/145/523 484/153/529
f 484/153/529 839/145/523 1124/446/46 1135/452/46 483/153/46
f 483/153/46 1135/452/46 1136/453/46 482/170/46
f 482/170/46 1136/453/46 1137/454/46 45/153/46
f 842/161/71 1182/455/73 1190/456/46
f 488/162/530 70/76/48 330/405/45 1225/457/73 1206/458/74 1207/459/73 1194/460/73 1181/461/74 1182/455/73 842/161/71
f 489/158/531 488/162/530 842/161/71 1175/462/526 1164/463/532 1163/448/526 840/447/525
f 490/157/528 489/158/531 840/447/525 1140/464/524 1128/465/533 1129/445/524 839/145/523
f 845/466/534 329/467/535 48/393/511 333/392/510
f 844/468/536 328/469/537 329/467/535 845/466/534
f 843/470/538 327/471/539 328/469/537 844/468/536
f 314/345/478 44/10/477 327/471/539 843/470/538
f 846/472/25 1440/473/81 1442/474/20 847/475/20
f 847/475/20 1442/474/20 1441/476/20 848/477/20
f 849/478/25 1341/479/81 1345/480/20 1351/481/20 1353/482/20
f 41/188/82 487/202/82 846/472/25 1453/483/81 1452/484/83 1473/485/81 1477/486/81 1476/487/83 1490/488/81 1501/489/81 1500/490/83 1521/491/81 285/189/25
f 285/189/25 1521/491/81 1517/492/20 1524/493/20 1525/233/20
f 848/477/20 1441/476/20 1444/494/20
f 850/495/25 1275/496/81 1271/497/20 1285/498/20 1286/499/20
f 485/281/82 71/365/24 334/35/25 1231/500/81 1230/501/83 1251/502/81 1257/503/81 1256/504/83 1275/496/81 850/495/25
f 486/331/82 485/281/82 850/495/25 1289/505/81 1288/506/83 1300/507/81 1307/508/81 1306/509/83 1317/510/81 1331/511/81 1330/512/83 1341/479/81 849/478/25
f 487/202/82 486/331/82 849/478/25 1356/513/81 1357/514/83 1368/515/81 1387/516/81 1388/517/83 1392/518/81 1404/519/81 1405/520/83 1423/521/81 1428/522/81 1429/523/83 1440/473/81 846/472/25
f 853/524/540 326/525/541 47/355/492 337/354/491
f 852/526/542 325/527/543 326/525/541 853/524/540
f 851/528/544 324/529/545 325/527/543 852/526/542
f 84/234/84 4/237/87 324/529/545 851/528/544
f 854/477/92 857/530/93 858/531/20 855/475/20
f 855/475/20 858/531/20 859/532/95 856/533/95
f 857/530/93 860/534/546 861/535/20 858/531/20
f 858/531/20 861/535/20 862/495/95 859/532/95
f 3/65/44 313/387/505 854/477/92 91/251/92
f 91/251/92 854/477/92 855/475/20 90/253/20
f 90/253/20 855/475/20 856/533/95 89/252/95
f 89/252/95 856/533/95 352/202/98 8/188/98
f 856/533/95 859/532/95 351/331/98 352/202/98
f 859/532/95 862/495/95 350/281/98 351/331/98
f 862/495/95 349/35/97 52/365/99 350/281/98
f 861/535/20 348/51/20 349/35/97 862/495/95
f 860/534/546 347/536/547 348/51/20 861/535/20
f 311/391/509 48/393/511 347/536/547 860/534/546
f 312/389/507 311/391/509 860/534/546 857/530/93
f 313/387/505 312/389/507 857/530/93 854/477/92
f 863/537/548 866/538/549 867/450/46 864/539/46
f 864/539/46 867/450/46 868/540/550 865/145/551
f 866/538/549 869/541/552 870/542/46 867/450/46
f 867/450/46 870/542/46 871/543/105 868/540/550
f 43/153/484 310/349/486 863/537/548 323/153/553
f 323/153/553 863/537/548 864/539/46 322/153/46
f 322/153/46 864/539/46 865/145/551 321/153/554
f 321/153/554 865/145/551 355/157/555 50/20/556
f 865/145/551 868/540/550 354/158/557 355/157/555
f 868/540/550 871/543/105 353/162/109 354/158/557
f 871/543/105 346/544/108 51/76/110 353/162/109
f 870/542/46 345/407/46 346/544/108 871/543/105
f 869/541/552 344/409/558 345/407/46 870/542/46
f 308/353/490 47/355/492 344/409/558 869/541/552
f 309/351/488 308/353/490 869/541/552 866/538/549
f 310/349/486 309/351/488 866/538/549 863/537/548
f 872/344/559 875/133/560 876/133/514 873/344/514
f 873/344/514 876/133/514 877/133/561 874/143/562
f 875/133/560 878/135/563 879/135/514 876/133/514
f 876/133/514 879/135/514 880/135/564 877/133/561
f 44/10/565 307/344/476 872/344/559 338/50/566
f 338/50/566 872/344/559 873/344/514 339/50/514
f 339/50/514 873/344/514 874/143/562 340/50/567
f 340/50/567 874/143/562 358/545/568 49/10/569
f 874/143/562 877/133/561 357/257/570 358/545/568
f 877/133/561 880/135/564 356/139/571 357/257/570
f 880/135/564 321/140/572 50/4/573 356/139/571
f 879/135/514 322/140/514 321/140/572 880/135/564
f 878/135/563 323/140/574 322/140/514 879/135/514
f 305/135/482 43/140/575 323/140/574 878/135/563
f 306/133/480 305/135/482 878/135/563 875/133/560
f 307/344/476 306/133/480 875/133/560 872/344/559
f 881/546/576 884/547/131 885/548/46 882/549/46
f 882/549/46 885/548/46 886/550/133 883/66/133
f 884/547/131 887/551/132 888/552/46 885/548/46
f 885/548/46 888/552/46 889/105/133 886/550/133
f 47/355/492 326/525/541 881/546/576 344/409/558
f 344/409/558 881/546/576 882/549/46 345/407/46
f 345/407/46 882/549/46 883/66/133 346/544/108
f 346/544/108 883/66/133 361/87/134 51/76/110
f 883/66/133 886/550/133 360/96/134 361/87/134
f 886/550/133 889/105/133 359/106/134 360/96/134
f 889/105/133 116/270/133 9/120/134 359/106/134
f 888/552/46 115/269/46 116/270/133 889/105/133
f 887/551/132 114/268/132 115/269/46 888/552/46
f 324/529/545 4/237/87 114/268/132 887/551/132
f 325/527/543 324/529/545 887/551/132 884/547/131
f 326/525/541 325/527/543 884/547/131 881/546/576
f 890/553/577 893/554/578 894/27/20 891/555/20
f 891/555/20 894/27/20 895/556/579 892/557/138
f 893/554/578 896/558/580 897/559/20 894/27/20
f 894/27/20 897/559/20 898/560/581 895/556/579
f 48/393/511 329/467/535 890/553/577 347/536/547
f 347/536/547 890/553/577 891/555/20 348/51/20
f 348/51/20 891/555/20 892/557/138 349/35/97
f 349/35/97 892/557/138 364/561/146 52/365/99
f 892/557/138 895/556/579 363/276/582 364/561/146
f 895/556/579 898/560/581 362/46/583 363/276/582
f 898/560/581 340/50/584 49/10/585 362/46/583
f 897/559/20 339/50/20 340/50/584 898/560/581
f 896/558/580 338/50/586 339/50/20 897/559/20
f 327/471/539 44/10/477 338/50/586 896/558/580
f 328/469/537 327/471/539 896/558/580 893/554/578
f 329/467/535 328/469/537 893/554/578 890/553/577
f 899/278/147 902/279/147 903/279/148 900/282/148
f 900/282/148 903/279/148 904/279/149 901/562/149
f 902/279/147 905/221/147 906/284/148 903/279/148
f 903/279/148 906/284/148 907/563/149 904/279/149
f 8/188/150 352/202/150 899/278/147 113/188/147
f 113/188/147 899/278/147 900/282/148 112/287/148
f 112/287/148 900/282/148 901/562/149 111/286/149
f 111/286/149 901/562/149 379/282/155 17/287/155
f 901/562/149 904/279/149 378/279/155 379/282/155
f 904/279/149 907/563/149 377/284/155 378/279/155
f 907/563/149 373/333/587 55/34/588 377/284/155
f 906/284/148 372/34/589 373/333/587 907/563/149
f 905/221/147 371/34/590 372/34/589 906/284/148
f 350/281/591 52/365/592 371/34/590 905/221/147
f 351/331/591 350/281/591 905/221/147 902/279/147
f 352/202/150 351/331/591 902/279/147 899/278/147
f 908/157/593 911/288/594 912/288/595 909/157/596
f 909/157/596 912/288/595 913/158/597 910/157/598
f 911/288/594 914/289/599 915/564/600 912/288/595
f 912/288/595 915/564/600 916/291/601 913/158/597
f 50/20/602 355/157/603 908/157/593 343/153/604
f 343/153/604 908/157/593 909/157/596 342/153/605
f 342/153/605 909/157/596 910/157/598 341/153/606
f 341/153/606 910/157/598 382/157/607 56/20/608
f 910/157/598 913/158/597 381/288/609 382/157/607
f 913/158/597 916/291/601 380/565/610 381/288/609
f 916/291/601 370/566/611 54/76/612 380/565/610
f 915/564/600 369/76/613 370/566/611 916/291/601
f 914/289/599 368/255/614 369/76/613 915/564/600
f 353/162/615 51/76/616 368/255/614 914/289/599
f 354/158/617 353/162/615 914/289/599 911/288/594
f 355/157/603 354/158/617 911/288/594 908/157/593
f 917/567/618 920/568/619 921/569/620 918/570/621
f 918/570/621 921/569/622 922/300/623 919/299/624
f 920/568/619 923/571/625 924/335/626 921/569/627
f 921/569/628 924/335/626 925/301/629 922/300/630
f 49/10/631 358/545/632 917/567/618 365/572/633
f 365/572/633 917/567/618 918/570/621 366/308/634
f 366/308/634 918/570/621 919/299/624 367/573/635
f 367/573/635 919/299/624 385/574/636 53/307/637
f 919/299/624 922/300/623 384/304/638 385/574/636
f 922/300/630 925/301/629 383/303/639 384/304/640
f 925/301/629 341/140/606 56/4/608 383/303/639
f 924/335/626 342/140/605 341/140/606 925/301/629
f 923/571/625 343/140/604 342/140/605 924/335/626
f 356/139/641 50/4/602 343/140/604 923/571/625
f 357/257/642 356/139/641 923/571/625 920/568/619
f 358/545/632 357/257/642 920/568/619 917/567/618
f 926/309/200 929/310/200 930/310/201 927/575/201
f 927/575/201 930/310/201 931/576/202 928/337/202
f 929/310/200 932/312/200 933/315/201 930/310/201
f 930/310/201 933/315/201 934/315/202 931/576/202
f 51/76/616 361/87/203 926/309/200 368/255/614
f 368/255/614 926/309/200 927/575/201 369/76/613
f 369/76/613 927/575/201 928/337/202 370/566/611
f 370/566/611 928/337/202 388/575/204 54/76/612
f 928/337/202 931/576/202 387/311/204 388/575/204
f 931/576/202 934/315/202 386/315/204 387/311/204
f 934/315/202 146/316/202 14/317/204 386/315/204
f 933/315/201 145/120/201 146/316/202 934/315/202
f 932/312/200 144/120/200 145/120/201 933/315/201
f 359/106/643 9/120/203 144/120/200 932/312/200
f 360/96/203 359/106/643 932/312/200 929/310/200
f 361/87/203 360/96/203 929/310/200 926/309/200
f 935/577/644 938/322/645 939/321/646 936/578/647
f 936/578/647 939/321/646 940/579/648 937/580/649
f 938/322/645 941/324/650 942/581/651 939/321/646
f 939/321/646 942/581/651 943/582/652 940/579/648
f 52/365/592 364/561/653 935/577/644 371/34/590
f 371/34/590 935/577/644 936/578/647 372/34/589
f 372/34/589 936/578/647 937/580/649 373/333/587
f 373/333/587 937/580/649 391/583/654 55/34/588
f 937/580/649 940/579/648 390/329/655 391/583/654
f 940/579/648 943/582/652 389/584/656 390/329/655
f 943/582/652 367/573/635 53/307/637 389/584/656
f 942/581/651 366/308/634 367/573/635 943/582/652
f 941/324/650 365/572/633 366/308/634 942/581/651
f 362/46/657 49/10/631 365/572/633 941/324/650
f 363/276/658 362/46/657 941/324/650 938/322/645
f 364/561/653 363/276/658 938/322/645 935/577/644
f 944/562/220 947/585/220 948/280/221 945/278/221
f 945/278/221 948/280/221 949/331/223 946/277/223
f 947/585/220 950/563/220 951/221/221 948/280/221
f 948/280/221 951/221/221 952/221/223 949/331/223
f 17/287/155 379/282/155 944/562/220 155/332/220
f 155/332/220 944/562/220 945/278/221 154/188/221
f 154/188/221 945/278/221 946/277/223 153/334/223
f 153/334/223 946/277/223 406/202/227 23/188/227
f 946/277/223 949/331/223 405/331/227 406/202/227
f 949/331/223 952/221/223 404/281/227 405/331/227
f 952/221/223 400/34/659 59/365/228 404/281/227
f 951/221/221 399/333/660 400/34/659 952/221/223
f 950/563/220 398/333/661 399/333/660 951/221/221
f 377/284/155 55/34/588 398/333/661 950/563/220
f 378/279/155 377/284/155 950/563/220 947/585/220
f 379/282/155 378/279/155 947/585/220 944/562/220
f 953/157/662 956/158/663 957/288/664 954/157/665
f 954/157/665 957/288/664 958/158/666 955/586/667
f 956/158/663 959/291/668 960/289/669 957/288/664
f 957/288/664 960/289/669 961/289/670 958/158/666
f 56/20/608 382/157/607 953/157/662 376/153/671
f 376/153/671 953/157/662 954/157/665 375/153/672
f 375/153/672 954/157/665 955/586/667 374/153/673
f 374/153/673 955/586/667 409/157/674 60/20/675
f 955/586/667 958/158/666 408/158/676 409/157/674
f 958/158/666 961/289/670 407/162/677 408/158/676
f 961/289/670 397/76/678 58/76/243 407/162/677
f 960/289/669 396/255/679 397/76/678 961/289/670
f 959/291/668 395/566/680 396/255/679 960/289/669
f 380/565/610 54/76/612 395/566/680 959/291/668
f 381/288/609 380/565/610 959/291/668 956/158/663
f 382/157/607 381/288/609 956/158/663 953/157/662
f 962/299/681 965/300/682 966/569/683 963/294/684
f 963/294/684 966/569/683 967/296/685 964/293/686
f 965/300/687 968/587/688 969/335/689 966/569/690
f 966/569/690 969/335/689 970/298/691 967/296/685
f 53/307/637 385/574/636 962/299/681 392/573/692
f 392/573/692 962/299/681 963/294/684 393/308/693
f 393/308/693 963/294/684 964/293/686 394/302/694
f 394/302/694 964/293/686 412/137/695 57/10/696
f 964/293/686 967/296/685 411/444/697 412/137/695
f 967/296/685 970/298/691 410/139/698 411/444/697
f 970/298/691 374/140/673 60/4/675 410/139/698
f 969/335/689 375/140/672 374/140/673 970/298/691
f 968/587/688 376/140/671 375/140/672 969/335/689
f 383/303/639 56/4/608 376/140/671 968/587/688
f 384/304/640 383/303/639 968/587/688 965/300/687
f 385/574/636 384/304/638 965/300/682 962/299/681
f 971/337/265 974/588/265 975/310/267 972/309/267
f 972/309/267 975/310/267 976/96/268 973/309/268
f 974/588/265 977/589/265 978/312/266 975/310/267
f 975/310/267 978/312/266 979/106/268 976/96/268
f 54/76/612 388/575/204 971/337/265 395/566/680
f 395/566/680 971/337/265 972/309/267 396/255/679
f 396/255/679 972/309/267 973/309/268 397/76/678
f 397/76/678 973/309/268 415/87/269 58/76/243
f 973/309/268 976/96/268 414/96/269 415/87/269
f 976/96/268 979/106/268 413/312/269 414/96/269
f 979/106/268 179/317/268 20/317/269 413/312/269
f 978/312/266 178/340/266 179/317/268 979/106/268
f 977/589/265 177/339/265 178/340/266 978/312/266
f 386/315/204 14/317/204 177/339/265 977/589/265
f 387/311/204 386/315/204 977/589/265 974/588/265
f 388/575/204 387/311/204 974/588/265 971/337/265
f 980/580/699 983/579/700 984/321/701 981/320/702
f 981/320/702 984/321/701 985/322/703 982/319/704
f 983/579/700 986/582/705 987/323/706 984/321/701
f 984/321/701 987/323/706 988/324/707 985/322/703
f 55/34/588 391/583/654 980/580/699 398/333/661
f 398/333/661 980/580/699 981/320/702 399/333/660
f 399/333/660 981/320/702 982/319/704 400/34/659
f 400/34/659 982/319/704 418/42/708 59/365/228
f 982/319/704 985/322/703 417/45/709 418/42/708
f 985/322/703 988/324/707 416/381/710 417/45/709
f 988/324/707 394/302/694 57/10/696 416/381/710
f 987/323/706 393/308/693 394/302/694 988/324/707
f 986/582/705 392/573/692 393/308/693 987/323/706
f 389/584/656 53/307/637 392/573/692 986/582/705
f 390/329/655 389/584/656 986/582/705 983/579/700
f 391/583/654 390/329/655 983/579/700 980/580/699
f 989/278/282 992/279/282 993/279/20 990/278/20
f 990/278/20 993/279/20 994/331/283 991/202/283
f 992/279/282 995/221/282 996/221/20 993/279/20
f 993/279/20 996/221/20 997/281/283 994/331/283
f 23/188/227 406/202/227 989/278/282 188/188/282
f 188/188/282 989/278/282 990/278/20 187/343/20
f 187/343/20 990/278/20 991/202/283 186/188/283
f 186/188/283 991/202/283 433/202/284 29/188/284
f 991/202/283 994/331/283 432/331/284 433/202/284
f 994/331/283 997/281/283 431/281/284 432/331/284
f 997/281/283 427/365/283 63/365/285 431/281/284
f 996/221/20 426/34/20 427/365/283 997/281/283
f 995/221/282 425/34/282 426/34/20 996/221/20
f 404/281/227 59/365/228 425/34/282 995/221/282
f 405/331/227 404/281/227 995/221/282 992/279/282
f 406/202/227 405/331/227 992/279/282 989/278/282
f 998/157/711 1001/288/712 1002/288/46 999/157/46
f 999/157/46 1002/288/46 1003/158/713 1000/586/714
f 1001/288/712 1004/289/288 1005/289/46 1002/288/46
f 1002/288/46 1005/289/46 1006/289/291 1003/158/713
f 60/20/715 409/157/716 998/157/711 403/153/717
f 403/153/717 998/157/711 999/157/46 402/153/46
f 402/153/46 999/157/46 1000/586/714 401/153/718
f 401/153/718 1000/586/714 436/157/719 64/20/720
f 1000/586/714 1003/158/713 435/158/721 436/157/719
f 1003/158/713 1006/289/291 434/162/298 435/158/721
f 1006/289/291 424/76/297 62/76/299 434/162/298
f 1005/289/46 423/255/46 424/76/297 1006/289/291
f 1004/289/288 422/255/296 423/255/46 1005/289/46
f 407/162/677 58/76/243 422/255/296 1004/289/288
f 408/158/722 407/162/677 1004/289/288 1001/288/712
f 409/157/716 408/158/722 1001/288/712 998/157/711
f 1007/344/723 1010/133/724 1011/133/514 1008/344/514
f 1008/344/514 1011/133/514 1012/133/725 1009/143/726
f 1010/133/724 1013/135/727 1014/135/514 1011/133/514
f 1011/133/514 1014/135/514 1015/135/728 1012/133/725
f 57/10/729 412/137/730 1007/344/723 419/50/731
f 419/50/731 1007/344/723 1008/344/514 420/50/514
f 420/50/514 1008/344/514 1009/143/726 421/50/732
f 421/50/732 1009/143/726 439/545/733 61/10/734
f 1009/143/726 1012/133/725 438/257/735 439/545/733
f 1012/133/725 1015/135/728 437/139/736 438/257/735
f 1015/135/728 401/140/737 64/4/738 437/139/736
f 1014/135/514 402/140/514 401/140/737 1015/135/728
f 1013/135/727 403/140/739 402/140/514 1014/135/514
f 410/139/740 60/4/741 403/140/739 1013/135/727
f 411/444/742 410/139/740 1013/135/727 1010/133/724
f 412/137/730 411/444/742 1010/133/724 1007/344/723
f 1016/309/296 1019/310/296 1020/310/46 1017/309/46
f 1017/309/46 1020/310/46 1021/96/297 1018/309/297
f 1019/310/296 1022/312/296 1023/312/46 1020/310/46
f 1020/310/46 1023/312/46 1024/590/297 1021/96/297
f 58/76/243 415/87/269 1016/309/296 422/255/296
f 422/255/296 1016/309/296 1017/309/46 423/255/46
f 423/255/46 1017/309/46 1018/309/297 424/76/297
f 424/76/297 1018/309/297 442/87/322 62/76/299
f 1018/309/297 1021/96/297 441/96/322 442/87/322
f 1021/96/297 1024/590/297 440/106/322 441/96/322
f 1024/590/297 212/317/297 26/120/322 440/106/322
f 1023/312/46 211/340/46 212/317/297 1024/590/297
f 1022/312/296 210/340/296 211/340/46 1023/312/46
f 413/312/269 20/317/269 210/340/296 1022/312/296
f 414/96/269 413/312/269 1022/312/296 1019/310/296
f 415/87/269 414/96/269 1019/310/296 1016/309/296
f 1025/271/323 1028/272/743 1029/272/20 1026/271/20
f 1026/271/20 1029/272/20 1030/272/744 1027/591/326
f 1028/272/743 1031/273/745 1032/273/20 1029/272/20
f 1029/272/20 1032/273/20 1033/275/746 1030/272/744
f 59/365/228 418/42/708 1025/271/323 425/34/282
f 425/34/282 1025/271/323 1026/271/20 426/34/20
f 426/34/20 1026/271/20 1027/591/326 427/365/283
f 427/365/283 1027/591/326 445/561/337 63/365/285
f 1027/591/326 1030/272/744 444/276/747 445/561/337
f 1030/272/744 1033/275/746 443/46/748 444/276/747
f 1033/275/746 421/50/749 61/10/750 443/46/748
f 1032/273/20 420/50/20 421/50/749 1033/275/746
f 1031/273/745 419/50/751 420/50/20 1032/273/20
f 416/381/752 57/10/753 419/50/751 1031/273/745
f 417/45/754 416/381/752 1031/273/745 1028/272/743
f 418/42/708 417/45/754 1028/272/743 1025/271/323
f 1034/278/338 1037/279/338 1038/279/339 1035/282/339
f 1035/282/339 1038/279/339 1039/279/341 1036/562/755
f 1037/279/338 1040/221/338 1041/284/339 1038/279/339
f 1038/279/339 1041/284/339 1042/563/341 1039/279/341
f 29/188/342 433/202/342 1034/278/338 221/188/338
f 221/188/338 1034/278/338 1035/282/339 220/287/339
f 220/287/339 1035/282/339 1036/562/755 219/286/341
f 219/286/341 1036/562/755 460/282/138 35/287/138
f 1036/562/755 1039/279/341 459/279/138 460/282/138
f 1039/279/341 1042/563/341 458/284/138 459/279/138
f 1042/563/341 454/333/756 67/34/757 458/284/138
f 1041/284/339 453/34/758 454/333/756 1042/563/341
f 1040/221/338 452/34/759 453/34/758 1041/284/339
f 431/281/342 63/365/345 452/34/759 1040/221/338
f 432/331/342 431/281/342 1040/221/338 1037/279/338
f 433/202/342 432/331/342 1037/279/338 1034/278/338
f 1043/157/760 1046/288/761 1047/288/762 1044/157/763
f 1044/157/763 1047/288/762 1048/158/764 1045/157/765
f 1046/288/761 1049/289/766 1050/564/767 1047/288/762
f 1047/288/762 1050/564/767 1051/291/768 1048/158/764
f 64/20/769 436/157/770 1043/157/760 430/153/771
f 430/153/771 1043/157/760 1044/157/763 429/153/772
f 429/153/772 1044/157/763 1045/157/765 428/153/773
f 428/153/773 1045/157/765 463/157/774 68/20/775
f 1045/157/765 1048/158/764 462/288/776 463/157/774
f 1048/158/764 1051/291/768 461/565/777 462/288/776
f 1051/291/768 451/566/778 66/76/779 461/565/777
f 1050/564/767 450/76/780 451/566/778 1051/291/768
f 1049/289/766 449/255/781 450/76/780 1050/564/767
f 434/162/782 62/76/364 449/255/781 1049/289/766
f 435/158/783 434/162/782 1049/289/766 1046/288/761
f 436/157/770 435/158/783 1046/288/761 1043/157/760
f 1052/567/784 1055/568/785 1056/569/786 1053/570/787
f 1053/570/787 1056/569/788 1057/300/789 1054/299/790
f 1055/568/785 1058/571/791 1059/335/792 1056/569/793
f 1056/569/794 1059/335/792 1060/301/795 1057/300/796
f 61/10/797 439/545/798 1052/567/784 446/572/799
f 446/572/799 1052/567/784 1053/570/787 447/308/800
f 447/308/800 1053/570/787 1054/299/790 448/573/801
f 448/573/801 1054/299/790 466/574/802 65/307/803
f 1054/299/790 1057/300/789 465/304/804 466/574/802
f 1057/300/796 1060/301/795 464/303/805 465/304/806
f 1060/301/795 428/140/773 68/4/775 464/303/805
f 1059/335/792 429/140/772 428/140/773 1060/301/795
f 1058/571/791 430/140/771 429/140/772 1059/335/792
f 437/139/807 64/4/769 430/140/771 1058/571/791
f 438/257/808 437/139/807 1058/571/791 1055/568/785
f 439/545/798 438/257/808 1055/568/785 1052/567/784
f 1061/309/399 1064/310/399 1065/310/400 1062/575/400
f 1062/575/400 1065/310/400 1066/576/402 1063/337/402
f 1064/310/399 1067/312/399 1068/315/400 1065/310/400
f 1065/310/400 1068/315/400 1069/315/402 1066/576/402
f 62/76/364 442/87/404 1061/309/399 449/255/781
f 449/255/781 1061/309/399 1062/575/400 450/76/780
f 450/76/780 1062/575/400 1063/337/402 451/566/778
f 451/566/778 1063/337/402 469/575/105 66/76/779
f 1063/337/402 1066/576/402 468/311/105 469/575/105
f 1066/576/402 1069/315/402 467/315/105 468/311/105
f 1069/315/402 245/316/402 32/317/105 467/315/105
f 1068/315/400 244/120/401 245/316/402 1069/315/402
f 1067/312/399 243/120/399 244/120/401 1068/315/400
f 440/106/404 26/120/404 243/120/399 1067/312/399
f 441/96/404 440/106/404 1067/312/399 1064/310/399
f 442/87/404 441/96/404 1064/310/399 1061/309/399
f 1070/577/809 1073/322/810 1074/321/811 1071/578/812
f 1071/578/812 1074/321/811 1075/579/813 1072/580/814
f 1073/322/810 1076/324/815 1077/581/816 1074/321/811
f 1074/321/811 1077/581/816 1078/582/817 1075/579/813
f 63/365/345 445/561/818 1070/577/809 452/34/759
f 452/34/759 1070/577/809 1071/578/812 453/34/758
f 453/34/758 1071/578/812 1072/580/814 454/333/756
f 454/333/756 1072/580/814 472/583/819 67/34/757
f 1072/580/814 1075/579/813 471/329/820 472/583/819
f 1075/579/813 1078/582/817 470/584/821 471/329/820
f 1078/582/817 448/573/801 65/307/803 470/584/821
f 1077/581/816 447/308/800 448/573/801 1078/582/817
f 1076/324/815 446/572/799 447/308/800 1077/581/816
f 443/46/822 61/10/797 446/572/799 1076/324/815
f 444/276/823 443/46/822 1076/324/815 1073/322/810
f 445/561/818 444/276/823 1073/322/810 1070/577/809
f 1079/562/420 1082/585/420 1083/280/421 1080/278/421
f 1080/278/421 1083/280/421 1084/331/422 1081/277/422
f 1082/585/420 1085/563/420 1086/221/421 1083/280/421
f 1083/280/421 1086/221/421 1087/221/422 1084/331/422
f 35/287/138 460/282/138 1079/562/420 254/332/420
f 254/332/420 1079/562/420 1080/278/421 253/188/421
f 253/188/421 1080/278/421 1081/277/422 252/334/422
f 252/334/422 1081/277/422 487/202/82 41/188/82
f 1081/277/422 1084/331/422 486/331/82 487/202/82
f 1084/331/422 1087/221/422 485/281/82 486/331/82
f 1087/221/422 481/34/824 71/365/24 485/281/82
f 1086/221/421 480/333/825 481/34/824 1087/221/422
f 1085/563/420 479/333/826 480/333/825 1086/221/421
f 458/284/138 67/34/757 479/333/826 1085/563/420
f 459/279/138 458/284/138 1085/563/420 1082/585/420
f 460/282/138 459/279/138 1082/585/420 1079/562/420
f 1088/157/827 1091/158/828 1092/288/829 1089/157/830
f 1089/157/830 1092/288/829 1093/158/831 1090/586/832
f 1091/158/828 1094/291/833 1095/289/834 1092/288/829
f 1092/288/829 1095/289/834 1096/289/835 1093/158/831
f 68/20/775 463/157/774 1088/157/827 457/153/836
f 457/153/836 1088/157/827 1089/157/830 456/153/837
f 456/153/837 1089/157/830 1090/586/832 455/153/838
f 455/153/838 1090/586/832 490/157/528 72/20/839
f 1090/586/832 1093/158/831 489/158/531 490/157/528
f 1093/158/831 1096/289/835 488/162/530 489/158/531
f 1096/289/835 478/76/840 70/76/48 488/162/530
f 1095/289/834 477/255/841 478/76/840 1096/289/835
f 1094/291/833 476/566/842 477/255/841 1095/289/834
f 461/565/777 66/76/779 476/566/842 1094/291/833
f 462/288/776 461/565/777 1094/291/833 1091/158/828
f 463/157/774 462/288/776 1091/158/828 1088/157/827
f 1097/299/843 1100/300/844 1101/569/845 1098/294/846
f 1098/294/846 1101/569/845 1102/296/847 1099/293/848
f 1100/300/849 1103/587/850 1104/335/851 1101/569/852
f 1101/569/852 1104/335/851 1105/298/853 1102/296/847
f 65/307/803 466/574/802 1097/299/843 473/573/854
f 473/573/854 1097/299/843 1098/294/846 474/308/855
f 474/308/855 1098/294/846 1099/293/848 475/302/856
f 475/302/857 1099/293/848 493/137/858 69/10/857
f 1099/293/848 1102/296/847 492/444/859 493/137/858
f 1102/296/847 1105/298/853 491/139/860 492/444/859
f 1105/298/853 455/140/861 72/4/861 491/139/860
f 1104/335/851 456/140/837 455/140/838 1105/298/853
f 1103/587/850 457/140/836 456/140/837 1104/335/851
f 464/303/805 68/4/775 457/140/836 1103/587/850
f 465/304/806 464/303/805 1103/587/850 1100/300/849
f 466/574/802 465/304/804 1100/300/844 1097/299/843
f 1106/337/463 1109/588/463 1110/310/462 1107/309/462
f 1107/309/462 1110/310/462 1111/96/464 1108/309/464
f 1109/588/463 1112/589/461 1113/312/462 1110/310/462
f 1110/310/462 1113/312/462 1114/106/464 1111/96/464
f 66/76/779 469/575/105 1106/337/463 476/566/842
f 476/566/842 1106/337/463 1107/309/462 477/255/841
f 477/255/841 1107/309/462 1108/309/464 478/76/840
f 478/76/840 1108/309/464 496/87/50 70/76/48
f 1108/309/464 1111/96/464 495/96/50 496/87/50
f 1111/96/464 1114/106/464 494/106/50 495/96/50
f 1114/106/464 278/317/464 38/120/50 494/106/50
f 1113/312/462 277/120/462 278/317/464 1114/106/464
f 1112/589/461 276/339/461 277/120/462 1113/312/462
f 467/315/105 32/317/105 276/339/461 1112/589/461
f 468/311/105 467/315/105 1112/589/461 1109/588/463
f 469/575/105 468/311/105 1109/588/463 1106/337/463
f 1115/580/862 1118/579/863 1119/321/864 1116/320/865
f 1116/320/865 1119/321/864 1120/322/866 1117/319/867
f 1118/579/863 1121/582/868 1122/323/869 1119/321/864
f 1119/321/864 1122/323/869 1123/324/870 1120/322/866
f 67/34/757 472/583/819 1115/580/862 479/333/826
f 479/333/826 1115/580/862 1116/320/865 480/333/825
f 480/333/825 1116/320/865 1117/319/867 481/34/824
f 481/34/824 1117/319/867 499/42/496 71/365/24
f 1117/319/867 1120/322/866 498/45/501 499/42/496
f 1120/322/866 1123/324/870 497/381/499 498/45/501
f 1123/324/870 475/302/856 69/10/871 497/381/499
f 1122/323/869 474/308/855 475/302/856 1123/324/870
f 1121/582/868 473/573/854 474/308/855 1122/323/869
f 470/584/821 65/307/803 473/573/854 1121/582/868
f 471/329/820 470/584/821 1121/582/868 1118/579/863
f 472/583/819 471/329/820 1118/579/863 1115/580/862
f 1298/592/46 1308/593/46 1311/594/46 1295/595/46
f 1315/596/46 1332/597/46 1335/598/46 1323/599/46
f 1339/600/46 1358/601/46 1361/602/46 1347/603/46
f 1913/604/872 1925/605/872 1922/606/873 1910/607/873
f 1470/608/46 1480/609/46 1484/610/46 1465/611/46
f 1487/612/46 1504/613/46 1508/614/46 1493/615/46
f 1518/616/46 1530/617/46 1534/618/46 1513/619/46
s 0
f 1871/620/874 1872/621/874 1868/622/874 1869/623/874 1879/624/874 1878/625/874 1874/626/874 1875/627/874 1880/628/874 1877/629/874 1876/630/874 1870/631/874 1873/632/874
s 1
f 1535/633/872 1514/634/872 1515/635/875 1536/636/875
f 1509/637/876 1494/638/876 1495/639/877 1510/640/877
f 1485/641/878 1466/642/878 1467/643/878 1486/644/878
f 1461/645/878 1448/646/878 1449/647/878 1462/648/878
f 1541/649/20 1548/650/20 1560/651/20 1547/652/20
f 1565/653/20 1578/654/20 1577/655/20 1571/656/20
f 1589/657/20 1602/658/20 1601/659/20 1595/660/20
f 1613/661/20 1626/662/20 1631/232/20 538/186/20 1619/663/20
s 0
f 1450/664/879 1472/665/879 1471/666/879 1470/667/879 1465/668/879 1467/669/879 1466/670/879 1464/671/879 1463/672/879 1468/673/879 1469/674/879 1473/675/879 1452/676/879
s 1
f 1718/677/878 1732/678/878 1730/679/878 1716/680/878
f 1738/681/878 1756/682/878 1754/683/878 1736/684/878
f 1766/685/877 1782/686/877 1780/687/880 1764/688/880
f 1719/689/20 1725/690/20 1722/691/20 1717/692/20
f 1739/693/20 1749/694/20 1746/695/20 1737/696/20
f 1767/697/20 1771/698/20 1770/699/20 1765/700/20
f 1532/701/878 1511/702/878 1512/703/876 1533/704/876
f 1506/705/878 1491/706/878 1492/707/872 1507/708/872
f 1482/709/878 1463/710/878 1464/711/878 1483/712/878
f 1458/713/878 1445/714/878 1446/715/878 1459/716/878
s 0
f 1775/717/874 1774/718/874 1769/719/874 1770/720/874 1771/721/874 1777/624/874 1780/722/874 1782/723/874 1779/724/874 1776/628/874 1778/725/874 1781/726/874 1768/727/874 1772/728/874 1773/729/874
s 1
f 1192/730/46 1210/731/46 1211/732/46 1196/733/46
f 1223/734/46 332/409/46 1234/410/46 1233/735/46 1216/736/46
f 1921/737/46 1919/738/46 1917/152/46 530/148/46 1920/147/46
s 0
f 1330/676/874 1331/739/874 1327/622/874 1326/740/874 1337/741/874 1334/742/874 1333/743/874 1336/744/874 1335/745/874 1332/746/874 1338/747/874 1329/748/874 1328/729/874
s 1
f 1299/442/47 1305/441/47 1314/749/46 1301/750/46
f 1316/439/47 1329/438/47 1338/751/46 1318/752/46
f 1340/436/47 826/396/45 1352/398/46 1364/753/46 1342/754/46
s 0
f 1181/632/879 1194/755/879 1191/756/879 1192/757/879 1196/668/879 1201/758/879 1200/759/879 1198/760/879 1195/672/879 1199/761/879 1197/762/879 1193/763/879 1179/620/879
s 1
f 1544/764/878 1550/765/878 1549/766/875 1542/767/875
f 1568/768/878 1580/769/878 1579/770/877 1566/771/877
f 1592/772/878 1604/773/878 1603/774/878 1590/775/878
f 1616/776/878 1628/777/878 1627/778/878 1614/779/878
f 1235/780/880 1218/781/880 1220/782/881 1236/783/881
f 1212/784/878 1198/785/878 1200/786/878 1213/787/878
s 0
f 1932/788/874 1931/621/874 1929/789/874 1930/790/874 1928/791/874 1926/792/874 1923/793/874 1924/794/874 1922/795/874 1925/796/874 1921/797/874 1920/798/874 1927/799/874 1933/800/874 1934/801/874
s 1
f 1840/802/876 1851/803/876 1850/804/880 1838/805/880
f 1860/806/878 1875/807/878 1874/808/877 1858/809/877
f 1185/810/878 1168/811/878 1171/812/878 1187/813/878
f 1187/813/878 1171/812/878 1169/814/878 1186/815/878
f 1882/816/877 1896/817/877 1899/818/878 1886/819/878
f 1914/820/20 1926/821/20 1928/33/20 1909/32/20
s 0
f 1873/632/879 1888/822/879 1889/823/879 1893/824/879 1892/825/879 1887/826/879 1884/827/879 1881/828/879 1882/829/879 1886/830/879 1885/831/879 1883/832/879 1891/833/879 1890/834/879 1871/620/879
s 1
f 1857/835/20 1868/836/20 1872/39/26 1867/38/26
f 1891/22/20 506/21/19 1890/41/26
f 1838/805/880 1850/804/880 1854/837/877 1841/838/877
f 1858/809/877 1874/808/877 1878/839/877 1861/840/877
s 0
f 1656/676/874 1657/841/874 1654/842/874 1653/843/874 1646/624/874 1652/722/874 1648/723/874 1647/627/874 1651/628/874 1650/844/874 1649/845/874 1655/846/874 1658/664/874
s 1
f 1536/636/875 1515/635/875 1513/847/878 1534/848/878
f 1510/640/877 1495/639/877 1493/849/878 1508/850/878
f 1486/644/878 1467/643/878 1465/851/878 1484/852/878
f 1462/648/878 1449/647/878 1447/853/878 1460/854/878
f 1713/855/878 1726/856/878 1729/857/878 1715/858/878
f 1733/859/878 1750/860/878 1753/861/878 1735/862/878
f 1761/863/878 1776/864/878 1779/865/878 1763/866/878
f 1885/867/20 1904/868/20 1903/24/20 1883/23/20
f 1908/31/20 509/27/20 1907/869/20
s 0
f 1822/676/874 1820/870/874 1823/720/874 1821/871/874 1828/872/874 1830/873/874 1827/874/874 1826/875/874 1829/745/874 1824/876/874 1825/877/874 1818/878/874 1819/879/874
f 1227/879/879 1249/880/879 1248/881/879 1250/667/879 1244/668/879 1242/758/879 1246/759/879 1245/882/879 1243/883/879 1241/884/879 1247/885/879 1251/886/879 1230/676/879
s 1
f 1606/887/46 1593/888/46 1586/889/46 1605/890/46
f 1582/891/46 1569/892/46 1562/893/46 1581/894/46
f 1552/895/46 1545/896/46 1538/897/46 1551/898/46
f 1911/899/878 1923/900/878 1926/901/882 1914/902/882
s 0
f 1527/676/874 1526/903/874 1525/904/874 1524/905/874 1523/906/874 1532/741/874 1533/907/874 1535/908/874 1536/909/874 1534/745/874 1530/629/874 1531/910/874 1522/911/874 1529/912/874 1528/664/874
s 1
f 1533/704/876 1512/703/876 1514/634/872 1535/633/872
f 1507/708/872 1492/707/872 1494/638/876 1509/637/876
f 1483/712/878 1464/711/878 1466/642/878 1485/641/878
f 1459/716/878 1446/715/878 1448/646/878 1461/645/878
s 0
f 1498/664/879 1520/913/879 1519/914/879 1518/915/879 1513/668/879 1515/758/879 1514/759/879 1512/882/879 1511/672/879 1516/916/879 1517/917/879 1521/918/879 1500/676/879
s 1
f 1884/919/876 1897/920/876 1895/921/880 1881/922/880
s 0
f 1682/729/879 1692/923/879 1690/924/879 1691/925/879 1688/926/879 1686/669/879 1687/670/879 1689/671/879 1685/927/879 1683/928/879 1684/929/879 1693/930/879 1680/717/879
s 1
f 1471/931/46 1481/932/46 1480/609/46 1470/608/46
f 1488/933/46 1505/934/46 1504/613/46 1487/612/46
f 1519/935/46 1531/936/46 1530/617/46 1518/616/46
f 1907/869/20 509/27/20 507/26/22 1915/44/21
s 0
f 1405/676/874 1404/903/874 1401/842/874 1400/906/874 1412/624/874 1406/722/874 1409/723/874 1410/627/874 1411/628/874 1408/937/874 1407/747/874 1403/938/874 1402/664/874
f 1476/676/874 1477/939/874 1479/940/874 1478/941/874 1482/872/874 1483/942/874 1485/943/874 1486/909/874 1484/745/874 1480/944/874 1481/945/874 1475/946/874 1474/664/874
s 1
f 1881/922/880 1895/921/880 1896/817/877 1882/816/877
f 1639/947/20 1653/948/20 1654/949/20 1640/950/20
f 1663/951/20 1677/952/20 1678/953/20 1664/954/20
f 1683/955/20 1701/956/20 1702/957/20 1684/958/20
f 1887/959/878 1900/960/878 1897/920/876 1884/919/876
s 0
f 1906/961/879 1918/962/879 1916/963/879 1917/964/879 1919/965/879 1913/668/879 1910/966/879 1912/967/879 1911/968/879 1914/969/879 1909/970/879 1908/971/879 1907/972/879 1915/973/879 1901/974/879
f 1179/620/874 1180/739/874 1178/975/874 1177/976/874 1176/740/874 1183/977/874 1185/625/874 1187/626/874 1186/627/874 1184/978/874 1188/979/874 1189/980/874 1190/981/874 1182/982/874 1181/632/874
s 1
f 1249/402/47 1254/401/47 1258/983/46 1248/984/46
f 1273/399/47 825/66/45 1283/395/46 1276/985/46 1272/986/46
f 1898/987/46 1893/988/46 1889/169/46 529/161/71 1905/160/64
s 0
f 1596/717/874 1597/903/874 1598/989/874 1601/941/874 1602/872/874 1603/990/874 1604/991/874 1608/992/874 1606/745/874 1605/993/874 1607/994/874 1600/938/874 1599/664/874
s 1
f 1925/995/46 1913/996/46 1919/738/46 1921/737/46
s 0
f 1164/997/879 1175/998/879 1174/999/879 1173/1000/879 1166/668/879 1169/1001/879 1171/759/879 1168/671/879 1165/969/879 1167/1002/879 1170/1003/879 1172/886/879 1161/1004/879
s 1
f 1546/1005/875 1554/1006/875 1550/765/878 1544/764/878
f 1570/1007/877 1584/1008/877 1580/769/878 1568/768/878
f 1594/1009/878 1608/1010/878 1604/773/878 1592/772/878
f 1618/1011/878 1632/1012/878 1628/777/878 1616/776/878
f 1927/146/46 527/145/62 1933/156/67
f 1428/522/81 1423/521/81 1417/1013/20 1425/1014/20
f 1404/519/81 1392/518/81 1397/1015/20 1401/1016/20
f 1387/516/81 1368/515/81 1373/1017/20 1384/1018/20
f 1356/513/81 849/478/25 1353/482/20
f 1829/1019/46 1811/1020/46 1814/1021/46 1824/1022/46
f 1805/1023/46 1787/1024/46 1790/1025/46 1800/1026/46
s 0
f 1253/879/879 1273/1027/879 1272/1028/879 1274/1029/879 1268/668/879 1266/758/879 1270/759/879 1269/882/879 1267/883/879 1265/884/879 1271/1030/879 1275/1031/879 1256/676/879
s 1
f 1472/423/47 1475/422/47 1481/932/46 1471/931/46
f 1489/420/47 1499/419/47 1505/934/46 1488/933/46
f 1520/417/47 92/119/45 1522/1032/46 1531/936/46 1519/935/46
f 1204/369/26 1193/368/26 1197/1033/20 1202/1034/20
f 1180/366/26 818/21/19 1178/359/20
s 0
f 1934/801/879 1945/1035/879 1944/1036/879 1942/1037/879 1938/1038/879 1941/1039/879 1939/1040/879 1940/1041/879 1936/1042/879 1935/1043/879 1937/1044/879 1943/1045/879 1932/788/879
s 1
f 1501/489/81 1490/488/81 1497/1046/20 1503/1047/20
f 1477/486/81 1473/485/81 1469/1048/20 1479/1049/20
f 1453/483/81 846/472/25 847/475/20 1455/1050/20
s 0
f 1819/879/879 1831/998/879 1832/1051/879 1833/1052/879 1835/1053/879 1843/1054/879 1840/669/879 1838/670/879 1841/671/879 1842/1055/879 1839/1056/879 1837/1057/879 1836/1058/879 1834/1059/879 1822/676/879
f 1795/664/879 1815/1060/879 1816/666/879 1814/825/879 1811/926/879 1807/1061/879 1808/670/879 1812/671/879 1810/1055/879 1809/831/879 1813/1062/879 1817/1063/879 1798/676/879
s 1
f 1174/1064/46 1189/1065/46 1188/1066/46 1173/1067/46
f 1788/1068/878 1806/1069/878 1804/1070/878 1786/1071/878
f 1812/1072/883 1830/1073/883 1828/1074/881 1810/1075/881
f 1194/460/73 1207/459/73 1209/1076/46 1191/1077/46
f 1225/457/73 330/405/45 331/407/46 1222/1078/46
f 1176/1079/20 1167/1080/20 1165/1081/20 1183/1082/20
f 1912/1083/884 1924/1084/884 1923/900/878 1911/899/878
s 0
f 1429/717/874 1428/1085/874 1425/1086/874 1424/1087/874 1436/872/874 1430/942/874 1433/943/874 1434/909/874 1435/628/874 1432/1088/874 1431/1089/874 1426/1090/874 1427/879/874
f 1206/1091/879 1225/1092/879 1222/1093/879 1223/1094/879 1216/1054/879 1221/758/879 1220/670/879 1218/1095/879 1215/1096/879 1219/1097/879 1217/1003/879 1224/1098/879 1203/1099/879
f 1203/1099/874 1204/1100/874 1202/1101/874 1205/740/874 1208/977/874 1212/625/874 1213/626/874 1214/744/874 1211/978/874 1210/1102/874 1209/980/874 1207/1103/874 1206/1091/874
s 1
f 1285/498/20 1271/497/20 1265/1104/20 1284/1105/20
f 1255/1106/20 1247/1107/20 1241/1108/20 1252/1109/20
f 1229/1110/20 335/373/20 336/375/20 1226/1111/20
f 1186/815/878 1169/814/878 1166/1112/878 1184/1113/878
s 0
f 1901/974/874 1902/1114/874 1903/1115/874 1904/1116/874 1899/1117/874 1896/1118/874 1895/943/874 1897/1119/874 1900/1120/874 1894/1121/874 1898/1122/874 1905/1090/874 1906/961/874
s 1
f 1936/50/20 88/144/20 1935/1123/20
f 1284/1105/20 1265/1104/20 1267/1124/20 1278/1125/20
f 1252/1109/20 1241/1108/20 1243/1126/20 1260/1127/20
f 1226/1111/20 336/375/20 1238/378/20
s 0
f 1773/729/879 1791/1128/879 1792/1129/879 1790/825/879 1787/826/879 1783/1061/879 1784/670/879 1788/671/879 1786/1055/879 1785/761/879 1789/1130/879 1793/1063/879 1775/717/879
s 1
f 1843/1131/878 1856/1132/878 1851/803/876 1840/802/876
f 1863/1133/878 1880/1134/878 1875/807/878 1860/806/878
f 1645/1135/878 1652/1136/878 1646/1137/878 1641/1138/878
f 1669/1139/878 1676/1140/878 1670/1141/878 1665/1142/878
f 1689/1143/878 1700/1144/878 1694/1145/878 1685/1146/878
f 1778/1147/46 1758/1148/46 1759/69/46 1781/68/46
f 1752/1149/46 1741/1150/46 1742/1151/46 1755/1152/46
f 1728/1153/46 1710/1154/46 1711/1155/46 1731/1156/46
s 0
f 1427/879/879 1439/1157/879 1437/999/879 1438/1158/879 1443/1159/879 1447/668/879 1449/758/879 1448/759/879 1446/882/879 1445/672/879 1444/1160/879 1441/1161/879 1442/1003/879 1440/1162/879 1429/717/879
s 1
f 1523/1163/20 1516/1164/20 1511/1165/20 1532/1166/20
f 1502/1167/20 1496/1168/20 1491/1169/20 1506/1170/20
f 1478/1171/20 1468/1172/20 1463/1173/20 1482/1174/20
f 1454/1175/20 848/477/20 1444/494/20 1445/1176/20 1458/1177/20
s 0
f 1528/664/879 1539/665/879 1540/1178/879 1538/915/879 1545/668/879 1546/758/879 1544/759/879 1542/882/879 1541/672/879 1547/673/879 1543/1179/879 1537/1180/879 1527/676/879
f 1558/664/879 1563/998/879 1564/914/879 1562/1181/879 1569/668/879 1570/758/879 1568/759/879 1566/882/879 1565/883/879 1571/1182/879 1567/1183/879 1561/1184/879 1555/717/879
f 1130/1185/874 1131/718/874 1125/1186/874 1126/1187/874 1127/871/874 1132/872/874 1133/1188/874 1134/1189/874 1138/1190/874 1137/745/874 1136/1191/874 1135/1192/874 1124/1193/874 1129/1194/874 1128/1195/874
f 1625/664/879 1637/913/879 1635/1196/879 1636/1197/879 1644/668/879 1642/758/879 1643/759/879 1645/1198/879 1641/672/879 1639/1199/879 1640/1200/879 1638/918/879 1623/676/879
s 1
f 1277/1201/878 1266/1202/878 1268/1203/878 1279/1204/878
f 1259/1205/877 1242/1206/877 1244/1207/883 1261/1208/883
f 1162/384/493 819/26/494 820/27/20 1160/1209/20
f 1876/1210/46 1864/1211/46 1865/166/73 1870/165/73
f 1852/1212/46 103/128/46 102/77/45 1846/168/73
f 1642/1213/878 1647/1214/878 1648/1215/878 1643/1216/878
f 1666/1217/878 1671/1218/878 1672/1219/878 1667/1220/878
f 1686/1221/878 1695/1222/878 1696/1223/878 1687/1224/878
f 1434/1225/878 1416/1226/878 1418/1227/878 1435/1228/878
f 1410/1229/878 1396/1230/878 1398/1231/878 1411/1232/878
f 1380/1233/878 1372/1234/878 1374/1235/878 1381/1236/878
f 1787/1237/878 1805/1238/878 1802/1239/878 1783/1240/878
f 1811/1241/883 1829/1242/883 1826/1243/880 1807/1244/880
f 1430/1245/875 1413/1246/875 1414/1247/875 1433/1248/875
f 1406/1249/878 1393/1250/878 1394/1251/878 1409/1252/878
f 1376/1253/878 1369/1254/878 1370/1255/878 1379/1256/878
f 1280/1257/878 1269/1258/878 1270/1259/878 1281/1260/878
f 1262/1261/877 1245/1262/877 1246/1263/878 1263/1264/878
f 1910/607/873 1922/606/873 1924/1084/884 1912/1083/884
f 1281/1260/878 1270/1259/878 1266/1202/878 1277/1201/878
f 1263/1264/878 1246/1263/878 1242/1206/877 1259/1205/877
f 1191/1077/46 1209/1076/46 1210/731/46 1192/730/46
f 1222/1078/46 331/407/46 332/409/46 1223/734/46
f 1156/1265/876 1149/1266/876 1143/1267/872 1150/1268/872
f 1545/1269/873 1552/1270/873 1554/1006/875 1546/1005/875
f 1569/1271/883 1582/1272/883 1584/1008/877 1570/1007/877
f 1593/1273/878 1606/1274/878 1608/1010/878 1594/1009/878
f 1617/1275/878 1630/1276/878 1632/1012/878 1618/1011/878
f 1755/1152/46 1742/1151/46 1740/90/47 1744/89/47
f 1731/1156/46 1711/1155/46 1709/93/47 1720/92/47
f 1703/72/46 514/71/45 1705/95/47
s 0
f 1288/676/874 1289/1277/874 1286/1278/874 1285/1279/874 1284/1280/874 1278/741/874 1280/722/874 1281/723/874 1277/627/874 1279/745/874 1282/1281/874 1276/1282/874 1283/1283/874 1287/1284/874 1290/664/874
f 1572/717/874 1573/621/874 1574/1285/874 1577/906/874 1578/792/874 1579/907/874 1580/908/874 1584/909/874 1582/1286/874 1581/629/874 1583/1287/874 1576/912/874 1575/664/874
s 1
f 1859/1288/20 1869/1289/20 1868/836/20 1857/835/20
s 0
f 1354/664/879 1367/1290/879 1365/999/879 1366/1291/879 1374/668/879 1372/1292/879 1370/1293/879 1369/1294/879 1375/672/879 1371/1161/879 1373/1295/879 1368/918/879 1357/676/879
f 1798/676/874 1796/718/874 1799/1296/874 1797/906/874 1804/624/874 1806/722/874 1803/723/874 1802/1297/874 1805/628/874 1800/844/874 1801/1298/874 1794/1299/874 1795/664/874
f 1680/717/874 1681/1300/874 1678/1301/874 1677/1302/874 1670/1303/874 1676/722/874 1672/1304/874 1671/627/874 1675/1305/874 1674/1306/874 1673/1307/874 1679/1308/874 1682/729/874
s 1
f 1142/1309/46 1154/1310/46 1152/1311/46 1147/1312/46
f 1717/692/20 1722/691/20 1724/214/81 1712/213/81
f 1737/696/20 1746/695/20 1748/217/81 1743/216/81
f 1765/700/20 1770/699/20 1769/231/20 536/220/25 1760/219/81
f 1433/1248/875 1414/1247/875 1416/1226/878 1434/1225/878
f 1409/1252/878 1394/1251/878 1396/1230/878 1410/1229/878
f 1379/1256/878 1370/1255/878 1372/1234/878 1380/1233/878
f 1183/1313/878 1165/1314/878 1168/811/878 1185/810/878
f 1131/382/495 821/30/497 1125/380/20
s 0
f 1599/664/879 1611/1315/879 1612/1316/879 1610/915/879 1617/1317/879 1618/669/879 1616/670/879 1614/671/879 1613/927/879 1619/673/879 1615/1318/879 1609/1319/879 1596/717/879
s 1
f 1151/1320/873 1144/1321/873 1147/1322/873 1152/1323/873
f 1894/1324/46 1892/1325/46 1893/988/46 1898/987/46
s 0
f 1402/664/879 1422/1326/879 1420/1327/879 1421/1328/879 1418/1329/879 1416/1292/879 1414/1293/879 1413/1294/879 1419/1330/879 1415/1331/879 1417/1030/879 1423/1332/879 1405/676/879
s 1
f 1177/358/20 1170/357/20 1167/1080/20 1176/1079/20
f 1160/1209/20 820/27/20 1158/364/20
f 1714/1333/20 1727/1334/20 1725/690/20 1719/689/20
f 1734/1335/20 1751/1336/20 1749/694/20 1739/693/20
f 1762/1337/20 1777/1338/20 1771/698/20 1767/697/20
f 1436/1339/878 1419/1340/878 1413/1246/875 1430/1245/875
f 1412/1341/878 1399/1342/878 1393/1250/878 1406/1249/878
f 1382/1343/878 1375/1344/878 1369/1254/878 1376/1253/878
s 0
f 1304/729/879 1316/1345/879 1318/1346/879 1315/825/879 1323/1329/879 1324/758/879 1320/759/879 1322/1198/879 1325/1347/879 1319/1348/879 1321/1349/879 1317/1350/879 1306/717/879
s 1
f 1257/503/81 1251/502/81 1247/1107/20 1255/1106/20
f 1231/500/81 334/35/25 335/373/20 1229/1110/20
f 1935/1123/20 88/144/20 87/50/20 1937/1351/20
f 1127/1352/20 320/144/20 46/50/20 1132/1353/20
s 0
f 1658/664/879 1661/1354/879 1659/1355/879 1660/1356/879 1668/1054/879 1666/669/879 1667/670/879 1669/671/879 1665/1055/879 1663/1357/879 1664/1358/879 1662/1359/879 1656/676/879
s 1
f 1880/1360/46 1863/1361/46 1866/1362/46 1877/1363/46
f 1856/1364/46 1843/1365/46 1835/1366/46 1853/1367/46
f 1824/1022/46 1814/1021/46 1816/1368/46 1825/1369/46
f 1800/1026/46 1790/1025/46 1792/1370/46 1801/1371/46
f 1786/1372/20 1804/1373/20 1797/1374/20 1785/1375/20
f 1810/1376/20 1828/1377/20 1821/1378/20 1809/1379/20
f 1236/783/881 1220/782/881 1221/1380/877 1237/1381/877
f 1213/787/878 1200/786/878 1201/1382/878 1214/1383/878
f 1640/950/20 1654/949/20 1657/205/81 1638/204/81
f 1664/954/20 1678/953/20 1681/208/81 1662/207/81
f 1684/958/20 1702/957/20 1704/184/20 535/183/25 1693/210/81
f 1133/1384/878 317/1385/878 316/1386/878 1134/1387/878
f 1785/1375/20 1797/1374/20 1799/1388/20 1789/1389/20
f 1809/1379/20 1821/1378/20 1823/1390/20 1813/1391/20
f 1837/52/20 106/51/20 1836/1392/20
f 1126/379/20 319/50/20 320/144/20 1127/1352/20
s 0
f 1306/717/874 1307/1393/874 1303/1394/874 1302/1280/874 1313/872/874 1310/722/874 1309/723/874 1312/627/874 1311/745/874 1308/746/874 1314/1395/874 1305/1396/874 1304/729/874
f 1745/664/879 1757/1397/879 1759/1398/879 1758/1399/879 1761/1054/879 1763/1400/879 1766/670/879 1764/671/879 1762/1055/879 1767/1401/879 1765/1402/879 1760/1059/879 1747/676/879
f 1575/664/879 1587/1315/879 1588/1316/879 1586/915/879 1593/668/879 1594/758/879 1592/759/879 1590/882/879 1589/672/879 1595/673/879 1591/1318/879 1585/1319/879 1572/717/879
f 1723/676/874 1724/1403/874 1722/1404/874 1725/1302/874 1727/624/874 1730/722/874 1732/1304/874 1729/627/874 1726/628/874 1728/725/874 1731/1405/874 1720/1406/874 1721/664/874
s 1
f 1278/1407/878 1267/1408/878 1269/1258/878 1280/1257/878
f 1260/1409/883 1243/1410/883 1245/1262/877 1262/1261/877
s 0
f 1452/676/874 1453/939/874 1455/989/874 1454/941/874 1458/872/874 1459/942/874 1461/943/874 1462/909/874 1460/745/874 1456/1411/874 1457/1089/874 1451/631/874 1450/664/874
s 1
f 1716/680/878 1730/679/878 1727/1412/878 1714/1413/878
f 1736/684/878 1754/683/878 1751/1414/878 1734/1415/878
f 1764/688/880 1780/687/880 1777/1416/876 1762/1417/876
f 1150/1268/872 1143/1267/872 1144/1321/873 1151/1320/873
s 0
f 1623/676/874 1624/1418/874 1621/1419/874 1620/1420/874 1631/1421/874 1626/872/874 1627/990/874 1628/991/874 1632/992/874 1630/745/874 1629/1422/874 1634/1423/874 1633/1424/874 1622/1425/874 1625/664/874
s 1
f 1132/1426/878 46/1427/878 317/1385/878 1133/1384/878
f 1641/1428/20 1646/1429/20 1653/948/20 1639/947/20
f 1665/1430/20 1670/1431/20 1677/952/20 1663/951/20
f 1685/1432/20 1694/1433/20 1701/956/20 1683/955/20
s 0
f 1256/676/874 1257/870/874 1255/1434/874 1252/1435/874 1260/1436/874 1262/742/874 1263/743/874 1259/627/874 1261/1437/874 1264/1438/874 1258/1439/874 1254/1440/874 1253/879/874
s 1
f 1715/858/878 1729/857/878 1732/678/878 1718/677/878
f 1735/862/878 1753/861/878 1756/682/878 1738/681/878
f 1763/866/878 1779/865/878 1782/686/877 1766/685/877
f 1367/434/47 1386/433/47 1377/1441/46 1365/1442/46
f 1391/431/47 1403/430/47 1407/1443/46 1389/1444/46
f 1422/428/47 1426/427/47 1431/1445/46 1420/1446/46
f 1439/425/47 827/105/45 828/121/46 1437/1447/46
s 0
f 1849/632/879 1865/822/879 1864/914/879 1866/825/879 1863/826/879 1860/1448/879 1858/670/879 1861/671/879 1862/830/879 1859/761/879 1857/1449/879 1867/1450/879 1847/1099/879
f 1707/717/874 1708/1418/874 1704/1451/874 1702/1452/874 1701/941/874 1694/1303/874 1700/1453/874 1696/1454/874 1695/1455/874 1699/628/874 1698/1456/874 1697/1457/874 1703/1458/874 1705/1459/874 1706/879/874
s 1
f 1175/462/526 842/161/71 1190/456/46 1189/1065/46 1174/1064/46
f 1643/1216/878 1648/1215/878 1652/1136/878 1645/1135/878
f 1667/1220/878 1672/1219/878 1676/1140/878 1669/1139/878
f 1687/1224/878 1696/1223/878 1700/1144/878 1689/1143/878
s 0
f 1328/729/879 1340/1460/879 1342/881/879 1339/1461/879 1347/1329/879 1348/758/879 1344/759/879 1346/882/879 1349/1330/879 1343/1462/879 1345/1349/879 1341/1463/879 1330/676/879
f 1474/664/879 1489/665/879 1488/1196/879 1487/667/879 1493/1317/879 1495/669/879 1494/670/879 1492/671/879 1491/927/879 1496/673/879 1497/1464/879 1490/675/879 1476/676/879
s 1
f 1900/1465/46 1887/1466/46 1892/1325/46 1894/1324/46
s 0
f 1388/676/874 1387/1085/874 1384/1467/874 1383/1468/874 1382/624/874 1376/942/874 1379/943/874 1380/909/874 1381/628/874 1378/1469/874 1377/1089/874 1386/938/874 1385/664/874
f 1128/1195/879 1140/1470/879 1139/1471/879 1142/1472/879 1147/1473/879 1144/1474/879 1143/1475/879 1149/1476/879 1148/1477/879 1146/1478/879 1145/1479/879 1141/1480/879 1130/1185/879
s 1
f 1202/1034/20 1197/1033/20 1199/1481/20 1205/1482/20
f 1783/1240/878 1802/1239/878 1803/1483/878 1784/1484/878
f 1807/1244/880 1826/1243/880 1827/1485/880 1808/1486/880
s 0
f 1706/879/879 1709/1035/879 1711/1487/879 1710/1488/879 1713/1489/879 1715/1490/879 1718/670/879 1716/671/879 1714/927/879 1719/1491/879 1717/1492/879 1712/1493/879 1707/717/879
s 1
f 1365/1442/46 1377/1441/46 1378/1494/46 1366/1495/46
f 1389/1444/46 1407/1443/46 1408/1496/46 1390/1497/46
f 1420/1446/46 1431/1445/46 1432/1498/46 1421/1499/46
f 1437/1447/46 828/121/46 829/123/46 1438/1500/46
f 1877/1363/46 1866/1362/46 1864/1211/46 1876/1210/46
f 1853/1367/46 1835/1366/46 1833/129/46 103/128/46 1852/1212/46
s 0
f 1721/664/879 1740/1397/879 1742/1398/879 1741/1501/879 1733/1054/879 1735/1061/879 1738/670/879 1736/671/879 1734/1055/879 1739/970/879 1737/1502/879 1743/1503/879 1723/676/879
s 1
f 1524/493/20 1517/492/20 1516/1164/20 1523/1163/20
f 1503/1047/20 1497/1046/20 1496/1168/20 1502/1167/20
f 1479/1049/20 1469/1048/20 1468/1172/20 1478/1171/20
f 1455/1050/20 847/475/20 848/477/20 1454/1175/20
f 1350/1504/20 1343/1505/20 1349/1506/20 1363/1507/20
f 1326/1508/20 1319/1509/20 1325/1510/20 1337/1511/20
f 1302/1512/20 1291/1513/20 1297/1514/20 1313/1515/20
s 0
f 1747/676/874 1748/1516/874 1746/1517/874 1749/1518/874 1751/1303/874 1754/722/874 1756/1304/874 1753/1519/874 1750/1305/874 1752/1520/874 1755/1521/874 1744/1522/874 1745/664/874
f 1555/717/874 1556/1085/874 1557/1523/874 1560/1087/874 1548/624/874 1549/942/874 1550/943/874 1554/909/874 1552/628/874 1551/1469/874 1553/1524/874 1559/631/874 1558/664/874
s 1
f 1825/1369/46 1816/1368/46 1815/81/47 1818/80/47
f 1801/1371/46 1792/1370/46 1791/84/47 1794/83/47
f 1768/67/46 513/66/45 1772/86/47
f 1607/1525/46 1588/1526/46 1587/110/47 1600/109/47
f 1583/1527/46 1564/1528/46 1563/113/47 1576/112/47
f 1553/1529/46 1540/1530/46 1539/116/47 1559/115/47
f 1522/1032/46 92/119/45 1529/118/47
f 1205/1482/20 1199/1481/20 1195/1531/20 1208/1532/20
s 0
f 1385/664/879 1391/1533/879 1389/999/879 1390/1534/879 1398/1329/879 1396/758/879 1394/759/879 1393/882/879 1399/1330/879 1395/1199/879 1397/885/879 1392/1535/879 1388/676/879
s 1
f 1140/464/524 840/447/525 841/450/46 1139/1536/46
f 1841/838/877 1854/837/877 1855/1537/878 1842/1538/878
f 1861/840/877 1878/839/877 1879/1539/878 1862/1540/878
f 1842/1541/20 1855/1542/20 1845/54/20 1839/53/20
f 1862/1543/20 1879/1544/20 1869/1289/20 1859/1288/20
f 1776/1545/46 1761/1546/46 1758/1148/46 1778/1147/46
f 1750/1547/46 1733/1548/46 1741/1150/46 1752/1149/46
f 1726/1549/46 1713/1550/46 1710/1154/46 1728/1153/46
f 1784/1484/878 1803/1483/878 1806/1069/878 1788/1068/878
f 1808/1486/880 1827/1485/880 1830/1073/883 1812/1072/883
f 1542/767/875 1549/766/875 1548/1551/873 1541/1552/873
f 1566/771/877 1579/770/877 1578/1553/880 1565/1554/880
f 1590/775/878 1603/774/878 1602/1555/878 1589/1556/878
f 1614/779/878 1627/778/878 1626/1557/878 1613/1558/878
s 0
f 1290/664/879 1299/1559/879 1301/881/879 1298/1560/879 1295/1329/879 1296/758/879 1292/759/879 1294/882/879 1297/1347/879 1291/1561/879 1293/1200/879 1300/1562/879 1288/676/879
s 1
f 1237/1381/877 1221/1380/877 1216/1563/882 1233/1564/882
f 1214/1383/878 1201/1382/878 1196/1565/878 1211/1566/878
f 1173/1067/46 1188/1066/46 1184/1567/46 1166/1568/46
s 0
f 1847/1099/874 1848/1569/874 1844/1570/874 1845/1571/874 1855/872/874 1854/873/874 1850/794/874 1851/627/874 1856/1572/874 1853/1423/874 1852/1573/874 1846/1574/874 1849/632/874
s 1
f 1138/1575/878 315/1576/878 45/1577/878 1137/1578/878
f 1351/481/20 1345/480/20 1343/1505/20 1350/1504/20
f 1327/1579/20 1321/1580/20 1319/1509/20 1326/1508/20
f 1303/1581/20 1293/1582/20 1291/1513/20 1302/1512/20
s 0
f 1230/676/874 1231/718/874 1229/1279/874 1226/1583/874 1238/1584/874 1232/977/874 1235/722/874 1236/723/874 1237/627/874 1233/978/874 1234/1585/874 1240/1586/874 1239/980/874 1228/878/874 1227/879/874
s 1
f 1250/1587/46 1264/1588/46 1261/1589/46 1244/1590/46
f 1274/1591/46 1282/1592/46 1279/1593/46 1268/1594/46
f 1360/1595/878 1346/1596/878 1344/1597/876 1359/1598/876
f 1334/1599/878 1322/1600/878 1320/1601/878 1333/1602/878
f 1310/1603/872 1294/1604/872 1292/1605/872 1309/1606/872
s 0
f 1161/1004/874 1162/1607/874 1160/1279/874 1158/1608/874 1159/1609/874 1153/1610/874 1156/1611/874 1150/1612/874 1151/1613/874 1152/1614/874 1154/1281/874 1155/1615/874 1157/1616/874 1163/1617/874 1164/997/874
f 1500/676/874 1501/1618/874 1503/1523/874 1502/1468/874 1506/1619/874 1507/942/874 1509/943/874 1510/909/874 1508/628/874 1504/1620/874 1505/1621/874 1499/631/874 1498/664/874
s 1
f 1789/1389/20 1799/1388/20 1796/225/81 1793/224/81
f 1813/1391/20 1823/1390/20 1820/228/81 1817/227/81
f 1836/1392/20 106/51/20 105/35/25 1834/230/81
f 1425/1014/20 1417/1013/20 1415/1622/20 1424/1623/20
f 1401/1016/20 1397/1015/20 1395/1624/20 1400/1625/20
f 1384/1018/20 1373/1017/20 1371/1626/20 1383/1627/20
f 1698/1628/46 1691/1629/46 1690/74/46 1697/73/46
f 1674/1630/46 1660/1631/46 1659/1632/46 1673/1633/46
f 1650/1634/46 1636/1635/46 1635/1636/46 1649/1637/46
f 1634/1638/46 517/123/46 516/121/46 1633/1639/46
f 1543/1640/20 1557/1641/20 1556/193/81 1537/192/81
f 1567/1642/20 1574/1643/20 1573/196/81 1561/195/81
f 1591/1644/20 1598/1645/20 1597/199/81 1585/198/81
f 1615/1646/20 537/180/20 534/179/25 1609/201/81
f 1159/363/20 1146/362/20 1148/1647/20 1153/1648/20
s 0
f 1357/676/874 1356/1649/874 1353/1650/874 1351/1651/874 1350/791/874 1363/872/874 1360/1652/874 1359/743/874 1362/744/874 1361/745/874 1358/1520/874 1364/1653/874 1352/1654/874 1355/1655/874 1354/664/874
s 1
f 1363/1656/878 1349/1657/878 1346/1596/878 1360/1595/878
f 1337/1658/878 1325/1659/878 1322/1600/878 1334/1599/878
f 1313/1660/878 1297/1661/878 1294/1604/872 1310/1603/872
f 1301/750/46 1314/749/46 1308/593/46 1298/592/46
f 1318/752/46 1338/751/46 1332/597/46 1315/596/46
f 1342/754/46 1364/753/46 1358/601/46 1339/600/46
f 1937/1351/20 87/50/20 86/50/34 1943/49/32
f 1248/984/46 1258/983/46 1264/1588/46 1250/1587/46
f 1272/986/46 1276/985/46 1282/1592/46 1274/1591/46
f 1886/1662/20 1899/1663/20 1904/868/20 1885/867/20
f 1605/890/46 1586/889/46 1588/1526/46 1607/1525/46
f 1581/894/46 1562/893/46 1564/1528/46 1583/1527/46
f 1551/898/46 1538/897/46 1540/1530/46 1553/1529/46
f 1424/1623/20 1415/1622/20 1419/1664/20 1436/1665/20
f 1400/1625/20 1395/1624/20 1399/1666/20 1412/1667/20
f 1383/1627/20 1371/1626/20 1375/1668/20 1382/1669/20
f 1153/1670/878 1148/1671/878 1149/1266/876 1156/1265/876
f 1331/511/81 1317/510/81 1321/1580/20 1327/1579/20
f 1307/508/81 1300/507/81 1293/1582/20 1303/1581/20
f 1289/505/81 850/495/25 1286/499/20
f 1366/1495/46 1378/1494/46 1381/1672/46 1374/1673/46
f 1390/1497/46 1408/1496/46 1411/1674/46 1398/1675/46
f 1421/1499/46 1432/1498/46 1435/1676/46 1418/1677/46
f 1438/1500/46 829/123/46 1443/414/46
f 1699/1678/46 1688/1679/46 1691/1629/46 1698/1628/46
f 1675/1680/46 1668/1681/46 1660/1631/46 1674/1630/46
f 1651/1682/46 1644/1683/46 1636/1635/46 1650/1634/46
f 1629/125/46 517/123/46 1634/1638/46
f 1547/652/20 1560/651/20 1557/1641/20 1543/1640/20
f 1571/656/20 1577/655/20 1574/1643/20 1567/1642/20
f 1595/660/20 1601/659/20 1598/1645/20 1591/1644/20
f 1619/663/20 538/186/20 537/180/20 1615/1646/20
f 1362/1684/876 1348/1685/876 1347/1686/878 1361/1687/878
f 1336/1688/878 1324/1689/878 1323/1690/878 1335/1691/878
f 1312/1692/878 1296/1693/878 1295/1694/878 1311/1695/878
f 1232/1696/878 1215/1697/878 1218/781/880 1235/780/880
f 1208/1698/878 1195/1699/878 1198/785/878 1212/784/878
f 1359/1598/876 1344/1597/876 1348/1685/876 1362/1684/876
f 1333/1602/878 1320/1601/878 1324/1689/878 1336/1688/878
f 1309/1606/872 1292/1605/872 1296/1693/878 1312/1692/878
f 1139/1536/46 841/450/46 1155/451/46 1154/1310/46 1142/1309/46
f 1644/1700/878 1651/1701/878 1647/1214/878 1642/1213/878
f 1668/1702/878 1675/1703/878 1671/1218/878 1666/1217/878
f 1688/1704/878 1699/1705/878 1695/1222/878 1686/1221/878
f 1673/1633/46 1659/1632/46 1661/99/47 1679/98/47
f 1649/1637/46 1635/1636/46 1637/102/47 1655/101/47
f 1633/1639/46 516/121/46 515/105/45 1622/104/47
f 1134/1387/878 316/1386/878 315/1576/878 1138/1575/878
o Cube.001
v -0.975090 1.277384 -0.047690
v 0.003838 1.277384 -0.102169
v -0.975090 2.498027 -0.046027
v 0.003838 2.498027 -0.087480
v -0.745205 1.277384 -0.095048
v -0.745205 2.498027 -0.083069
v -0.975090 2.203129 -0.051774
v 0.003838 2.203129 -0.102593
v -0.745205 2.203129 -0.096739
v 0.982765 1.277384 -0.047690
v 0.982765 2.498027 -0.046027
v 0.752880 1.277384 -0.095048
v 0.752880 2.498027 -0.083069
v 0.982765 2.203129 -0.051774
v 0.752880 2.203129 -0.096739
v -0.975090 2.009401 -0.050525
v -0.975090 1.765394 -0.049189
v -0.975090 1.487869 -0.048124
v -0.990894 1.277384 -0.002831
v -0.986943 1.277384 -0.026356
v -0.598803 1.277384 -0.099165
v -0.417379 1.277384 -0.101279
v -0.212608 1.277384 -0.102058
v 0.003838 2.009401 -0.102464
v 0.003838 1.765394 -0.102325
v 0.003838 1.487869 -0.102215
v -0.981456 2.586268 -0.020328
v -0.976846 2.556764 -0.030259
v -0.975309 2.527338 -0.039142
v 0.003838 2.586268 -0.033693
v 0.003838 2.556764 -0.054973
v 0.003838 2.527338 -0.073380
v -0.598803 2.498027 -0.085619
v -0.417379 2.498027 -0.086929
v -0.212608 2.498027 -0.087411
v -0.990894 2.498027 -0.002831
v -0.986943 2.498027 -0.025828
v -0.953718 1.277384 -0.065055
v -0.914745 1.277384 -0.078447
v -0.848473 1.277384 -0.088300
v -0.953718 2.498027 -0.061239
v -0.914745 2.498027 -0.071822
v -0.848473 2.498027 -0.078768
v -0.745205 2.009401 -0.096222
v -0.745205 1.765394 -0.095669
v -0.745205 1.487869 -0.095228
v -0.745205 2.586268 -0.032395
v -0.745205 2.556764 -0.052454
v -0.745205 2.527338 -0.069798
v -0.975090 2.466065 -0.050271
v -0.975090 2.417460 -0.052237
v -0.975090 2.335414 -0.052534
v 0.003838 2.466065 -0.096313
v 0.003838 2.417460 -0.100826
v 0.003838 2.335414 -0.102445
v -0.745205 2.466065 -0.091354
v -0.745205 2.417460 -0.095520
v -0.745205 2.335414 -0.096878
v -0.953718 2.203129 -0.069538
v -0.914745 2.203129 -0.082338
v -0.848473 2.203129 -0.091098
v -0.990894 2.203129 -0.002831
v -0.986943 2.203129 -0.028768
v -0.598803 2.203129 -0.100124
v -0.417379 2.203129 -0.101861
v -0.212608 2.203129 -0.102502
v 0.982765 2.009401 -0.050525
v 0.982765 1.765394 -0.049189
v 0.982765 1.487869 -0.048124
v 0.998569 1.277384 -0.002831
v 0.994618 1.277384 -0.026356
v 0.606478 1.277384 -0.099165
v 0.425054 1.277384 -0.101279
v 0.220283 1.277384 -0.102058
v 0.989131 2.586268 -0.020328
v 0.984521 2.556764 -0.030259
v 0.982984 2.527338 -0.039142
v 0.606478 2.498027 -0.085619
v 0.425054 2.498027 -0.086929
v 0.220283 2.498027 -0.087411
v 0.998569 2.498027 -0.002831
v 0.994618 2.498027 -0.025828
v 0.961393 1.277384 -0.065055
v 0.922420 1.277384 -0.078447
v 0.856148 1.277384 -0.088300
v 0.961393 2.498027 -0.061239
v 0.922420 2.498027 -0.071822
v 0.856148 2.498027 -0.078768
v 0.752880 2.009401 -0.096222
v 0.752880 1.765394 -0.095669
v 0.752880 1.487869 -0.095228
v 0.752880 2.586268 -0.032395
v 0.752880 2.556764 -0.052454
v 0.752880 2.527338 -0.069798
v 0.982765 2.466065 -0.050271
v 0.982765 2.417460 -0.052237
v 0.982765 2.335414 -0.052534
v 0.752880 2.466065 -0.091354
v 0.752880 2.417460 -0.095520
v 0.752880 2.335414 -0.096878
v 0.961393 2.203129 -0.069538
v 0.922420 2.203129 -0.082338
v 0.856148 2.203129 -0.091098
v 0.998569 2.203129 -0.002831
v 0.994618 2.203129 -0.028768
v 0.606478 2.203129 -0.100124
v 0.425054 2.203129 -0.101861
v 0.220283 2.203129 -0.102502
v -0.991004 2.527338 -0.002831
v -0.991772 2.556764 -0.002831
v -0.993638 2.586268 -0.002831
v -0.987108 2.527337 -0.022183
v -0.988260 2.556764 -0.017503
v -0.991279 2.586268 -0.012278
v -0.598803 2.527337 -0.071869
v -0.598803 2.556764 -0.053910
v -0.598803 2.586268 -0.033145
v -0.417379 2.527338 -0.072932
v -0.417379 2.556764 -0.054658
v -0.417379 2.586268 -0.033531
v -0.212608 2.527338 -0.073324
v -0.212608 2.556764 -0.054933
v -0.212608 2.586268 -0.033673
v -0.598803 2.335414 -0.100096
v -0.598803 2.417460 -0.098588
v -0.598803 2.466065 -0.094221
v -0.417379 2.335414 -0.101749
v -0.417379 2.417460 -0.100163
v -0.417379 2.466065 -0.095693
v -0.212608 2.335414 -0.102358
v -0.212608 2.417460 -0.100744
v -0.212608 2.466065 -0.096235
v -0.990894 2.335414 -0.002831
v -0.990894 2.417460 -0.002831
v -0.990894 2.466065 -0.002831
v -0.986943 2.335414 -0.029224
v -0.986943 2.417460 -0.029098
v -0.986943 2.466065 -0.028072
v -0.953718 2.335414 -0.070341
v -0.953718 2.417460 -0.069797
v -0.953718 2.466065 -0.067049
v -0.914745 2.335414 -0.082984
v -0.914745 2.417460 -0.082149
v -0.914745 2.466065 -0.078780
v -0.848473 2.335414 -0.091487
v -0.848473 2.417460 -0.090366
v -0.848473 2.466065 -0.086528
v -0.953875 2.527337 -0.051836
v -0.954980 2.556764 -0.039617
v -0.957881 2.586268 -0.025669
v -0.914800 2.527338 -0.060597
v -0.915184 2.556764 -0.045931
v -0.916117 2.586268 -0.029013
v -0.848480 2.527337 -0.066297
v -0.848528 2.556764 -0.049986
v -0.848645 2.586268 -0.031120
v -0.953718 1.487869 -0.065532
v -0.953718 1.765394 -0.066701
v -0.953718 2.009400 -0.068167
v -0.914745 1.487869 -0.078861
v -0.914745 1.765394 -0.079876
v -0.914745 2.009400 -0.081149
v -0.848473 1.487869 -0.088598
v -0.848473 1.765394 -0.089327
v -0.848473 2.009400 -0.090242
v -0.990894 1.487869 -0.002831
v -0.990894 1.765394 -0.002831
v -0.990894 2.009400 -0.002831
v -0.986943 1.487869 -0.026613
v -0.986943 1.765394 -0.027242
v -0.986943 2.009400 -0.028031
v -0.598803 1.487869 -0.099267
v -0.598803 1.765394 -0.099517
v -0.598803 2.009400 -0.099831
v -0.417379 1.487869 -0.101341
v -0.417379 1.765394 -0.101493
v -0.417379 2.009400 -0.101683
v -0.212608 1.487869 -0.102105
v -0.212608 1.765394 -0.102221
v -0.212608 2.009400 -0.102366
v 0.998679 2.527338 -0.002831
v 0.994783 2.527338 -0.022183
v 0.999447 2.556764 -0.002831
v 0.995935 2.556764 -0.017503
v 1.001313 2.586268 -0.002831
v 0.998954 2.586268 -0.012278
v 0.606478 2.527338 -0.071869
v 0.425054 2.527338 -0.072932
v 0.220283 2.527338 -0.073324
v 0.606478 2.556764 -0.053910
v 0.425054 2.556764 -0.054658
v 0.220283 2.556764 -0.054933
v 0.606478 2.586268 -0.033145
v 0.425054 2.586268 -0.033531
v 0.220283 2.586268 -0.033673
v 0.606478 2.335414 -0.100096
v 0.425054 2.335414 -0.101749
v 0.220283 2.335414 -0.102358
v 0.606478 2.417460 -0.098588
v 0.425054 2.417460 -0.100163
v 0.220283 2.417460 -0.100744
v 0.606478 2.466065 -0.094221
v 0.425054 2.466065 -0.095693
v 0.220283 2.466065 -0.096235
v 0.998569 2.335414 -0.002831
v 0.994618 2.335414 -0.029224
v 0.998569 2.417460 -0.002831
v 0.994618 2.417460 -0.029098
v 0.998569 2.466065 -0.002831
v 0.994618 2.466065 -0.028072
v 0.961393 2.335414 -0.070341
v 0.922420 2.335414 -0.082984
v 0.856148 2.335414 -0.091487
v 0.961393 2.417460 -0.069797
v 0.922420 2.417460 -0.082149
v 0.856148 2.417460 -0.090366
v 0.961393 2.466065 -0.067049
v 0.922420 2.466065 -0.078780
v 0.856148 2.466065 -0.086528
v 0.961550 2.527338 -0.051836
v 0.922475 2.527338 -0.060597
v 0.856155 2.527338 -0.066297
v 0.962655 2.556764 -0.039617
v 0.922859 2.556764 -0.045931
v 0.856203 2.556764 -0.049986
v 0.965557 2.586268 -0.025669
v 0.923792 2.586268 -0.029013
v 0.856320 2.586268 -0.031120
v 0.961393 1.487869 -0.065532
v 0.922420 1.487869 -0.078861
v 0.856148 1.487869 -0.088598
v 0.961393 1.765394 -0.066701
v 0.922420 1.765394 -0.079876
v 0.856148 1.765394 -0.089327
v 0.961393 2.009400 -0.068167
v 0.922420 2.009401 -0.081149
v 0.856148 2.009400 -0.090242
v 0.998569 1.487869 -0.002831
v 0.994618 1.487869 -0.026613
v 0.998569 1.765394 -0.002831
v 0.994618 1.765394 -0.027242
v 0.998569 2.009401 -0.002831
v 0.994618 2.009400 -0.028031
v 0.606478 1.487869 -0.099267
v 0.425054 1.487869 -0.101341
v 0.220283 1.487869 -0.102105
v 0.606478 1.765394 -0.099517
v 0.425054 1.765394 -0.101493
v 0.220283 1.765394 -0.102221
v 0.606478 2.009400 -0.099831
v 0.425054 2.009400 -0.101683
v 0.220283 2.009400 -0.102366
v -0.975090 0.056742 -0.046027
v 0.003838 0.056742 -0.087480
v -0.745205 0.056742 -0.083069
v -0.975090 0.351639 -0.051774
v 0.003838 0.351639 -0.102593
v -0.745205 0.351639 -0.096739
v 0.982765 0.056742 -0.046027
v 0.752880 0.056742 -0.083069
v 0.982765 0.351639 -0.051774
v 0.752880 0.351639 -0.096739
v -0.975090 0.545368 -0.050525
v -0.975090 0.789375 -0.049189
v -0.975090 1.066900 -0.048124
v 0.003838 0.545368 -0.102464
v 0.003838 0.789375 -0.102325
v 0.003838 1.066900 -0.102215
v -0.981456 -0.031500 -0.020328
v -0.976846 -0.001995 -0.030259
v -0.975309 0.027431 -0.039142
v 0.003838 -0.031500 -0.033693
v 0.003838 -0.001995 -0.054973
v 0.003838 0.027431 -0.073380
v -0.598803 0.056742 -0.085619
v -0.417379 0.056742 -0.086929
v -0.212608 0.056742 -0.087411
v -0.990894 0.056742 -0.002831
v -0.986943 0.056742 -0.025828
v -0.953718 0.056742 -0.061239
v -0.914745 0.056742 -0.071822
v -0.848473 0.056742 -0.078768
v -0.745205 0.545368 -0.096222
v -0.745205 0.789375 -0.095669
v -0.745205 1.066900 -0.095228
v -0.745205 -0.031500 -0.032395
v -0.745205 -0.001995 -0.052454
v -0.745205 0.027431 -0.069798
v -0.975090 0.088704 -0.050271
v -0.975090 0.137308 -0.052237
v -0.975090 0.219354 -0.052534
v 0.003838 0.088704 -0.096313
v 0.003838 0.137308 -0.100826
v 0.003838 0.219354 -0.102445
v -0.745205 0.088704 -0.091354
v -0.745205 0.137308 -0.095520
v -0.745205 0.219354 -0.096878
v -0.953718 0.351639 -0.069538
v -0.914745 0.351639 -0.082338
v -0.848473 0.351639 -0.091098
v -0.990894 0.351639 -0.002831
v -0.986943 0.351639 -0.028768
v -0.598803 0.351639 -0.100124
v -0.417379 0.351639 -0.101861
v -0.212608 0.351639 -0.102502
v 0.982765 0.545368 -0.050525
v 0.982765 0.789375 -0.049189
v 0.982765 1.066900 -0.048124
v 0.989131 -0.031500 -0.020328
v 0.984521 -0.001996 -0.030259
v 0.982984 0.027431 -0.039142
v 0.606478 0.056742 -0.085619
v 0.425054 0.056742 -0.086929
v 0.220283 0.056742 -0.087411
v 0.998569 0.056742 -0.002831
v 0.994618 0.056742 -0.025828
v 0.961393 0.056742 -0.061239
v 0.922420 0.056742 -0.071822
v 0.856148 0.056742 -0.078768
v 0.752880 0.545368 -0.096222
v 0.752880 0.789375 -0.095669
v 0.752880 1.066900 -0.095228
v 0.752880 -0.031500 -0.032395
v 0.752880 -0.001996 -0.052454
v 0.752880 0.027431 -0.069798
v 0.982765 0.088703 -0.050271
v 0.982765 0.137309 -0.052237
v 0.982765 0.219354 -0.052534
v 0.752880 0.088703 -0.091354
v 0.752880 0.137309 -0.095520
v 0.752880 0.219354 -0.096878
v 0.961393 0.351639 -0.069538
v 0.922420 0.351639 -0.082338
v 0.856148 0.351639 -0.091098
v 0.998569 0.351639 -0.002831
v 0.994618 0.351639 -0.028768
v 0.606478 0.351639 -0.100124
v 0.425054 0.351639 -0.101861
v 0.220283 0.351639 -0.102502
v -0.991004 0.027431 -0.002831
v -0.991772 -0.001995 -0.002831
v -0.993638 -0.031500 -0.002831
v -0.987108 0.027431 -0.022183
v -0.988260 -0.001995 -0.017503
v -0.991279 -0.031500 -0.012278
v -0.598803 0.027431 -0.071869
v -0.598803 -0.001995 -0.053910
v -0.598803 -0.031500 -0.033145
v -0.417379 0.027431 -0.072932
v -0.417379 -0.001995 -0.054658
v -0.417379 -0.031500 -0.033531
v -0.212608 0.027431 -0.073324
v -0.212608 -0.001995 -0.054933
v -0.212608 -0.031500 -0.033673
v -0.598803 0.219355 -0.100096
v -0.598803 0.137308 -0.098588
v -0.598803 0.088704 -0.094221
v -0.417379 0.219354 -0.101749
v -0.417379 0.137308 -0.100163
v -0.417379 0.088704 -0.095693
v -0.212608 0.219354 -0.102358
v -0.212608 0.137308 -0.100744
v -0.212608 0.088704 -0.096235
v -0.990894 0.219354 -0.002831
v -0.990894 0.137308 -0.002831
v -0.990894 0.088704 -0.002831
v -0.986943 0.219355 -0.029224
v -0.986943 0.137308 -0.029098
v -0.986943 0.088704 -0.028072
v -0.953718 0.219354 -0.070341
v -0.953718 0.137308 -0.069797
v -0.953718 0.088704 -0.067049
v -0.914745 0.219354 -0.082984
v -0.914745 0.137308 -0.082149
v -0.914745 0.088704 -0.078780
v -0.848473 0.219354 -0.091487
v -0.848473 0.137308 -0.090366
v -0.848473 0.088704 -0.086528
v -0.953875 0.027431 -0.051836
v -0.954980 -0.001995 -0.039617
v -0.957881 -0.031500 -0.025669
v -0.914800 0.027431 -0.060597
v -0.915184 -0.001995 -0.045931
v -0.916117 -0.031500 -0.029013
v -0.848480 0.027431 -0.066297
v -0.848528 -0.001995 -0.049986
v -0.848645 -0.031500 -0.031120
v -0.953718 1.066900 -0.065532
v -0.953718 0.789375 -0.066701
v -0.953718 0.545368 -0.068167
v -0.914745 1.066900 -0.078861
v -0.914745 0.789375 -0.079876
v -0.914745 0.545368 -0.081149
v -0.848473 1.066900 -0.088598
v -0.848473 0.789375 -0.089327
v -0.848473 0.545368 -0.090242
v -0.990894 1.066900 -0.002831
v -0.990894 0.789375 -0.002831
v -0.990894 0.545368 -0.002831
v -0.986943 1.066900 -0.026613
v -0.986943 0.789375 -0.027242
v -0.986943 0.545368 -0.028031
v -0.598803 1.066900 -0.099267
v -0.598803 0.789375 -0.099517
v -0.598803 0.545368 -0.099831
v -0.417379 1.066900 -0.101341
v -0.417379 0.789375 -0.101493
v -0.417379 0.545368 -0.101683
v -0.212608 1.066900 -0.102105
v -0.212608 0.789375 -0.102221
v -0.212608 0.545368 -0.102366
v 0.998679 0.027431 -0.002831
v 0.994783 0.027431 -0.022183
v 0.999447 -0.001995 -0.002831
v 0.995935 -0.001995 -0.017503
v 1.001313 -0.031500 -0.002831
v 0.998954 -0.031500 -0.012278
v 0.606478 0.027431 -0.071869
v 0.425054 0.027431 -0.072932
v 0.220283 0.027431 -0.073324
v 0.606478 -0.001995 -0.053910
v 0.425054 -0.001995 -0.054658
v 0.220283 -0.001995 -0.054933
v 0.606478 -0.031500 -0.033145
v 0.425054 -0.031500 -0.033531
v 0.220283 -0.031500 -0.033673
v 0.606478 0.219355 -0.100096
v 0.425054 0.219354 -0.101749
v 0.220283 0.219354 -0.102358
v 0.606478 0.137308 -0.098588
v 0.425054 0.137308 -0.100163
v 0.220283 0.137308 -0.100744
v 0.606478 0.088704 -0.094221
v 0.425054 0.088704 -0.095693
v 0.220283 0.088704 -0.096235
v 0.998569 0.219354 -0.002831
v 0.994618 0.219355 -0.029224
v 0.998569 0.137309 -0.002831
v 0.994618 0.137308 -0.029098
v 0.998569 0.088704 -0.002831
v 0.994618 0.088704 -0.028072
v 0.961393 0.219354 -0.070341
v 0.922420 0.219354 -0.082984
v 0.856148 0.219354 -0.091487
v 0.961393 0.137308 -0.069797
v 0.922420 0.137308 -0.082149
v 0.856148 0.137308 -0.090366
v 0.961393 0.088704 -0.067049
v 0.922420 0.088704 -0.078780
v 0.856148 0.088704 -0.086528
v 0.961550 0.027431 -0.051836
v 0.922475 0.027431 -0.060597
v 0.856155 0.027431 -0.066297
v 0.962655 -0.001995 -0.039617
v 0.922859 -0.001996 -0.045931
v 0.856203 -0.001996 -0.049986
v 0.965557 -0.031500 -0.025669
v 0.923792 -0.031500 -0.029013
v 0.856320 -0.031500 -0.031120
v 0.961393 1.066900 -0.065532
v 0.922420 1.066900 -0.078861
v 0.856148 1.066900 -0.088598
v 0.961393 0.789375 -0.066701
v 0.922420 0.789375 -0.079876
v 0.856148 0.789375 -0.089327
v 0.961393 0.545368 -0.068167
v 0.922420 0.545368 -0.081149
v 0.856148 0.545368 -0.090242
v 0.998569 1.066900 -0.002831
v 0.994618 1.066900 -0.026613
v 0.998569 0.789375 -0.002831
v 0.994618 0.789375 -0.027242
v 0.998569 0.545368 -0.002831
v 0.994618 0.545368 -0.028031
v 0.606478 1.066900 -0.099267
v 0.425054 1.066900 -0.101341
v 0.220283 1.066900 -0.102105
v 0.606478 0.789375 -0.099517
v 0.425054 0.789375 -0.101493
v 0.220283 0.789375 -0.102221
v 0.606478 0.545368 -0.099831
v 0.425054 0.545368 -0.101683
v 0.220283 0.545368 -0.102366
v 0.994618 2.498027 0.020166
v -0.988260 2.556764 0.011841
v -0.991279 2.586268 0.006616
v 0.994783 2.527338 0.016521
v 0.995935 2.556764 0.011841
v 0.998954 2.586268 0.006616
v -0.975090 1.277384 0.042028
v 0.003838 1.277384 0.096507
v -0.975090 2.498027 0.040365
v 0.003838 2.498027 0.081818
v -0.745205 1.277384 0.089387
v -0.745205 2.498027 0.077407
v -0.975090 2.203129 0.046112
v 0.003838 2.203129 0.096931
v -0.745205 2.203129 0.091077
v 0.982765 1.277384 0.042028
v 0.982765 2.498027 0.040365
v 0.752880 1.277384 0.089387
v 0.752880 2.498027 0.077407
v 0.982765 2.203129 0.046112
v 0.752880 2.203129 0.091077
v -0.975090 2.009401 0.044863
v -0.975090 1.765394 0.043527
v -0.975090 1.487869 0.042462
v -0.986943 1.277384 0.020694
v -0.598803 1.277384 0.093503
v -0.417379 1.277384 0.095617
v -0.212608 1.277384 0.096396
v 0.003838 2.009401 0.096802
v 0.003838 1.765394 0.096663
v 0.003838 1.487869 0.096553
v -0.981456 2.586268 0.014666
v -0.976846 2.556764 0.024597
v -0.975309 2.527338 0.033480
v 0.003838 2.586268 0.028031
v 0.003838 2.556764 0.049311
v 0.003838 2.527338 0.067718
v -0.598803 2.498027 0.079957
v -0.417379 2.498027 0.081267
v -0.212608 2.498027 0.081749
v -0.986943 2.498027 0.020166
v -0.953718 1.277384 0.059393
v -0.914745 1.277384 0.072785
v -0.848473 1.277384 0.082638
v -0.953718 2.498027 0.055577
v -0.914745 2.498027 0.066160
v -0.848473 2.498027 0.073106
v -0.745205 2.009401 0.090560
v -0.745205 1.765394 0.090007
v -0.745205 1.487869 0.089566
v -0.745205 2.586268 0.026733
v -0.745205 2.556764 0.046792
v -0.745205 2.527338 0.064136
v -0.975090 2.466065 0.044609
v -0.975090 2.417460 0.046575
v -0.975090 2.335414 0.046872
v 0.003838 2.466065 0.090651
v 0.003838 2.417460 0.095164
v 0.003838 2.335414 0.096783
v -0.745205 2.466065 0.085692
v -0.745205 2.417460 0.089858
v -0.745205 2.335414 0.091216
v -0.953718 2.203129 0.063876
v -0.914745 2.203129 0.076676
v -0.848473 2.203129 0.085436
v -0.986943 2.203129 0.023106
v -0.598803 2.203129 0.094462
v -0.417379 2.203129 0.096199
v -0.212608 2.203129 0.096840
v 0.982765 2.009401 0.044863
v 0.982765 1.765394 0.043527
v 0.982765 1.487869 0.042462
v 0.994618 1.277384 0.020694
v 0.606478 1.277384 0.093503
v 0.425054 1.277384 0.095617
v 0.220283 1.277384 0.096396
v 0.989131 2.586268 0.014666
v 0.984521 2.556764 0.024597
v 0.982984 2.527338 0.033480
v 0.606478 2.498027 0.079957
v 0.425054 2.498027 0.081267
v 0.220283 2.498027 0.081749
v 0.994618 2.498027 0.020166
v 0.961393 1.277384 0.059393
v 0.922420 1.277384 0.072785
v 0.856148 1.277384 0.082638
v 0.961393 2.498027 0.055577
v 0.922420 2.498027 0.066160
v 0.856148 2.498027 0.073106
v 0.752880 2.009401 0.090560
v 0.752880 1.765394 0.090007
v 0.752880 1.487869 0.089566
v 0.752880 2.586268 0.026733
v 0.752880 2.556764 0.046792
v 0.752880 2.527338 0.064136
v 0.982765 2.466065 0.044609
v 0.982765 2.417460 0.046575
v 0.982765 2.335414 0.046872
v 0.752880 2.466065 0.085692
v 0.752880 2.417460 0.089858
v 0.752880 2.335414 0.091216
v 0.961393 2.203129 0.063876
v 0.922420 2.203129 0.076676
v 0.856148 2.203129 0.085436
v 0.994618 2.203129 0.023106
v 0.606478 2.203129 0.094462
v 0.425054 2.203129 0.096199
v 0.220283 2.203129 0.096840
v -0.987108 2.527337 0.016521
v -0.988260 2.556764 0.011841
v -0.991279 2.586268 0.006616
v -0.598803 2.527337 0.066207
v -0.598803 2.556764 0.048248
v -0.598803 2.586268 0.027483
v -0.417379 2.527338 0.067270
v -0.417379 2.556764 0.048996
v -0.417379 2.586268 0.027869
v -0.212608 2.527338 0.067662
v -0.212608 2.556764 0.049271
v -0.212608 2.586268 0.028011
v -0.598803 2.335414 0.094434
v -0.598803 2.417460 0.092926
v -0.598803 2.466065 0.088559
v -0.417379 2.335414 0.096087
v -0.417379 2.417460 0.094501
v -0.417379 2.466065 0.090031
v -0.212608 2.335414 0.096696
v -0.212608 2.417460 0.095082
v -0.212608 2.466065 0.090573
v -0.986943 2.335414 0.023562
v -0.986943 2.417460 0.023436
v -0.986943 2.466065 0.022410
v -0.953718 2.335414 0.064679
v -0.953718 2.417460 0.064135
v -0.953718 2.466065 0.061387
v -0.914745 2.335414 0.077322
v -0.914745 2.417460 0.076487
v -0.914745 2.466065 0.073118
v -0.848473 2.335414 0.085825
v -0.848473 2.417460 0.084704
v -0.848473 2.466065 0.080866
v -0.953875 2.527337 0.046174
v -0.954980 2.556764 0.033955
v -0.957881 2.586268 0.020007
v -0.914800 2.527338 0.054935
v -0.915184 2.556764 0.040269
v -0.916117 2.586268 0.023351
v -0.848480 2.527337 0.060635
v -0.848528 2.556764 0.044324
v -0.848645 2.586268 0.025458
v -0.953718 1.487869 0.059870
v -0.953718 1.765394 0.061039
v -0.953718 2.009400 0.062505
v -0.914745 1.487869 0.073199
v -0.914745 1.765394 0.074214
v -0.914745 2.009400 0.075487
v -0.848473 1.487869 0.082936
v -0.848473 1.765394 0.083665
v -0.848473 2.009400 0.084580
v -0.986943 1.487869 0.020951
v -0.986943 1.765394 0.021580
v -0.986943 2.009400 0.022369
v -0.598803 1.487869 0.093605
v -0.598803 1.765394 0.093855
v -0.598803 2.009400 0.094169
v -0.417379 1.487869 0.095679
v -0.417379 1.765394 0.095831
v -0.417379 2.009400 0.096021
v -0.212608 1.487869 0.096443
v -0.212608 1.765394 0.096559
v -0.212608 2.009400 0.096704
v 0.994783 2.527338 0.016521
v 0.995935 2.556764 0.011841
v 0.998954 2.586268 0.006616
v 0.606478 2.527338 0.066207
v 0.425054 2.527338 0.067270
v 0.220283 2.527338 0.067662
v 0.606478 2.556764 0.048248
v 0.425054 2.556764 0.048996
v 0.220283 2.556764 0.049271
v 0.606478 2.586268 0.027483
v 0.425054 2.586268 0.027869
v 0.220283 2.586268 0.028011
v 0.606478 2.335414 0.094434
v 0.425054 2.335414 0.096087
v 0.220283 2.335414 0.096696
v 0.606478 2.417460 0.092926
v 0.425054 2.417460 0.094501
v 0.220283 2.417460 0.095082
v 0.606478 2.466065 0.088559
v 0.425054 2.466065 0.090031
v 0.220283 2.466065 0.090573
v 0.994618 2.335414 0.023562
v 0.994618 2.417460 0.023436
v 0.994618 2.466065 0.022410
v 0.961393 2.335414 0.064679
v 0.922420 2.335414 0.077322
v 0.856148 2.335414 0.085825
v 0.961393 2.417460 0.064135
v 0.922420 2.417460 0.076487
v 0.856148 2.417460 0.084704
v 0.961393 2.466065 0.061387
v 0.922420 2.466065 0.073118
v 0.856148 2.466065 0.080866
v 0.961550 2.527338 0.046174
v 0.922475 2.527338 0.054935
v 0.856155 2.527338 0.060635
v 0.962655 2.556764 0.033955
v 0.922859 2.556764 0.040269
v 0.856203 2.556764 0.044324
v 0.965557 2.586268 0.020007
v 0.923792 2.586268 0.023351
v 0.856320 2.586268 0.025458
v 0.961393 1.487869 0.059870
v 0.922420 1.487869 0.073199
v 0.856148 1.487869 0.082936
v 0.961393 1.765394 0.061039
v 0.922420 1.765394 0.074214
v 0.856148 1.765394 0.083665
v 0.961393 2.009400 0.062505
v 0.922420 2.009401 0.075487
v 0.856148 2.009400 0.084580
v 0.994618 1.487869 0.020951
v 0.994618 1.765394 0.021580
v 0.994618 2.009400 0.022369
v 0.606478 1.487869 0.093605
v 0.425054 1.487869 0.095679
v 0.220283 1.487869 0.096443
v 0.606478 1.765394 0.093855
v 0.425054 1.765394 0.095831
v 0.220283 1.765394 0.096559
v 0.606478 2.009400 0.094169
v 0.425054 2.009400 0.096021
v 0.220283 2.009400 0.096704
v -0.975090 0.056742 0.040365
v 0.003838 0.056742 0.081818
v -0.745205 0.056742 0.077407
v -0.975090 0.351639 0.046112
v 0.003838 0.351639 0.096931
v -0.745205 0.351639 0.091077
v 0.982765 0.056742 0.040365
v 0.752880 0.056742 0.077407
v 0.982765 0.351639 0.046112
v 0.752880 0.351639 0.091077
v -0.975090 0.545368 0.044863
v -0.975090 0.789375 0.043527
v -0.975090 1.066900 0.042462
v 0.003838 0.545368 0.096802
v 0.003838 0.789375 0.096663
v 0.003838 1.066900 0.096553
v -0.981456 -0.031500 0.014666
v -0.976846 -0.001995 0.024597
v -0.975309 0.027431 0.033480
v 0.003838 -0.031500 0.028031
v 0.003838 -0.001995 0.049311
v 0.003838 0.027431 0.067718
v -0.598803 0.056742 0.079957
v -0.417379 0.056742 0.081267
v -0.212608 0.056742 0.081749
v -0.986943 0.056742 0.020166
v -0.953718 0.056742 0.055577
v -0.914745 0.056742 0.066160
v -0.848473 0.056742 0.073106
v -0.745205 0.545368 0.090560
v -0.745205 0.789375 0.090007
v -0.745205 1.066900 0.089566
v -0.745205 -0.031500 0.026733
v -0.745205 -0.001995 0.046792
v -0.745205 0.027431 0.064136
v -0.975090 0.088704 0.044609
v -0.975090 0.137308 0.046575
v -0.975090 0.219354 0.046872
v 0.003838 0.088704 0.090651
v 0.003838 0.137308 0.095164
v 0.003838 0.219354 0.096783
v -0.745205 0.088704 0.085692
v -0.745205 0.137308 0.089858
v -0.745205 0.219354 0.091216
v -0.953718 0.351639 0.063876
v -0.914745 0.351639 0.076676
v -0.848473 0.351639 0.085436
v -0.986943 0.351639 0.023106
v -0.598803 0.351639 0.094462
v -0.417379 0.351639 0.096199
v -0.212608 0.351639 0.096840
v 0.982765 0.545368 0.044863
v 0.982765 0.789375 0.043527
v 0.982765 1.066900 0.042462
v 0.989131 -0.031500 0.014666
v 0.984521 -0.001996 0.024597
v 0.982984 0.027431 0.033480
v 0.606478 0.056742 0.079957
v 0.425054 0.056742 0.081267
v 0.220283 0.056742 0.081749
v 0.994618 0.056742 0.020166
v 0.961393 0.056742 0.055577
v 0.922420 0.056742 0.066160
v 0.856148 0.056742 0.073106
v 0.752880 0.545368 0.090560
v 0.752880 0.789375 0.090007
v 0.752880 1.066900 0.089566
v 0.752880 -0.031500 0.026733
v 0.752880 -0.001996 0.046792
v 0.752880 0.027431 0.064136
v 0.982765 0.088703 0.044609
v 0.982765 0.137309 0.046575
v 0.982765 0.219354 0.046872
v 0.752880 0.088703 0.085692
v 0.752880 0.137309 0.089858
v 0.752880 0.219354 0.091216
v 0.961393 0.351639 0.063876
v 0.922420 0.351639 0.076676
v 0.856148 0.351639 0.085436
v 0.994618 0.351639 0.023106
v 0.606478 0.351639 0.094462
v 0.425054 0.351639 0.096199
v 0.220283 0.351639 0.096840
v -0.987108 0.027431 0.016521
v -0.988260 -0.001995 0.011841
v -0.991279 -0.031500 0.006616
v -0.598803 0.027431 0.066207
v -0.598803 -0.001995 0.048248
v -0.598803 -0.031500 0.027483
v -0.417379 0.027431 0.067270
v -0.417379 -0.001995 0.048996
v -0.417379 -0.031500 0.027869
v -0.212608 0.027431 0.067662
v -0.212608 -0.001995 0.049271
v -0.212608 -0.031500 0.028011
v -0.598803 0.219355 0.094434
v -0.598803 0.137308 0.092926
v -0.598803 0.088704 0.088559
v -0.417379 0.219354 0.096087
v -0.417379 0.137308 0.094501
v -0.417379 0.088704 0.090031
v -0.212608 0.219354 0.096696
v -0.212608 0.137308 0.095082
v -0.212608 0.088704 0.090573
v -0.986943 0.219355 0.023562
v -0.986943 0.137308 0.023436
v -0.986943 0.088704 0.022410
v -0.953718 0.219354 0.064679
v -0.953718 0.137308 0.064135
v -0.953718 0.088704 0.061387
v -0.914745 0.219354 0.077322
v -0.914745 0.137308 0.076487
v -0.914745 0.088704 0.073118
v -0.848473 0.219354 0.085825
v -0.848473 0.137308 0.084704
v -0.848473 0.088704 0.080866
v -0.953875 0.027431 0.046174
v -0.954980 -0.001995 0.033955
v -0.957881 -0.031500 0.020007
v -0.914800 0.027431 0.054935
v -0.915184 -0.001995 0.040269
v -0.916117 -0.031500 0.023351
v -0.848480 0.027431 0.060635
v -0.848528 -0.001995 0.044324
v -0.848645 -0.031500 0.025458
v -0.953718 1.066900 0.059870
v -0.953718 0.789375 0.061039
v -0.953718 0.545368 0.062505
v -0.914745 1.066900 0.073199
v -0.914745 0.789375 0.074214
v -0.914745 0.545368 0.075487
v -0.848473 1.066900 0.082936
v -0.848473 0.789375 0.083665
v -0.848473 0.545368 0.084580
v -0.986943 1.066900 0.020951
v -0.986943 0.789375 0.021580
v -0.986943 0.545368 0.022369
v -0.598803 1.066900 0.093605
v -0.598803 0.789375 0.093855
v -0.598803 0.545368 0.094169
v -0.417379 1.066900 0.095679
v -0.417379 0.789375 0.095831
v -0.417379 0.545368 0.096021
v -0.212608 1.066900 0.096443
v -0.212608 0.789375 0.096559
v -0.212608 0.545368 0.096704
v 0.994783 0.027431 0.016521
v 0.995935 -0.001995 0.011841
v 0.998954 -0.031500 0.006616
v 0.606478 0.027431 0.066207
v 0.425054 0.027431 0.067270
v 0.220283 0.027431 0.067662
v 0.606478 -0.001995 0.048248
v 0.425054 -0.001995 0.048996
v 0.220283 -0.001995 0.049271
v 0.606478 -0.031500 0.027483
v 0.425054 -0.031500 0.027869
v 0.220283 -0.031500 0.028011
v 0.606478 0.219355 0.094434
v 0.425054 0.219354 0.096087
v 0.220283 0.219354 0.096696
v 0.606478 0.137308 0.092926
v 0.425054 0.137308 0.094501
v 0.220283 0.137308 0.095082
v 0.606478 0.088704 0.088559
v 0.425054 0.088704 0.090031
v 0.220283 0.088704 0.090573
v 0.994618 0.219355 0.023562
v 0.994618 0.137308 0.023436
v 0.994618 0.088704 0.022410
v 0.961393 0.219354 0.064679
v 0.922420 0.219354 0.077322
v 0.856148 0.219354 0.085825
v 0.961393 0.137308 0.064135
v 0.922420 0.137308 0.076487
v 0.856148 0.137308 0.084704
v 0.961393 0.088704 0.061387
v 0.922420 0.088704 0.073118
v 0.856148 0.088704 0.080866
v 0.961550 0.027431 0.046174
v 0.922475 0.027431 0.054935
v 0.856155 0.027431 0.060635
v 0.962655 -0.001995 0.033955
v 0.922859 -0.001996 0.040269
v 0.856203 -0.001996 0.044324
v 0.965557 -0.031500 0.020007
v 0.923792 -0.031500 0.023351
v 0.856320 -0.031500 0.025458
v 0.961393 1.066900 0.059870
v 0.922420 1.066900 0.073199
v 0.856148 1.066900 0.082936
v 0.961393 0.789375 0.061039
v 0.922420 0.789375 0.074214
v 0.856148 0.789375 0.083665
v 0.961393 0.545368 0.062505
v 0.922420 0.545368 0.075487
v 0.856148 0.545368 0.084580
v 0.994618 1.066900 0.020951
v 0.994618 0.789375 0.021580
v 0.994618 0.545368 0.022369
v 0.606478 1.066900 0.093605
v 0.425054 1.066900 0.095679
v 0.220283 1.066900 0.096443
v 0.606478 0.789375 0.093855
v 0.425054 0.789375 0.095831
v 0.220283 0.789375 0.096559
v 0.606478 0.545368 0.094169
v 0.425054 0.545368 0.096021
v 0.220283 0.545368 0.096704
v 0.994618 2.498027 -0.025828
v -0.988260 2.556764 -0.017503
v -0.991279 2.586268 -0.012278
v 0.994783 2.527338 -0.022183
v 0.995935 2.556764 -0.017503
v 0.998954 2.586268 -0.012278
vn -0.7672 -0.0000 -0.6414
vn -0.0000 -0.0000 -1.0000
vn -0.7240 0.1273 -0.6780
vn -0.0000 0.3490 -0.9371
vn -0.0463 -0.0000 -0.9989
vn -0.0276 0.3287 -0.9440
vn -0.7792 -0.0036 -0.6267
vn -0.0000 0.0002 -1.0000
vn -0.0390 -0.0020 -0.9992
vn 0.7672 -0.0000 -0.6414
vn 0.7240 0.1273 -0.6780
vn 0.0463 -0.0000 -0.9989
vn 0.0276 0.3287 -0.9440
vn 0.7792 -0.0036 -0.6267
vn 0.0390 -0.0020 -0.9992
vn -0.7757 -0.0036 -0.6310
vn -0.7717 -0.0028 -0.6360
vn -0.7684 -0.0018 -0.6400
vn -1.0000 -0.0000 -0.0000
vn -0.9443 -0.0000 -0.3290
vn -0.0197 -0.0000 -0.9998
vn -0.0077 -0.0000 -1.0000
vn -0.0021 -0.0000 -1.0000
vn -0.0000 -0.0006 -1.0000
vn -0.0000 -0.0005 -1.0000
vn -0.0000 -0.0003 -1.0000
vn -0.5601 0.1870 -0.8070
vn -0.5675 0.2150 -0.7948
vn -0.6641 0.1843 -0.7246
vn -0.0000 0.5848 -0.8112
vn -0.0000 0.5575 -0.8302
vn -0.0000 0.4815 -0.8764
vn -0.0115 0.3401 -0.9403
vn -0.0044 0.3460 -0.9382
vn -0.0012 0.3484 -0.9373
vn -1.0000 0.0063 -0.0000
vn -0.9352 0.0403 -0.3519
vn -0.4854 -0.0000 -0.8743
vn -0.2363 -0.0000 -0.9717
vn -0.1055 -0.0000 -0.9944
vn -0.4130 0.2174 -0.8844
vn -0.1749 0.2761 -0.9451
vn -0.0687 0.3092 -0.9485
vn -0.0413 -0.0026 -0.9991
vn -0.0437 -0.0020 -0.9990
vn -0.0455 -0.0013 -0.9990
vn -0.0107 0.5597 -0.8286
vn -0.0143 0.5324 -0.8464
vn -0.0212 0.4574 -0.8890
vn -0.7577 0.0590 -0.6500
vn -0.7747 0.0147 -0.6321
vn -0.7801 -0.0004 -0.6257
vn -0.0000 0.1787 -0.9839
vn -0.0000 0.0560 -0.9984
vn -0.0000 0.0104 -0.9999
vn -0.0324 0.1663 -0.9855
vn -0.0352 0.0504 -0.9981
vn -0.0371 0.0075 -0.9993
vn -0.4839 -0.0054 -0.8751
vn -0.2227 -0.0052 -0.9749
vn -0.0931 -0.0037 -0.9956
vn -1.0000 -0.0003 -0.0000
vn -0.9510 -0.0013 -0.3090
vn -0.0164 -0.0008 -0.9999
vn -0.0064 -0.0001 -1.0000
vn -0.0018 0.0001 -1.0000
vn 0.7757 -0.0036 -0.6310
vn 0.7717 -0.0028 -0.6360
vn 0.7684 -0.0018 -0.6400
vn 1.0000 -0.0000 -0.0000
vn 0.9443 -0.0000 -0.3290
vn 0.0197 -0.0000 -0.9998
vn 0.0077 -0.0000 -1.0000
vn 0.0021 -0.0000 -1.0000
vn 0.5601 0.1870 -0.8070
vn 0.5675 0.2150 -0.7948
vn 0.6641 0.1843 -0.7246
vn 0.0115 0.3401 -0.9403
vn 0.0044 0.3460 -0.9382
vn 0.0012 0.3484 -0.9373
vn 1.0000 0.0065 -0.0000
vn 0.9352 0.0403 -0.3519
vn 0.4854 -0.0000 -0.8743
vn 0.2363 -0.0000 -0.9717
vn 0.1055 -0.0000 -0.9944
vn 0.4130 0.2174 -0.8844
vn 0.1749 0.2761 -0.9451
vn 0.0687 0.3092 -0.9485
vn 0.0413 -0.0026 -0.9991
vn 0.0437 -0.0020 -0.9990
vn 0.0455 -0.0013 -0.9990
vn 0.0107 0.5597 -0.8286
vn 0.0143 0.5324 -0.8464
vn 0.0212 0.4574 -0.8890
vn 0.7577 0.0590 -0.6500
vn 0.7747 0.0147 -0.6321
vn 0.7801 -0.0004 -0.6257
vn 0.0324 0.1663 -0.9855
vn 0.0352 0.0504 -0.9981
vn 0.0371 0.0075 -0.9993
vn 0.4839 -0.0054 -0.8751
vn 0.2227 -0.0052 -0.9749
vn 0.0931 -0.0037 -0.9956
vn 1.0000 -0.0003 -0.0000
vn 0.9510 -0.0013 -0.3090
vn 0.0164 -0.0008 -0.9999
vn 0.0064 -0.0001 -1.0000
vn 0.0018 0.0001 -1.0000
vn -1.0000 -0.0042 -0.0000
vn -0.9989 -0.0460 -0.0000
vn -0.9981 -0.0611 -0.0000
vn -0.9154 0.0501 -0.3995
vn -0.8839 0.0346 -0.4664
vn -0.8925 0.0037 -0.4510
vn -0.0088 0.4710 -0.8821
vn -0.0059 0.5465 -0.8374
vn -0.0044 0.5739 -0.8189
vn -0.0034 0.4780 -0.8784
vn -0.0023 0.5538 -0.8327
vn -0.0017 0.5811 -0.8138
vn -0.0009 0.4809 -0.8768
vn -0.0006 0.5568 -0.8307
vn -0.0005 0.5841 -0.8117
vn -0.0156 0.0091 -0.9998
vn -0.0147 0.0535 -0.9985
vn -0.0135 0.1732 -0.9848
vn -0.0060 0.0100 -0.9999
vn -0.0057 0.0552 -0.9985
vn -0.0053 0.1768 -0.9842
vn -0.0017 0.0103 -0.9999
vn -0.0016 0.0559 -0.9984
vn -0.0015 0.1783 -0.9840
vn -1.0000 -0.0001 -0.0000
vn -1.0000 0.0009 -0.0000
vn -1.0000 0.0037 -0.0000
vn -0.9519 -0.0003 -0.3063
vn -0.9508 0.0044 -0.3099
vn -0.9458 0.0186 -0.3241
vn -0.4814 0.0006 -0.8765
vn -0.4728 0.0280 -0.8807
vn -0.4517 0.1045 -0.8860
vn -0.2183 0.0027 -0.9759
vn -0.2116 0.0384 -0.9766
vn -0.1985 0.1360 -0.9706
vn -0.0897 0.0053 -0.9960
vn -0.0859 0.0455 -0.9953
vn -0.0796 0.1547 -0.9847
vn -0.3494 0.3131 -0.8831
vn -0.2583 0.3724 -0.8914
vn -0.2126 0.3843 -0.8984
vn -0.1399 0.3914 -0.9095
vn -0.0967 0.4611 -0.8821
vn -0.0739 0.4854 -0.8712
vn -0.0536 0.4334 -0.8996
vn -0.0364 0.5070 -0.8611
vn -0.0274 0.5339 -0.8451
vn -0.4852 -0.0027 -0.8744
vn -0.4849 -0.0042 -0.8746
vn -0.4846 -0.0054 -0.8747
vn -0.2349 -0.0026 -0.9720
vn -0.2315 -0.0042 -0.9728
vn -0.2270 -0.0053 -0.9739
vn -0.1043 -0.0020 -0.9945
vn -0.1011 -0.0032 -0.9949
vn -0.0970 -0.0041 -0.9953
vn -1.0000 -0.0002 -0.0000
vn -0.9450 -0.0006 -0.3270
vn -0.9469 -0.0010 -0.3216
vn -0.9491 -0.0013 -0.3149
vn -0.0194 -0.0008 -0.9998
vn -0.0185 -0.0012 -0.9998
vn -0.0174 -0.0015 -0.9998
vn -0.0075 -0.0005 -1.0000
vn -0.0072 -0.0007 -1.0000
vn -0.0068 -0.0009 -1.0000
vn -0.0021 -0.0003 -1.0000
vn -0.0020 -0.0005 -1.0000
vn -0.0019 -0.0007 -1.0000
vn 1.0000 -0.0042 -0.0000
vn 0.9154 0.0501 -0.3995
vn 0.9993 -0.0383 -0.0000
vn 0.8839 0.0346 -0.4664
vn 0.9981 -0.0611 -0.0000
vn 0.8925 0.0037 -0.4510
vn 0.0088 0.4710 -0.8821
vn 0.0034 0.4780 -0.8784
vn 0.0009 0.4809 -0.8768
vn 0.0059 0.5466 -0.8374
vn 0.0023 0.5538 -0.8327
vn 0.0006 0.5568 -0.8307
vn 0.0044 0.5739 -0.8189
vn 0.0017 0.5811 -0.8138
vn 0.0005 0.5841 -0.8117
vn 0.0156 0.0091 -0.9998
vn 0.0060 0.0100 -0.9999
vn 0.0017 0.0103 -0.9999
vn 0.0147 0.0535 -0.9985
vn 0.0057 0.0552 -0.9985
vn 0.0016 0.0559 -0.9984
vn 0.0135 0.1732 -0.9848
vn 0.0053 0.1768 -0.9842
vn 0.0015 0.1783 -0.9840
vn 1.0000 -0.0001 -0.0000
vn 0.9519 -0.0003 -0.3063
vn 1.0000 0.0009 -0.0000
vn 0.9508 0.0044 -0.3099
vn 1.0000 0.0037 -0.0000
vn 0.9458 0.0186 -0.3241
vn 0.4814 0.0006 -0.8765
vn 0.2183 0.0027 -0.9759
vn 0.0897 0.0053 -0.9960
vn 0.4728 0.0280 -0.8807
vn 0.2116 0.0384 -0.9766
vn 0.0859 0.0455 -0.9953
vn 0.4517 0.1045 -0.8860
vn 0.1985 0.1360 -0.9706
vn 0.0796 0.1547 -0.9847
vn 0.3494 0.3131 -0.8831
vn 0.1399 0.3914 -0.9095
vn 0.0536 0.4334 -0.8996
vn 0.2583 0.3724 -0.8914
vn 0.0967 0.4611 -0.8821
vn 0.0364 0.5070 -0.8611
vn 0.2126 0.3843 -0.8984
vn 0.0739 0.4854 -0.8712
vn 0.0274 0.5339 -0.8451
vn 0.4852 -0.0027 -0.8744
vn 0.2349 -0.0026 -0.9720
vn 0.1043 -0.0020 -0.9945
vn 0.4849 -0.0042 -0.8746
vn 0.2315 -0.0042 -0.9728
vn 0.1011 -0.0032 -0.9949
vn 0.4846 -0.0054 -0.8747
vn 0.2270 -0.0053 -0.9739
vn 0.0970 -0.0041 -0.9953
vn 0.9450 -0.0006 -0.3270
vn 1.0000 -0.0002 -0.0000
vn 0.9469 -0.0010 -0.3216
vn 0.9491 -0.0013 -0.3149
vn 0.0194 -0.0008 -0.9998
vn 0.0075 -0.0005 -1.0000
vn 0.0021 -0.0003 -1.0000
vn 0.0185 -0.0012 -0.9998
vn 0.0072 -0.0007 -1.0000
vn 0.0020 -0.0005 -1.0000
vn 0.0174 -0.0015 -0.9998
vn 0.0068 -0.0009 -1.0000
vn 0.0019 -0.0007 -1.0000
vn -0.7240 -0.1273 -0.6780
vn -0.0000 -0.3490 -0.9371
vn -0.0276 -0.3287 -0.9440
vn -0.7792 0.0036 -0.6267
vn -0.0000 -0.0002 -1.0000
vn -0.0390 0.0020 -0.9992
vn 0.7240 -0.1273 -0.6780
vn 0.0276 -0.3287 -0.9440
vn 0.7792 0.0036 -0.6267
vn 0.0390 0.0020 -0.9992
vn -0.7757 0.0036 -0.6310
vn -0.7717 0.0028 -0.6360
vn -0.7684 0.0018 -0.6400
vn -0.0000 0.0006 -1.0000
vn -0.0000 0.0005 -1.0000
vn -0.0000 0.0003 -1.0000
vn -0.5601 -0.1870 -0.8070
vn -0.5675 -0.2150 -0.7948
vn -0.6641 -0.1843 -0.7246
vn -0.0000 -0.5848 -0.8112
vn -0.0000 -0.5575 -0.8302
vn -0.0000 -0.4815 -0.8764
vn -0.0115 -0.3401 -0.9403
vn -0.0044 -0.3460 -0.9382
vn -0.0012 -0.3484 -0.9373
vn -1.0000 -0.0063 -0.0000
vn -0.9352 -0.0403 -0.3519
vn -0.4130 -0.2174 -0.8844
vn -0.1749 -0.2761 -0.9451
vn -0.0687 -0.3092 -0.9485
vn -0.0413 0.0026 -0.9991
vn -0.0437 0.0020 -0.9990
vn -0.0455 0.0013 -0.9990
vn -0.0107 -0.5597 -0.8286
vn -0.0143 -0.5324 -0.8464
vn -0.0212 -0.4574 -0.8890
vn -0.7577 -0.0590 -0.6500
vn -0.7747 -0.0147 -0.6321
vn -0.7801 0.0004 -0.6257
vn -0.0000 -0.1787 -0.9839
vn -0.0000 -0.0560 -0.9984
vn -0.0000 -0.0104 -0.9999
vn -0.0324 -0.1663 -0.9855
vn -0.0352 -0.0504 -0.9981
vn -0.0371 -0.0075 -0.9993
vn -0.4839 0.0054 -0.8751
vn -0.2227 0.0052 -0.9749
vn -0.0931 0.0037 -0.9956
vn -1.0000 0.0003 -0.0000
vn -0.9510 0.0013 -0.3090
vn -0.0164 0.0008 -0.9999
vn -0.0064 0.0001 -1.0000
vn -0.0018 -0.0001 -1.0000
vn 0.7757 0.0036 -0.6310
vn 0.7717 0.0028 -0.6360
vn 0.7684 0.0018 -0.6400
vn 0.5601 -0.1870 -0.8070
vn 0.5675 -0.2150 -0.7948
vn 0.6641 -0.1843 -0.7246
vn 0.0115 -0.3401 -0.9403
vn 0.0044 -0.3460 -0.9382
vn 0.0012 -0.3484 -0.9373
vn 1.0000 -0.0063 -0.0000
vn 0.9352 -0.0403 -0.3519
vn 0.4130 -0.2174 -0.8844
vn 0.1749 -0.2761 -0.9451
vn 0.0687 -0.3092 -0.9485
vn 0.0413 0.0026 -0.9991
vn 0.0437 0.0020 -0.9990
vn 0.0455 0.0013 -0.9990
vn 0.0107 -0.5597 -0.8286
vn 0.0143 -0.5324 -0.8464
vn 0.0212 -0.4574 -0.8890
vn 0.7577 -0.0590 -0.6500
vn 0.7747 -0.0147 -0.6321
vn 0.7801 0.0004 -0.6257
vn 0.0324 -0.1663 -0.9855
vn 0.0352 -0.0504 -0.9981
vn 0.0371 -0.0075 -0.9993
vn 0.4839 0.0054 -0.8751
vn 0.2227 0.0052 -0.9749
vn 0.0931 0.0037 -0.9956
vn 1.0000 0.0003 -0.0000
vn 0.9510 0.0013 -0.3090
vn 0.0164 0.0008 -0.9999
vn 0.0064 0.0001 -1.0000
vn 0.0018 -0.0001 -1.0000
vn -1.0000 0.0042 -0.0000
vn -0.9993 0.0383 -0.0000
vn -0.9981 0.0611 -0.0000
vn -0.9154 -0.0501 -0.3995
vn -0.8839 -0.0346 -0.4664
vn -0.8925 -0.0037 -0.4510
vn -0.0088 -0.4710 -0.8821
vn -0.0059 -0.5465 -0.8374
vn -0.0044 -0.5739 -0.8189
vn -0.0034 -0.4780 -0.8784
vn -0.0023 -0.5538 -0.8327
vn -0.0017 -0.5811 -0.8138
vn -0.0009 -0.4809 -0.8768
vn -0.0006 -0.5568 -0.8307
vn -0.0005 -0.5841 -0.8117
vn -0.0156 -0.0091 -0.9998
vn -0.0147 -0.0535 -0.9985
vn -0.0135 -0.1732 -0.9848
vn -0.0060 -0.0100 -0.9999
vn -0.0057 -0.0552 -0.9985
vn -0.0053 -0.1768 -0.9842
vn -0.0017 -0.0103 -0.9999
vn -0.0016 -0.0559 -0.9984
vn -0.0015 -0.1783 -0.9840
vn -1.0000 0.0001 -0.0000
vn -1.0000 -0.0009 -0.0000
vn -1.0000 -0.0037 -0.0000
vn -0.9519 0.0003 -0.3063
vn -0.9508 -0.0044 -0.3099
vn -0.9458 -0.0186 -0.3241
vn -0.4814 -0.0006 -0.8765
vn -0.4728 -0.0280 -0.8807
vn -0.4517 -0.1045 -0.8860
vn -0.2183 -0.0027 -0.9759
vn -0.2116 -0.0384 -0.9766
vn -0.1985 -0.1360 -0.9706
vn -0.0897 -0.0053 -0.9960
vn -0.0859 -0.0455 -0.9953
vn -0.0796 -0.1547 -0.9847
vn -0.3494 -0.3131 -0.8831
vn -0.2583 -0.3724 -0.8914
vn -0.2126 -0.3843 -0.8984
vn -0.1399 -0.3914 -0.9095
vn -0.0967 -0.4611 -0.8821
vn -0.0739 -0.4854 -0.8712
vn -0.0536 -0.4334 -0.8996
vn -0.0364 -0.5070 -0.8611
vn -0.0274 -0.5339 -0.8451
vn -0.4852 0.0027 -0.8744
vn -0.4849 0.0042 -0.8746
vn -0.4846 0.0054 -0.8747
vn -0.2349 0.0026 -0.9720
vn -0.2315 0.0042 -0.9728
vn -0.2270 0.0053 -0.9739
vn -0.1043 0.0020 -0.9945
vn -0.1011 0.0032 -0.9949
vn -0.0970 0.0041 -0.9953
vn -1.0000 0.0002 -0.0000
vn -0.9450 0.0006 -0.3270
vn -0.9469 0.0010 -0.3216
vn -0.9491 0.0013 -0.3149
vn -0.0194 0.0008 -0.9998
vn -0.0185 0.0012 -0.9998
vn -0.0174 0.0015 -0.9998
vn -0.0075 0.0005 -1.0000
vn -0.0072 0.0007 -1.0000
vn -0.0068 0.0009 -1.0000
vn -0.0021 0.0003 -1.0000
vn -0.0020 0.0005 -1.0000
vn -0.0019 0.0007 -1.0000
vn 1.0000 0.0042 -0.0000
vn 0.9154 -0.0501 -0.3995
vn 0.9993 0.0383 -0.0000
vn 0.8839 -0.0346 -0.4664
vn 0.9981 0.0611 -0.0000
vn 0.8925 -0.0037 -0.4510
vn 0.0088 -0.4710 -0.8821
vn 0.0034 -0.4780 -0.8784
vn 0.0009 -0.4809 -0.8768
vn 0.0059 -0.5466 -0.8374
vn 0.0023 -0.5538 -0.8327
vn 0.0006 -0.5568 -0.8307
vn 0.0044 -0.5739 -0.8189
vn 0.0017 -0.5811 -0.8138
vn 0.0005 -0.5841 -0.8117
vn 0.0156 -0.0091 -0.9998
vn 0.0060 -0.0100 -0.9999
vn 0.0017 -0.0103 -0.9999
vn 0.0147 -0.0535 -0.9985
vn 0.0057 -0.0552 -0.9985
vn 0.0016 -0.0559 -0.9984
vn 0.0135 -0.1732 -0.9848
vn 0.0053 -0.1768 -0.9842
vn 0.0015 -0.1783 -0.9840
vn 1.0000 0.0001 -0.0000
vn 0.9519 0.0003 -0.3063
vn 1.0000 -0.0009 -0.0000
vn 0.9508 -0.0044 -0.3099
vn 1.0000 -0.0037 -0.0000
vn 0.9458 -0.0186 -0.3241
vn 0.4814 -0.0006 -0.8765
vn 0.2183 -0.0027 -0.9759
vn 0.0897 -0.0053 -0.9960
vn 0.4728 -0.0280 -0.8807
vn 0.2116 -0.0384 -0.9766
vn 0.0859 -0.0455 -0.9953
vn 0.4517 -0.1045 -0.8860
vn 0.1985 -0.1360 -0.9706
vn 0.0796 -0.1547 -0.9847
vn 0.3494 -0.3131 -0.8831
vn 0.1399 -0.3914 -0.9095
vn 0.0536 -0.4334 -0.8996
vn 0.2583 -0.3724 -0.8914
vn 0.0967 -0.4611 -0.8821
vn 0.0364 -0.5070 -0.8611
vn 0.2126 -0.3843 -0.8984
vn 0.0739 -0.4854 -0.8712
vn 0.0274 -0.5339 -0.8451
vn 0.4852 0.0027 -0.8744
vn 0.2349 0.0026 -0.9720
vn 0.1043 0.0020 -0.9945
vn 0.4849 0.0042 -0.8746
vn 0.2315 0.0042 -0.9728
vn 0.1011 0.0032 -0.9949
vn 0.4846 0.0054 -0.8747
vn 0.2270 0.0053 -0.9739
vn 0.0970 0.0041 -0.9953
vn 0.9450 0.0006 -0.3270
vn 1.0000 0.0002 -0.0000
vn 0.9469 0.0010 -0.3216
vn 0.9491 0.0013 -0.3149
vn 0.0194 0.0008 -0.9998
vn 0.0075 0.0005 -1.0000
vn 0.0021 0.0003 -1.0000
vn 0.0185 0.0012 -0.9998
vn 0.0072 0.0007 -1.0000
vn 0.0020 0.0005 -1.0000
vn 0.0174 0.0015 -0.9998
vn 0.0068 0.0009 -1.0000
vn 0.0019 0.0007 -1.0000
vn 0.9832 0.0067 0.1822
vn -0.9699 -0.0594 0.2361
vn 0.9807 -0.0027 0.1955
vn 0.9743 -0.0336 0.2226
vn 0.9699 -0.0594 0.2361
vn -0.7672 -0.0000 0.6414
vn -0.0000 -0.0000 1.0000
vn -0.7240 0.1273 0.6780
vn -0.0000 0.3490 0.9371
vn -0.0463 -0.0000 0.9989
vn -0.0276 0.3287 0.9440
vn -0.7792 -0.0036 0.6267
vn -0.0000 0.0002 1.0000
vn -0.0390 -0.0020 0.9992
vn 0.7672 -0.0000 0.6414
vn 0.7240 0.1273 0.6780
vn 0.0463 -0.0000 0.9989
vn 0.0276 0.3287 0.9440
vn 0.7792 -0.0036 0.6267
vn 0.0390 -0.0020 0.9992
vn -0.7757 -0.0036 0.6310
vn -0.7717 -0.0028 0.6360
vn -0.7684 -0.0018 0.6400
vn -0.9443 -0.0000 0.3290
vn -0.0197 -0.0000 0.9998
vn -0.0077 -0.0000 1.0000
vn -0.0021 -0.0000 1.0000
vn -0.0000 -0.0006 1.0000
vn -0.0000 -0.0005 1.0000
vn -0.0000 -0.0003 1.0000
vn -0.5601 0.1870 0.8070
vn -0.5675 0.2150 0.7948
vn -0.6641 0.1843 0.7246
vn -0.0000 0.5848 0.8112
vn -0.0000 0.5575 0.8302
vn -0.0000 0.4815 0.8764
vn -0.0115 0.3401 0.9403
vn -0.0044 0.3460 0.9382
vn -0.0012 0.3484 0.9373
vn -0.9352 0.0403 0.3519
vn -0.4854 -0.0000 0.8743
vn -0.2363 -0.0000 0.9717
vn -0.1055 -0.0000 0.9944
vn -0.4130 0.2174 0.8844
vn -0.1749 0.2761 0.9451
vn -0.0687 0.3092 0.9485
vn -0.0413 -0.0026 0.9991
vn -0.0437 -0.0020 0.9990
vn -0.0455 -0.0013 0.9990
vn -0.0107 0.5597 0.8286
vn -0.0143 0.5324 0.8464
vn -0.0212 0.4574 0.8890
vn -0.7577 0.0590 0.6500
vn -0.7747 0.0147 0.6321
vn -0.7801 -0.0004 0.6257
vn -0.0000 0.1787 0.9839
vn -0.0000 0.0560 0.9984
vn -0.0000 0.0104 0.9999
vn -0.0324 0.1663 0.9855
vn -0.0352 0.0504 0.9981
vn -0.0371 0.0075 0.9993
vn -0.4839 -0.0054 0.8751
vn -0.2227 -0.0052 0.9749
vn -0.0931 -0.0037 0.9956
vn -0.9510 -0.0013 0.3090
vn -0.0164 -0.0008 0.9999
vn -0.0064 -0.0001 1.0000
vn -0.0018 0.0001 1.0000
vn 0.7757 -0.0036 0.6310
vn 0.7717 -0.0028 0.6360
vn 0.7684 -0.0018 0.6400
vn 0.9443 -0.0000 0.3290
vn 0.0197 -0.0000 0.9998
vn 0.0077 -0.0000 1.0000
vn 0.0021 -0.0000 1.0000
vn 0.5601 0.1870 0.8070
vn 0.5675 0.2150 0.7948
vn 0.6641 0.1843 0.7246
vn 0.0115 0.3401 0.9403
vn 0.0044 0.3460 0.9382
vn 0.0012 0.3484 0.9373
vn 0.9352 0.0403 0.3519
vn 0.4854 -0.0000 0.8743
vn 0.2363 -0.0000 0.9717
vn 0.1055 -0.0000 0.9944
vn 0.4130 0.2174 0.8844
vn 0.1749 0.2761 0.9451
vn 0.0687 0.3092 0.9485
vn 0.0413 -0.0026 0.9991
vn 0.0437 -0.0020 0.9990
vn 0.0455 -0.0013 0.9990
vn 0.0107 0.5597 0.8286
vn 0.0143 0.5324 0.8464
vn 0.0212 0.4574 0.8890
vn 0.7577 0.0590 0.6500
vn 0.7747 0.0147 0.6321
vn 0.7801 -0.0004 0.6257
vn 0.0324 0.1663 0.9855
vn 0.0352 0.0504 0.9981
vn 0.0371 0.0075 0.9993
vn 0.4839 -0.0054 0.8751
vn 0.2227 -0.0052 0.9749
vn 0.0931 -0.0037 0.9956
vn 0.9510 -0.0013 0.3090
vn 0.0164 -0.0008 0.9999
vn 0.0064 -0.0001 1.0000
vn 0.0018 0.0001 1.0000
vn -0.9154 0.0501 0.3995
vn -0.8839 0.0346 0.4664
vn -0.8925 0.0037 0.4510
vn -0.0088 0.4710 0.8821
vn -0.0059 0.5465 0.8374
vn -0.0044 0.5739 0.8189
vn -0.0034 0.4780 0.8784
vn -0.0023 0.5538 0.8327
vn -0.0017 0.5811 0.8138
vn -0.0009 0.4809 0.8768
vn -0.0006 0.5568 0.8307
vn -0.0005 0.5841 0.8117
vn -0.0156 0.0091 0.9998
vn -0.0147 0.0535 0.9985
vn -0.0135 0.1732 0.9848
vn -0.0060 0.0100 0.9999
vn -0.0057 0.0552 0.9985
vn -0.0053 0.1768 0.9842
vn -0.0017 0.0103 0.9999
vn -0.0016 0.0559 0.9984
vn -0.0015 0.1783 0.9840
vn -0.9519 -0.0003 0.3063
vn -0.9508 0.0044 0.3099
vn -0.9458 0.0186 0.3241
vn -0.4814 0.0006 0.8765
vn -0.4728 0.0280 0.8807
vn -0.4517 0.1045 0.8860
vn -0.2183 0.0027 0.9759
vn -0.2116 0.0384 0.9766
vn -0.1985 0.1360 0.9706
vn -0.0897 0.0053 0.9960
vn -0.0859 0.0455 0.9953
vn -0.0796 0.1547 0.9847
vn -0.3494 0.3131 0.8831
vn -0.2583 0.3724 0.8914
vn -0.2126 0.3843 0.8984
vn -0.1399 0.3914 0.9095
vn -0.0967 0.4611 0.8821
vn -0.0739 0.4854 0.8712
vn -0.0536 0.4334 0.8996
vn -0.0364 0.5070 0.8611
vn -0.0274 0.5339 0.8451
vn -0.4852 -0.0027 0.8744
vn -0.4849 -0.0042 0.8746
vn -0.4846 -0.0054 0.8747
vn -0.2349 -0.0026 0.9720
vn -0.2315 -0.0042 0.9728
vn -0.2270 -0.0053 0.9739
vn -0.1043 -0.0020 0.9945
vn -0.1011 -0.0032 0.9949
vn -0.0970 -0.0041 0.9953
vn -0.9450 -0.0006 0.3270
vn -0.9469 -0.0010 0.3216
vn -0.9491 -0.0013 0.3149
vn -0.0194 -0.0008 0.9998
vn -0.0185 -0.0012 0.9998
vn -0.0174 -0.0015 0.9998
vn -0.0075 -0.0005 1.0000
vn -0.0072 -0.0007 1.0000
vn -0.0068 -0.0009 1.0000
vn -0.0021 -0.0003 1.0000
vn -0.0020 -0.0005 1.0000
vn -0.0019 -0.0007 1.0000
vn 0.9154 0.0501 0.3995
vn 0.8839 0.0346 0.4664
vn 0.8925 0.0037 0.4510
vn 0.0088 0.4710 0.8821
vn 0.0034 0.4780 0.8784
vn 0.0009 0.4809 0.8768
vn 0.0059 0.5466 0.8374
vn 0.0023 0.5538 0.8327
vn 0.0006 0.5568 0.8307
vn 0.0044 0.5739 0.8189
vn 0.0017 0.5811 0.8138
vn 0.0005 0.5841 0.8117
vn 0.0156 0.0091 0.9998
vn 0.0060 0.0100 0.9999
vn 0.0017 0.0103 0.9999
vn 0.0147 0.0535 0.9985
vn 0.0057 0.0552 0.9985
vn 0.0016 0.0559 0.9984
vn 0.0135 0.1732 0.9848
vn 0.0053 0.1768 0.9842
vn 0.0015 0.1783 0.9840
vn 0.9519 -0.0003 0.3063
vn 0.9508 0.0044 0.3099
vn 0.9458 0.0186 0.3241
vn 0.4814 0.0006 0.8765
vn 0.2183 0.0027 0.9759
vn 0.0897 0.0053 0.9960
vn 0.4728 0.0280 0.8807
vn 0.2116 0.0384 0.9766
vn 0.0859 0.0455 0.9953
vn 0.4517 0.1045 0.8860
vn 0.1985 0.1360 0.9706
vn 0.0796 0.1547 0.9847
vn 0.3494 0.3131 0.8831
vn 0.1399 0.3914 0.9095
vn 0.0536 0.4334 0.8996
vn 0.2583 0.3724 0.8914
vn 0.0967 0.4611 0.8821
vn 0.0364 0.5070 0.8611
vn 0.2126 0.3843 0.8984
vn 0.0739 0.4854 0.8712
vn 0.0274 0.5339 0.8451
vn 0.4852 -0.0027 0.8744
vn 0.2349 -0.0026 0.9720
vn 0.1043 -0.0020 0.9945
vn 0.4849 -0.0042 0.8746
vn 0.2315 -0.0042 0.9728
vn 0.1011 -0.0032 0.9949
vn 0.4846 -0.0054 0.8747
vn 0.2270 -0.0053 0.9739
vn 0.0970 -0.0041 0.9953
vn 0.9450 -0.0006 0.3270
vn 0.9469 -0.0010 0.3216
vn 0.9491 -0.0013 0.3149
vn 0.0194 -0.0008 0.9998
vn 0.0075 -0.0005 1.0000
vn 0.0021 -0.0003 1.0000
vn 0.0185 -0.0012 0.9998
vn 0.0072 -0.0007 1.0000
vn 0.0020 -0.0005 1.0000
vn 0.0174 -0.0015 0.9998
vn 0.0068 -0.0009 1.0000
vn 0.0019 -0.0007 1.0000
vn -0.7240 -0.1273 0.6780
vn -0.0000 -0.3490 0.9371
vn -0.0276 -0.3287 0.9440
vn -0.7792 0.0036 0.6267
vn -0.0000 -0.0002 1.0000
vn -0.0390 0.0020 0.9992
vn 0.7240 -0.1273 0.6780
vn 0.0276 -0.3287 0.9440
vn 0.7792 0.0036 0.6267
vn 0.0390 0.0020 0.9992
vn -0.7757 0.0036 0.6310
vn -0.7717 0.0028 0.6360
vn -0.7684 0.0018 0.6400
vn -0.0000 0.0006 1.0000
vn -0.0000 0.0005 1.0000
vn -0.0000 0.0003 1.0000
vn -0.5601 -0.1870 0.8070
vn -0.5675 -0.2150 0.7948
vn -0.6641 -0.1843 0.7246
vn -0.0000 -0.5848 0.8112
vn -0.0000 -0.5575 0.8302
vn -0.0000 -0.4815 0.8764
vn -0.0115 -0.3401 0.9403
vn -0.0044 -0.3460 0.9382
vn -0.0012 -0.3484 0.9373
vn -0.9352 -0.0403 0.3519
vn -0.4130 -0.2174 0.8844
vn -0.1749 -0.2761 0.9451
vn -0.0687 -0.3092 0.9485
vn -0.0413 0.0026 0.9991
vn -0.0437 0.0020 0.9990
vn -0.0455 0.0013 0.9990
vn -0.0107 -0.5597 0.8286
vn -0.0143 -0.5324 0.8464
vn -0.0212 -0.4574 0.8890
vn -0.7577 -0.0590 0.6500
vn -0.7747 -0.0147 0.6321
vn -0.7801 0.0004 0.6257
vn -0.0000 -0.1787 0.9839
vn -0.0000 -0.0560 0.9984
vn -0.0000 -0.0104 0.9999
vn -0.0324 -0.1663 0.9855
vn -0.0352 -0.0504 0.9981
vn -0.0371 -0.0075 0.9993
vn -0.4839 0.0054 0.8751
vn -0.2227 0.0052 0.9749
vn -0.0931 0.0037 0.9956
vn -0.9510 0.0013 0.3090
vn -0.0164 0.0008 0.9999
vn -0.0064 0.0001 1.0000
vn -0.0018 -0.0001 1.0000
vn 0.7757 0.0036 0.6310
vn 0.7717 0.0028 0.6360
vn 0.7684 0.0018 0.6400
vn 0.5601 -0.1870 0.8070
vn 0.5675 -0.2150 0.7948
vn 0.6641 -0.1843 0.7246
vn 0.0115 -0.3401 0.9403
vn 0.0044 -0.3460 0.9382
vn 0.0012 -0.3484 0.9373
vn 0.9352 -0.0403 0.3519
vn 0.4130 -0.2174 0.8844
vn 0.1749 -0.2761 0.9451
vn 0.0687 -0.3092 0.9485
vn 0.0413 0.0026 0.9991
vn 0.0437 0.0020 0.9990
vn 0.0455 0.0013 0.9990
vn 0.0107 -0.5597 0.8286
vn 0.0143 -0.5324 0.8464
vn 0.0212 -0.4574 0.8890
vn 0.7577 -0.0590 0.6500
vn 0.7747 -0.0147 0.6321
vn 0.7801 0.0004 0.6257
vn 0.0324 -0.1663 0.9855
vn 0.0352 -0.0504 0.9981
vn 0.0371 -0.0075 0.9993
vn 0.4839 0.0054 0.8751
vn 0.2227 0.0052 0.9749
vn 0.0931 0.0037 0.9956
vn 0.9510 0.0013 0.3090
vn 0.0164 0.0008 0.9999
vn 0.0064 0.0001 1.0000
vn 0.0018 -0.0001 1.0000
vn -0.9154 -0.0501 0.3995
vn -0.8839 -0.0346 0.4664
vn -0.8925 -0.0037 0.4510
vn -0.0088 -0.4710 0.8821
vn -0.0059 -0.5465 0.8374
vn -0.0044 -0.5739 0.8189
vn -0.0034 -0.4780 0.8784
vn -0.0023 -0.5538 0.8327
vn -0.0017 -0.5811 0.8138
vn -0.0009 -0.4809 0.8768
vn -0.0006 -0.5568 0.8307
vn -0.0005 -0.5841 0.8117
vn -0.0156 -0.0091 0.9998
vn -0.0147 -0.0535 0.9985
vn -0.0135 -0.1732 0.9848
vn -0.0060 -0.0100 0.9999
vn -0.0057 -0.0552 0.9985
vn -0.0053 -0.1768 0.9842
vn -0.0017 -0.0103 0.9999
vn -0.0016 -0.0559 0.9984
vn -0.0015 -0.1783 0.9840
vn -0.9519 0.0003 0.3063
vn -0.9508 -0.0044 0.3099
vn -0.9458 -0.0186 0.3241
vn -0.4814 -0.0006 0.8765
vn -0.4728 -0.0280 0.8807
vn -0.4517 -0.1045 0.8860
vn -0.2183 -0.0027 0.9759
vn -0.2116 -0.0384 0.9766
vn -0.1985 -0.1360 0.9706
vn -0.0897 -0.0053 0.9960
vn -0.0859 -0.0455 0.9953
vn -0.0796 -0.1547 0.9847
vn -0.3494 -0.3131 0.8831
vn -0.2583 -0.3724 0.8914
vn -0.2126 -0.3843 0.8984
vn -0.1399 -0.3914 0.9095
vn -0.0967 -0.4611 0.8821
vn -0.0739 -0.4854 0.8712
vn -0.0536 -0.4334 0.8996
vn -0.0364 -0.5070 0.8611
vn -0.0274 -0.5339 0.8451
vn -0.4852 0.0027 0.8744
vn -0.4849 0.0042 0.8746
vn -0.4846 0.0054 0.8747
vn -0.2349 0.0026 0.9720
vn -0.2315 0.0042 0.9728
vn -0.2270 0.0053 0.9739
vn -0.1043 0.0020 0.9945
vn -0.1011 0.0032 0.9949
vn -0.0970 0.0041 0.9953
vn -0.9450 0.0006 0.3270
vn -0.9469 0.0010 0.3216
vn -0.9491 0.0013 0.3149
vn -0.0194 0.0008 0.9998
vn -0.0185 0.0012 0.9998
vn -0.0174 0.0015 0.9998
vn -0.0075 0.0005 1.0000
vn -0.0072 0.0007 1.0000
vn -0.0068 0.0009 1.0000
vn -0.0021 0.0003 1.0000
vn -0.0020 0.0005 1.0000
vn -0.0019 0.0007 1.0000
vn 0.9154 -0.0501 0.3995
vn 0.8839 -0.0346 0.4664
vn 0.8925 -0.0037 0.4510
vn 0.0088 -0.4710 0.8821
vn 0.0034 -0.4780 0.8784
vn 0.0009 -0.4809 0.8768
vn 0.0059 -0.5466 0.8374
vn 0.0023 -0.5538 0.8327
vn 0.0006 -0.5568 0.8307
vn 0.0044 -0.5739 0.8189
vn 0.0017 -0.5811 0.8138
vn 0.0005 -0.5841 0.8117
vn 0.0156 -0.0091 0.9998
vn 0.0060 -0.0100 0.9999
vn 0.0017 -0.0103 0.9999
vn 0.0147 -0.0535 0.9985
vn 0.0057 -0.0552 0.9985
vn 0.0016 -0.0559 0.9984
vn 0.0135 -0.1732 0.9848
vn 0.0053 -0.1768 0.9842
vn 0.0015 -0.1783 0.9840
vn 0.9519 0.0003 0.3063
vn 0.9508 -0.0044 0.3099
vn 0.9458 -0.0186 0.3241
vn 0.4814 -0.0006 0.8765
vn 0.2183 -0.0027 0.9759
vn 0.0897 -0.0053 0.9960
vn 0.4728 -0.0280 0.8807
vn 0.2116 -0.0384 0.9766
vn 0.0859 -0.0455 0.9953
vn 0.4517 -0.1045 0.8860
vn 0.1985 -0.1360 0.9706
vn 0.0796 -0.1547 0.9847
vn 0.3494 -0.3131 0.8831
vn 0.1399 -0.3914 0.9095
vn 0.0536 -0.4334 0.8996
vn 0.2583 -0.3724 0.8914
vn 0.0967 -0.4611 0.8821
vn 0.0364 -0.5070 0.8611
vn 0.2126 -0.3843 0.8984
vn 0.0739 -0.4854 0.8712
vn 0.0274 -0.5339 0.8451
vn 0.4852 0.0027 0.8744
vn 0.2349 0.0026 0.9720
vn 0.1043 0.0020 0.9945
vn 0.4849 0.0042 0.8746
vn 0.2315 0.0042 0.9728
vn 0.1011 0.0032 0.9949
vn 0.4846 0.0054 0.8747
vn 0.2270 0.0053 0.9739
vn 0.0970 0.0041 0.9953
vn 0.9450 0.0006 0.3270
vn 0.9469 0.0010 0.3216
vn 0.9491 0.0013 0.3149
vn 0.0194 0.0008 0.9998
vn 0.0075 0.0005 1.0000
vn 0.0021 0.0003 1.0000
vn 0.0185 0.0012 0.9998
vn 0.0072 0.0007 1.0000
vn 0.0020 0.0005 1.0000
vn 0.0174 0.0015 0.9998
vn 0.0068 0.0009 1.0000
vn 0.0019 0.0007 1.0000
vn 0.9832 0.0067 -0.1822
vn -0.9699 -0.0594 -0.2361
vn 0.9807 -0.0027 -0.1955
vn 0.9743 -0.0336 -0.2226
vn 0.9699 -0.0594 -0.2361
vt 0.500000 1.493373
vt 0.500000 1.516975
vt 0.516737 1.516975
vt 0.522076 1.493373
vt 0.500000 1.540640
vt 0.510776 1.540640
vt -0.636831 1.516975
vt -0.640274 1.540640
vt -0.629068 1.540640
vt -0.623810 1.516975
vt 0.531289 1.516975
vt 0.541421 1.493373
vt 0.526233 1.469863
vt 0.549275 1.469863
vt 0.500000 1.469863
vt -0.192560 1.493373
vt -0.192560 1.516975
vt 0.014398 1.516975
vt 0.014398 1.493373
vt -0.192560 0.558268
vt -0.192560 0.534581
vt 0.014398 0.535021
vt 0.014398 0.559121
vt 0.247989 1.516975
vt 0.247989 1.493373
vt 0.247989 0.535183
vt 0.247989 0.559435
vt -0.359567 1.469863
vt -0.359567 1.493373
vt -0.192560 1.469863
vt -0.359567 1.516975
vt -0.359567 1.540640
vt -0.192560 1.540640
vt 0.494897 0.535206
vt 0.494897 0.559480
vt 0.494897 1.516975
vt 0.494897 1.493373
vt 0.247989 1.469863
vt 0.494897 1.469863
vt 0.014398 1.469863
vt -0.192560 1.339435
vt -0.192560 1.405242
vt 0.014398 1.405242
vt 0.014398 1.339435
vt -0.192560 1.444227
vt 0.014398 1.444227
vt 0.247989 1.405242
vt 0.247989 1.339435
vt 0.247989 1.444227
vt -0.359567 1.233331
vt -0.359567 1.339435
vt -0.192560 1.233331
vt -0.359567 1.405242
vt -0.359567 1.444227
vt 0.494897 1.444227
vt 0.494897 1.405242
vt 0.494897 1.339435
vt 0.247989 1.233331
vt 0.494897 1.233331
vt 0.014398 1.233331
vt 0.500000 1.339435
vt 0.500000 1.405242
vt 0.529964 1.405242
vt 0.530107 1.339435
vt 0.500000 1.444227
vt 0.528794 1.444227
vt 0.554117 1.444227
vt 0.556359 1.405242
vt 0.556698 1.339435
vt 0.529587 1.233331
vt 0.555831 1.233331
vt 0.500000 1.233331
vt -0.597426 1.339435
vt -0.597427 1.405242
vt -0.552969 1.405242
vt -0.552969 1.339435
vt -0.597426 1.444227
vt -0.552969 1.444227
vt -0.477370 1.405242
vt -0.477370 1.339435
vt -0.477370 1.444227
vt -0.621807 1.233331
vt -0.621806 1.339435
vt -0.597426 1.233331
vt -0.621807 1.405242
vt -0.621806 1.444227
vt -0.621807 1.469863
vt -0.597426 1.469863
vt -0.552969 1.469863
vt -0.477370 1.469863
vt -0.477370 1.233331
vt -0.552969 1.233331
vt -0.597606 1.493373
vt -0.598866 1.516975
vt -0.553469 1.516975
vt -0.553031 1.493373
vt -0.602176 1.540640
vt -0.554534 1.540640
vt -0.477432 1.516975
vt -0.477378 1.493373
vt -0.477566 1.540640
vt -0.622057 1.493373
vt -0.597426 0.659634
vt -0.597426 0.882232
vt -0.552969 0.882232
vt -0.552969 0.659634
vt -0.597426 1.077945
vt -0.552969 1.077945
vt -0.477370 0.882232
vt -0.477370 0.659634
vt -0.477370 1.077945
vt -0.621807 0.490808
vt -0.621807 0.659634
vt -0.597426 0.490808
vt -0.621807 0.882232
vt -0.621806 1.077945
vt -0.359567 1.077945
vt -0.359567 0.882232
vt -0.359567 0.659634
vt -0.477370 0.490808
vt -0.359567 0.490808
vt -0.552969 0.490808
vt 0.500000 0.659634
vt 0.500000 0.882232
vt 0.527846 0.882232
vt 0.527129 0.659634
vt 0.500000 1.077945
vt 0.528746 1.077945
vt 0.554407 1.077945
vt 0.552883 0.882232
vt 0.551668 0.659634
vt 0.526836 0.490808
vt 0.551172 0.490808
vt 0.500000 0.490808
vt -0.192560 0.659634
vt -0.192560 0.882232
vt 0.014398 0.882232
vt 0.014398 0.659634
vt -0.192560 1.077945
vt 0.014398 1.077945
vt 0.247989 0.882232
vt 0.247989 0.659634
vt 0.247989 1.077945
vt -0.192560 0.490808
vt 0.494897 1.077945
vt 0.494897 0.882232
vt 0.494897 0.659634
vt 0.247989 0.490808
vt 0.494897 0.490808
vt 0.014398 0.490808
vt 0.500000 1.493373
vt 0.522076 1.493373
vt 0.531289 1.516976
vt 1.626625 1.516975
vt 1.613604 1.516976
vt 1.618863 1.540640
vt 1.630068 1.540640
vt 1.182354 1.493373
vt 0.975397 1.493373
vt 0.975397 1.516975
vt 1.182354 1.516975
vt 0.741805 1.493373
vt 0.741805 1.516975
vt 1.182354 0.558268
vt 0.975397 0.559121
vt 0.975397 0.535021
vt 1.182354 0.534581
vt 0.741805 0.559435
vt 0.741805 0.535183
vt 1.349361 1.469863
vt 1.182354 1.469863
vt 1.349361 1.493373
vt 0.975397 1.469863
vt 0.741805 1.469863
vt 1.349361 1.516976
vt 1.182354 1.540640
vt 1.349361 1.540640
vt 1.182354 1.339435
vt 0.975397 1.339435
vt 0.975397 1.405242
vt 1.182354 1.405242
vt 0.741805 1.339435
vt 0.741805 1.405242
vt 0.975397 1.444227
vt 1.182354 1.444227
vt 0.741805 1.444227
vt 1.349361 1.233331
vt 1.182354 1.233331
vt 1.349361 1.339435
vt 0.975397 1.233331
vt 0.741805 1.233331
vt 1.349361 1.444227
vt 1.349361 1.405242
vt 0.500000 1.405242
vt 0.556698 1.339435
vt 0.556359 1.405242
vt 0.554117 1.444227
vt 1.587221 1.339435
vt 1.542763 1.339435
vt 1.542763 1.405242
vt 1.587221 1.405242
vt 1.467164 1.339435
vt 1.467164 1.405242
vt 1.542763 1.444227
vt 1.587221 1.444227
vt 1.467164 1.444227
vt 1.611601 1.233331
vt 1.587221 1.233331
vt 1.611601 1.339435
vt 1.542763 1.233331
vt 1.467164 1.233331
vt 1.467164 1.469863
vt 1.542763 1.469863
vt 1.587221 1.469863
vt 1.611601 1.444227
vt 1.611601 1.469863
vt 1.611601 1.405242
vt 1.587401 1.493373
vt 1.542825 1.493373
vt 1.543264 1.516976
vt 1.588660 1.516975
vt 1.467172 1.493373
vt 1.467227 1.516976
vt 1.544328 1.540640
vt 1.591971 1.540640
vt 1.467360 1.540640
vt 1.611851 1.493373
vt 1.587221 0.659634
vt 1.542763 0.659634
vt 1.542763 0.882232
vt 1.587221 0.882232
vt 1.467164 0.659634
vt 1.467164 0.882232
vt 1.542763 1.077945
vt 1.587221 1.077945
vt 1.467164 1.077945
vt 1.611601 0.490808
vt 1.587221 0.490808
vt 1.611601 0.659634
vt 1.542763 0.490808
vt 1.467164 0.490808
vt 1.349361 0.490808
vt 1.349361 0.659634
vt 1.349361 0.882232
vt 1.349361 1.077945
vt 1.611601 1.077945
vt 1.611601 0.882232
vt 1.182354 0.659634
vt 0.975397 0.659634
vt 0.975397 0.882232
vt 1.182354 0.882232
vt 0.741805 0.659634
vt 0.741805 0.882232
vt 0.975397 1.077945
vt 1.182354 1.077945
vt 0.741805 1.077945
vt 1.182354 0.490808
vt 0.975397 0.490808
vt 0.741805 0.490808
vt 0.500000 -0.511757
vt 0.522076 -0.511757
vt 0.516737 -0.535359
vt 0.500000 -0.535359
vt 0.510776 -0.559024
vt 0.500000 -0.559024
vt -0.636831 -0.535359
vt -0.623810 -0.535359
vt -0.629068 -0.559024
vt -0.640274 -0.559024
vt 0.541421 -0.511757
vt 0.531289 -0.535359
vt 0.526233 -0.488247
vt 0.549275 -0.488247
vt 0.500000 -0.488247
vt -0.192560 -0.511757
vt 0.014398 -0.511757
vt 0.014398 -0.535359
vt -0.192560 -0.535359
vt 0.247989 -0.511757
vt 0.247989 -0.535359
vt -0.359567 -0.488247
vt -0.192560 -0.488247
vt -0.359567 -0.511757
vt -0.359567 -0.535359
vt -0.192560 -0.559024
vt -0.359567 -0.559024
vt 0.494897 -0.511757
vt 0.494897 -0.535359
vt 0.247989 -0.488247
vt 0.494897 -0.488247
vt 0.014398 -0.488247
vt -0.192560 -0.357819
vt 0.014398 -0.357819
vt 0.014398 -0.423626
vt -0.192560 -0.423626
vt 0.014398 -0.462611
vt -0.192560 -0.462611
vt 0.247989 -0.357819
vt 0.247989 -0.423626
vt 0.247989 -0.462611
vt -0.359567 -0.251715
vt -0.192560 -0.251715
vt -0.359567 -0.357819
vt -0.359567 -0.423626
vt -0.359567 -0.462611
vt 0.494897 -0.462611
vt 0.494897 -0.423626
vt 0.494897 -0.357819
vt 0.247989 -0.251715
vt 0.494897 -0.251715
vt 0.014398 -0.251715
vt 0.500000 -0.357819
vt 0.530107 -0.357819
vt 0.529964 -0.423626
vt 0.500000 -0.423626
vt 0.528794 -0.462611
vt 0.500000 -0.462611
vt 0.554117 -0.462611
vt 0.556359 -0.423626
vt 0.556698 -0.357819
vt 0.529587 -0.251715
vt 0.555831 -0.251715
vt 0.500000 -0.251715
vt -0.597426 -0.357819
vt -0.552969 -0.357819
vt -0.552969 -0.423626
vt -0.597427 -0.423626
vt -0.552969 -0.462611
vt -0.597426 -0.462611
vt -0.477370 -0.357819
vt -0.477370 -0.423626
vt -0.477370 -0.462611
vt -0.621807 -0.251715
vt -0.597426 -0.251715
vt -0.621806 -0.357819
vt -0.621807 -0.423626
vt -0.621806 -0.462611
vt -0.597426 -0.488247
vt -0.621807 -0.488247
vt -0.552969 -0.488247
vt -0.477370 -0.488247
vt -0.477370 -0.251715
vt -0.552969 -0.251715
vt -0.597606 -0.511757
vt -0.553031 -0.511757
vt -0.553469 -0.535359
vt -0.598866 -0.535359
vt -0.554534 -0.559024
vt -0.602176 -0.559024
vt -0.477378 -0.511757
vt -0.477432 -0.535359
vt -0.477566 -0.559024
vt -0.622057 -0.511757
vt -0.597426 0.321982
vt -0.552969 0.321982
vt -0.552969 0.099384
vt -0.597426 0.099384
vt -0.552969 -0.096329
vt -0.597426 -0.096329
vt -0.477370 0.321982
vt -0.477370 0.099384
vt -0.477370 -0.096329
vt -0.621807 0.321982
vt -0.621807 0.099384
vt -0.621806 -0.096329
vt -0.359567 -0.096329
vt -0.359567 0.099384
vt -0.359567 0.321982
vt 0.500000 0.321982
vt 0.527129 0.321982
vt 0.527846 0.099384
vt 0.500000 0.099384
vt 0.528746 -0.096329
vt 0.500000 -0.096329
vt 0.554407 -0.096329
vt 0.552883 0.099384
vt 0.551668 0.321982
vt -0.192560 0.321982
vt 0.014398 0.321982
vt 0.014398 0.099384
vt -0.192560 0.099384
vt 0.014398 -0.096329
vt -0.192560 -0.096329
vt 0.247989 0.321982
vt 0.247989 0.099384
vt 0.247989 -0.096329
vt 0.494897 -0.096329
vt 0.494897 0.099384
vt 0.494897 0.321982
vt 0.522076 -0.511757
vt 0.526233 -0.488247
vt 0.541421 -0.511757
vt 0.531289 -0.535359
vt 1.626625 -0.535359
vt 1.630068 -0.559024
vt 1.618863 -0.559024
vt 1.613604 -0.535359
vt 1.182354 -0.511757
vt 1.182354 -0.535359
vt 0.975397 -0.535359
vt 0.975397 -0.511757
vt 0.741805 -0.535359
vt 0.741805 -0.511757
vt 1.349361 -0.488247
vt 1.349361 -0.511757
vt 1.182354 -0.488247
vt 0.975397 -0.488247
vt 0.741805 -0.488247
vt 1.349361 -0.535359
vt 1.349361 -0.559024
vt 1.182354 -0.559024
vt 1.182354 -0.357819
vt 1.182354 -0.423626
vt 0.975397 -0.423626
vt 0.975397 -0.357819
vt 0.741805 -0.423626
vt 0.741805 -0.357819
vt 1.182354 -0.462611
vt 0.975397 -0.462611
vt 0.741805 -0.462611
vt 1.349361 -0.251715
vt 1.349361 -0.357819
vt 1.182354 -0.251715
vt 0.975397 -0.251715
vt 0.741805 -0.251715
vt 1.349361 -0.462611
vt 1.349361 -0.423626
vt 0.500000 -0.423626
vt 0.556698 -0.357819
vt 0.556359 -0.423626
vt 0.554117 -0.462611
vt 1.587221 -0.357819
vt 1.587221 -0.423626
vt 1.542763 -0.423626
vt 1.542763 -0.357819
vt 1.467164 -0.423626
vt 1.467164 -0.357819
vt 1.587221 -0.462611
vt 1.542763 -0.462611
vt 1.467164 -0.462611
vt 1.611601 -0.251715
vt 1.611601 -0.357819
vt 1.587221 -0.251715
vt 1.542763 -0.251715
vt 1.467164 -0.251715
vt 1.467164 -0.488247
vt 1.542763 -0.488247
vt 1.587221 -0.488247
vt 1.611601 -0.462611
vt 1.611601 -0.488247
vt 1.611601 -0.423626
vt 1.587401 -0.511757
vt 1.588660 -0.535359
vt 1.543264 -0.535359
vt 1.542825 -0.511757
vt 1.467227 -0.535359
vt 1.467172 -0.511757
vt 1.591971 -0.559024
vt 1.544328 -0.559024
vt 1.467360 -0.559024
vt 1.611851 -0.511757
vt 1.587221 0.321982
vt 1.587221 0.099384
vt 1.542763 0.099384
vt 1.542763 0.321982
vt 1.467164 0.099384
vt 1.467164 0.321982
vt 1.587221 -0.096329
vt 1.542763 -0.096329
vt 1.467164 -0.096329
vt 1.611601 0.321982
vt 1.349361 0.321982
vt 1.349361 0.099384
vt 1.349361 -0.096329
vt 1.611601 -0.096329
vt 1.611601 0.099384
vt 0.500000 0.321982
vt 0.500000 0.099384
vt 0.527129 0.321982
vt 0.500000 -0.096329
vt 1.182354 0.321982
vt 1.182354 0.099384
vt 0.975397 0.099384
vt 0.975397 0.321982
vt 0.741805 0.099384
vt 0.741805 0.321982
vt 1.182354 -0.096329
vt 0.975397 -0.096329
vt 0.741805 -0.096329
vt 0.483263 1.516975
vt 0.489224 1.540640
vt 0.477924 1.493373
vt 0.473767 1.469863
vt 0.477924 1.493373
vt 0.458579 1.493373
vt 0.468711 1.516975
vt 0.450725 1.469863
vt -0.192560 0.441732
vt 0.014398 0.440879
vt 0.014398 0.464979
vt -0.192560 0.465419
vt 0.247989 0.440565
vt 0.247989 0.464817
vt 0.494897 0.440520
vt 0.494897 0.464794
vt 0.469893 1.339435
vt 0.470036 1.405242
vt 0.471206 1.444227
vt 0.445883 1.444227
vt 0.443641 1.405242
vt 0.443302 1.339435
vt 0.470413 1.233331
vt 0.444169 1.233331
vt 0.472871 0.659634
vt 0.472154 0.882232
vt 0.471254 1.077945
vt 0.445593 1.077945
vt 0.447117 0.882232
vt 0.448332 0.659634
vt 0.473164 0.490808
vt 0.448828 0.490808
vt 0.468711 1.516976
vt 1.182354 0.441732
vt 1.182354 0.465419
vt 0.975397 0.464979
vt 0.975397 0.440879
vt 0.741805 0.464817
vt 0.741805 0.440565
vt 0.443302 1.339435
vt 0.443641 1.405242
vt 0.445883 1.444227
vt 0.447117 0.882232
vt 0.483263 -0.535359
vt 0.477924 -0.511757
vt 0.489224 -0.559024
vt 0.468711 -0.535359
vt 0.458579 -0.511757
vt 0.473767 -0.488247
vt 0.450725 -0.488247
vt 0.470036 -0.423626
vt 0.469893 -0.357819
vt 0.471206 -0.462611
vt 0.445883 -0.462611
vt 0.443641 -0.423626
vt 0.443302 -0.357819
vt 0.470413 -0.251715
vt 0.444169 -0.251715
vt 0.472154 0.099384
vt 0.472871 0.321982
vt 0.471254 -0.096329
vt 0.445593 -0.096329
vt 0.447117 0.099384
vt 0.448332 0.321982
vt 0.477924 -0.511757
vt 0.473767 -0.488247
vt 0.458579 -0.511757
vt 0.468711 -0.535359
vt 0.443302 -0.357819
vt 0.443641 -0.423626
vt 0.445883 -0.462611
vt 0.472871 0.321982
vt 0.447117 0.099384
s 1
usemtl Metal_rough
f 2054/1706/993 2055/1707/994 2058/1708/997 2057/1709/996
f 2055/1707/994 2056/1710/995 2059/1711/998 2058/1708/997
f 2058/1712/997 2059/1713/998 1972/1714/911 1973/1715/912
f 2057/1709/996 2058/1708/997 1973/1716/912 1974/1717/913
f 1982/1718/921 2057/1709/996 1974/1717/913 1948/1719/887
f 1981/1720/920 2054/1706/993 2057/1709/996 1982/1718/921
f 2060/1721/999 2061/1722/1000 2064/1723/1003 2063/1724/1002
f 2061/1725/1000 2062/1726/1001 2065/1727/1004 2064/1728/1003
f 2063/1724/1002 2064/1723/1003 2067/1729/1006 2066/1730/1005
f 2064/1728/1003 2065/1727/1004 2068/1731/1007 2067/1732/1006
f 1951/1733/890 1994/1734/933 2060/1721/999 1978/1735/917
f 1994/1734/933 1993/1736/932 2061/1722/1000 2060/1721/999
f 1993/1736/932 1992/1737/931 2062/1738/1001 2061/1722/1000
f 2067/1732/1006 2068/1731/1007 1975/1739/914 1976/1740/915
f 2066/1730/1005 2067/1729/1006 1976/1741/915 1977/1742/916
f 1980/1743/919 2066/1730/1005 1977/1742/916 1949/1744/888
f 1979/1745/918 2063/1724/1002 2066/1730/1005 1980/1743/919
f 1978/1735/917 2060/1721/999 2063/1724/1002 1979/1745/918
f 2069/1746/1008 2070/1747/1009 2073/1748/1012 2072/1749/1011
f 2070/1747/1009 2071/1750/1010 2074/1751/1013 2073/1748/1012
f 2072/1749/1011 2073/1748/1012 2076/1752/1015 2075/1753/1014
f 2073/1748/1012 2074/1751/1013 2077/1754/1016 2076/1752/1015
f 1954/1755/893 2003/1756/942 2069/1746/1008 2009/1757/948
f 2003/1756/942 2002/1758/941 2070/1747/1009 2069/1746/1008
f 2002/1758/941 2001/1759/940 2071/1750/1010 2070/1747/1009
f 2001/1759/940 1951/1733/890 1978/1735/917 2071/1750/1010
f 2071/1750/1010 1978/1735/917 1979/1745/918 2074/1751/1013
f 2074/1751/1013 1979/1745/918 1980/1743/919 2077/1754/1016
f 2077/1754/1016 1980/1743/919 1949/1744/888 1998/1760/937
f 2076/1752/1015 2077/1754/1016 1998/1760/937 1999/1761/938
f 2075/1753/1014 2076/1752/1015 1999/1761/938 2000/1762/939
f 2011/1763/950 2075/1753/1014 2000/1762/939 1953/1764/892
f 2010/1765/949 2072/1749/1011 2075/1753/1014 2011/1763/950
f 2009/1757/948 2069/1746/1008 2072/1749/1011 2010/1765/949
f 2078/1766/1017 2079/1767/1018 2082/1768/1021 2081/1769/1020
f 2079/1767/1018 2080/1770/1019 2083/1771/1022 2082/1768/1021
f 2080/1770/1019 1981/1720/920 1982/1718/921 2083/1771/1022
f 2083/1771/1022 1982/1718/921 1948/1719/887 1995/1772/934
f 2082/1768/1021 2083/1771/1022 1995/1772/934 1996/1773/935
f 2081/1769/1020 2082/1768/1021 1996/1773/935 1997/1774/936
f 2008/1775/947 2081/1769/1020 1997/1774/936 1952/1776/891
f 2007/1777/946 2078/1766/1017 2081/1769/1020 2008/1775/947
f 2084/1778/1023 2085/1779/1024 2088/1780/1027 2087/1781/1026
f 2085/1779/1024 2086/1782/1025 2089/1783/1028 2088/1780/1027
f 2087/1781/1026 2088/1780/1027 2091/1784/1030 2090/1785/1029
f 2088/1780/1027 2089/1783/1028 2092/1786/1031 2091/1784/1030
f 1952/1787/891 1997/1788/936 2084/1778/1023 2004/1789/943
f 1997/1788/936 1996/1790/935 2085/1779/1024 2084/1778/1023
f 1996/1790/935 1995/1791/934 2086/1782/1025 2085/1779/1024
f 1995/1791/934 1948/1792/887 1986/1793/925 2086/1782/1025
f 2086/1782/1025 1986/1793/925 1987/1794/926 2089/1783/1028
f 2089/1783/1028 1987/1794/926 1988/1795/927 2092/1786/1031
f 2092/1786/1031 1988/1795/927 1951/1733/890 2001/1759/940
f 2091/1784/1030 2092/1786/1031 2001/1759/940 2002/1758/941
f 2090/1785/1029 2091/1784/1030 2002/1758/941 2003/1756/942
f 2006/1796/945 2090/1785/1029 2003/1756/942 1954/1755/893
f 2005/1797/944 2087/1781/1026 2090/1785/1029 2006/1796/945
f 2004/1789/943 2084/1778/1023 2087/1781/1026 2005/1797/944
f 2093/1798/1032 2094/1799/1033 2097/1800/1036 2096/1801/1035
f 2094/1799/1033 2095/1802/1034 2098/1803/1037 2097/1800/1036
f 2096/1801/1035 2097/1800/1036 2100/1804/1039 2099/1805/1038
f 2097/1800/1036 2098/1803/1037 2101/1806/1040 2100/1804/1039
f 1948/1792/887 1974/1807/913 2093/1798/1032 1986/1793/925
f 1974/1807/913 1973/1715/912 2094/1799/1033 2093/1798/1032
f 1973/1715/912 1972/1714/911 2095/1802/1034 2094/1799/1033
f 2100/1804/1039 2101/1806/1040 1992/1737/931 1993/1736/932
f 2099/1805/1038 2100/1804/1039 1993/1736/932 1994/1734/933
f 1988/1795/927 2099/1805/1038 1994/1734/933 1951/1733/890
f 1987/1794/926 2096/1801/1035 2099/1805/1038 1988/1795/927
f 1986/1793/925 2093/1798/1032 2096/1801/1035 1987/1794/926
f 2102/1808/1041 2103/1809/1042 2106/1810/1045 2105/1811/1044
f 2103/1809/1042 2104/1812/1043 2107/1813/1046 2106/1810/1045
f 2105/1811/1044 2106/1810/1045 2109/1814/1048 2108/1815/1047
f 2106/1810/1045 2107/1813/1046 2110/1816/1049 2109/1814/1048
f 1946/1817/885 1963/1818/902 2102/1808/1041 1983/1819/922
f 1963/1818/902 1962/1820/901 2103/1809/1042 2102/1808/1041
f 1962/1820/901 1961/1821/900 2104/1812/1043 2103/1809/1042
f 1961/1821/900 1952/1787/891 2004/1789/943 2104/1812/1043
f 2104/1812/1043 2004/1789/943 2005/1797/944 2107/1813/1046
f 2107/1813/1046 2005/1797/944 2006/1796/945 2110/1816/1049
f 2110/1816/1049 2006/1796/945 1954/1755/893 1989/1822/928
f 2109/1814/1048 2110/1816/1049 1989/1822/928 1990/1823/929
f 2108/1815/1047 2109/1814/1048 1990/1823/929 1991/1824/930
f 1985/1825/924 2108/1815/1047 1991/1824/930 1950/1826/889
f 1984/1827/923 2105/1811/1044 2108/1815/1047 1985/1825/924
f 1983/1819/922 2102/1808/1041 2105/1811/1044 1984/1827/923
f 2111/1828/1017 2112/1829/1050 2115/1830/1052 2114/1831/1051
f 2112/1829/1050 2113/1832/946 2116/1833/1053 2115/1830/1052
f 2113/1832/946 2007/1777/946 2008/1775/947 2116/1833/1053
f 2116/1833/1053 2008/1775/947 1952/1776/891 1961/1834/900
f 2115/1830/1052 2116/1833/1053 1961/1834/900 1962/1835/901
f 2114/1831/1051 2115/1830/1052 1962/1835/901 1963/1836/902
f 1965/1837/904 2114/1831/1051 1963/1836/902 1946/1838/885
f 1964/1839/903 2111/1828/1017 2114/1831/1051 1965/1837/904
f 2117/1840/1054 2118/1841/1055 2121/1842/1058 2120/1843/1057
f 2118/1841/1055 2119/1844/1056 2122/1845/1059 2121/1842/1058
f 2120/1843/1057 2121/1842/1058 2124/1846/1061 2123/1847/1060
f 2121/1842/1058 2122/1845/1059 2125/1848/1062 2124/1846/1061
f 1950/1826/889 1991/1824/930 2117/1840/1054 1966/1849/905
f 1991/1824/930 1990/1823/929 2118/1841/1055 2117/1840/1054
f 1990/1823/929 1989/1822/928 2119/1844/1056 2118/1841/1055
f 1989/1822/928 1954/1755/893 2009/1757/948 2119/1844/1056
f 2119/1844/1056 2009/1757/948 2010/1765/949 2122/1845/1059
f 2122/1845/1059 2010/1765/949 2011/1763/950 2125/1848/1062
f 2125/1848/1062 2011/1763/950 1953/1764/892 1969/1850/908
f 2124/1846/1061 2125/1848/1062 1969/1850/908 1970/1851/909
f 2123/1847/1060 2124/1846/1061 1970/1851/909 1971/1852/910
f 1968/1853/907 2123/1847/1060 1971/1852/910 1947/1854/886
f 1967/1855/906 2120/1843/1057 2123/1847/1060 1968/1853/907
f 1966/1849/905 2117/1840/1054 2120/1843/1057 1967/1855/906
f 2126/1856/1063 2127/1857/1064 2129/1708/1066 2128/1707/1065
f 2128/1707/1065 2129/1708/1066 2131/1711/1068 2130/1710/1067
f 2026/1720/965 2027/1718/966 2127/1857/1064 2126/1856/1063
f 2027/1718/966 1956/1719/895 2022/1717/961 2127/1857/1064
f 2127/1857/1064 2022/1717/961 2021/1858/960 2129/1708/1066
f 2129/1859/1066 2021/1860/960 2020/1861/959 2131/1862/1068
f 2132/1863/1069 2133/1864/1070 2136/1865/1073 2135/1866/1072
f 2133/1864/1070 2134/1867/1071 2137/1868/1074 2136/1865/1073
f 2135/1869/1072 2136/1870/1073 2139/1871/1076 2138/1872/1075
f 2136/1870/1073 2137/1873/1074 2140/1874/1077 2139/1871/1076
f 1958/1875/897 2023/1876/962 2132/1863/1069 2039/1877/978
f 2023/1876/962 2024/1878/963 2133/1864/1070 2132/1863/1069
f 2024/1878/963 2025/1879/964 2134/1867/1071 2133/1864/1070
f 2025/1879/964 1949/1744/888 1977/1742/916 2134/1867/1071
f 2134/1867/1071 1977/1742/916 1976/1741/915 2137/1868/1074
f 2137/1873/1074 1976/1740/915 1975/1739/914 2140/1874/1077
f 2038/1880/977 2135/1866/1072 2138/1881/1075 2037/1882/976
f 2039/1877/978 2132/1863/1069 2135/1866/1072 2038/1880/977
f 2141/1883/1078 2142/1884/1079 2145/1885/1082 2144/1886/1081
f 2142/1884/1079 2143/1887/1080 2146/1888/1083 2145/1885/1082
f 2144/1886/1081 2145/1885/1082 2148/1889/1085 2147/1890/1084
f 2145/1885/1082 2146/1888/1083 2149/1891/1086 2148/1889/1085
f 1960/1892/899 2051/1893/990 2141/1883/1078 2045/1894/984
f 2051/1893/990 2052/1895/991 2142/1884/1079 2141/1883/1078
f 2052/1895/991 2053/1896/992 2143/1887/1080 2142/1884/1079
f 2053/1896/992 1953/1764/892 2000/1762/939 2143/1887/1080
f 2143/1887/1080 2000/1762/939 1999/1761/938 2146/1888/1083
f 2146/1888/1083 1999/1761/938 1998/1760/937 2149/1891/1086
f 2149/1891/1086 1998/1760/937 1949/1744/888 2025/1879/964
f 2148/1889/1085 2149/1891/1086 2025/1879/964 2024/1878/963
f 2147/1890/1084 2148/1889/1085 2024/1878/963 2023/1876/962
f 2043/1897/982 2147/1890/1084 2023/1876/962 1958/1875/897
f 2044/1898/983 2144/1886/1081 2147/1890/1084 2043/1897/982
f 2045/1894/984 2141/1883/1078 2144/1886/1081 2044/1898/983
f 2150/1766/1087 2151/1769/1088 2153/1768/1090 2152/1899/1089
f 2152/1899/1089 2153/1768/1090 2155/1771/1092 2154/1770/1091
f 2049/1777/988 2050/1775/989 2151/1769/1088 2150/1766/1087
f 2050/1775/989 1959/1776/898 2042/1900/981 2151/1769/1088
f 2151/1769/1088 2042/1900/981 2041/1901/980 2153/1768/1090
f 2153/1768/1090 2041/1901/980 2040/1902/979 2155/1771/1092
f 2155/1771/1092 2040/1902/979 1956/1719/895 2027/1718/966
f 2154/1770/1091 2155/1771/1092 2027/1718/966 2026/1720/965
f 2156/1903/1093 2157/1904/1094 2160/1905/1097 2159/1906/1096
f 2157/1904/1094 2158/1907/1095 2161/1908/1098 2160/1905/1097
f 2159/1906/1096 2160/1905/1097 2163/1909/1100 2162/1910/1099
f 2160/1905/1097 2161/1908/1098 2164/1911/1101 2163/1909/1100
f 1959/1912/898 2046/1913/985 2156/1903/1093 2042/1914/981
f 2046/1913/985 2047/1915/986 2157/1904/1094 2156/1903/1093
f 2047/1915/986 2048/1916/987 2158/1907/1095 2157/1904/1094
f 2048/1916/987 1960/1892/899 2045/1894/984 2158/1907/1095
f 2158/1907/1095 2045/1894/984 2044/1898/983 2161/1908/1098
f 2161/1908/1098 2044/1898/983 2043/1897/982 2164/1911/1101
f 2164/1911/1101 2043/1897/982 1958/1875/897 2033/1917/972
f 2163/1909/1100 2164/1911/1101 2033/1917/972 2032/1918/971
f 2162/1910/1099 2163/1909/1100 2032/1918/971 2031/1919/970
f 2040/1920/979 2162/1910/1099 2031/1919/970 1956/1921/895
f 2041/1922/980 2159/1906/1096 2162/1910/1099 2040/1920/979
f 2042/1914/981 2156/1903/1093 2159/1906/1096 2041/1922/980
f 2165/1923/1102 2166/1924/1103 2169/1925/1106 2168/1926/1105
f 2166/1924/1103 2167/1927/1104 2170/1928/1107 2169/1925/1106
f 2168/1926/1105 2169/1925/1106 2172/1929/1109 2171/1930/1108
f 2169/1925/1106 2170/1928/1107 2173/1931/1110 2172/1929/1109
f 1956/1921/895 2031/1919/970 2165/1923/1102 2022/1932/961
f 2031/1919/970 2032/1918/971 2166/1924/1103 2165/1923/1102
f 2032/1918/971 2033/1917/972 2167/1927/1104 2166/1924/1103
f 2033/1917/972 1958/1875/897 2039/1877/978 2167/1927/1104
f 2167/1927/1104 2039/1877/978 2038/1880/977 2170/1928/1107
f 2170/1928/1107 2038/1880/977 2037/1882/976 2173/1931/1110
f 2021/1860/960 2168/1926/1105 2171/1930/1108 2020/1861/959
f 2022/1932/961 2165/1923/1102 2168/1926/1105 2021/1860/960
f 2174/1933/1111 2175/1934/1112 2178/1935/1115 2177/1936/1114
f 2175/1934/1112 2176/1937/1113 2179/1938/1116 2178/1935/1115
f 2177/1936/1114 2178/1935/1115 2181/1939/1118 2180/1940/1117
f 2178/1935/1115 2179/1938/1116 2182/1941/1119 2181/1939/1118
f 1955/1942/894 2028/1943/967 2174/1933/1111 2014/1944/953
f 2028/1943/967 2029/1945/968 2175/1934/1112 2174/1933/1111
f 2029/1945/968 2030/1946/969 2176/1937/1113 2175/1934/1112
f 2030/1946/969 1957/1947/896 2036/1948/975 2176/1937/1113
f 2176/1937/1113 2036/1948/975 2035/1949/974 2179/1938/1116
f 2179/1938/1116 2035/1949/974 2034/1950/973 2182/1941/1119
f 2182/1941/1119 2034/1950/973 1960/1892/899 2048/1916/987
f 2181/1939/1118 2182/1941/1119 2048/1916/987 2047/1915/986
f 2180/1940/1117 2181/1939/1118 2047/1915/986 2046/1913/985
f 2012/1951/951 2180/1940/1117 2046/1913/985 1959/1912/898
f 2013/1952/952 2177/1936/1114 2180/1940/1117 2012/1951/951
f 2014/1944/953 2174/1933/1111 2177/1936/1114 2013/1952/952
f 2183/1828/1087 2184/1831/1120 2186/1830/1122 2185/1829/1121
f 2185/1829/1121 2186/1830/1122 2188/1833/1123 2187/1832/988
f 2015/1839/954 2016/1837/955 2184/1831/1120 2183/1828/1087
f 2016/1837/955 1955/1838/894 2014/1836/953 2184/1831/1120
f 2184/1831/1120 2014/1836/953 2013/1835/952 2186/1830/1122
f 2186/1830/1122 2013/1835/952 2012/1834/951 2188/1833/1123
f 2188/1833/1123 2012/1834/951 1959/1776/898 2050/1775/989
f 2187/1832/988 2188/1833/1123 2050/1775/989 2049/1777/988
f 2189/1953/1124 2190/1954/1125 2193/1955/1128 2192/1956/1127
f 2190/1954/1125 2191/1957/1126 2194/1958/1129 2193/1955/1128
f 2192/1956/1127 2193/1955/1128 2196/1959/1131 2195/1960/1130
f 2193/1955/1128 2194/1958/1129 2197/1961/1132 2196/1959/1131
f 1957/1947/896 2017/1962/956 2189/1953/1124 2036/1948/975
f 2017/1962/956 2018/1963/957 2190/1954/1125 2189/1953/1124
f 2018/1963/957 2019/1964/958 2191/1957/1126 2190/1954/1125
f 2019/1964/958 1947/1854/886 1971/1852/910 2191/1957/1126
f 2191/1957/1126 1971/1852/910 1970/1851/909 2194/1958/1129
f 2194/1958/1129 1970/1851/909 1969/1850/908 2197/1961/1132
f 2197/1961/1132 1969/1850/908 1953/1764/892 2053/1896/992
f 2196/1959/1131 2197/1961/1132 2053/1896/992 2052/1895/991
f 2195/1960/1130 2196/1959/1131 2052/1895/991 2051/1893/990
f 2034/1950/973 2195/1960/1130 2051/1893/990 1960/1892/899
f 2035/1949/974 2192/1956/1127 2195/1960/1130 2034/1950/973
f 2036/1948/975 2189/1953/1124 2192/1956/1127 2035/1949/974
f 2285/1965/1220 2288/1966/1223 2289/1967/1224 2286/1968/1221
f 2286/1968/1221 2289/1967/1224 2290/1969/1225 2287/1970/1222
f 2289/1971/1224 2215/1972/1150 2214/1973/1149 2290/1974/1225
f 2288/1966/1223 2216/1975/1151 2215/1976/1150 2289/1967/1224
f 2224/1977/1159 2198/1978/1133 2216/1975/1151 2288/1966/1223
f 2223/1979/1158 2224/1977/1159 2288/1966/1223 2285/1965/1220
f 2291/1980/1226 2294/1981/1229 2295/1982/1230 2292/1983/1227
f 2292/1725/1227 2295/1728/1230 2296/1727/1231 2293/1726/1228
f 2294/1981/1229 2297/1984/1232 2298/1985/1233 2295/1982/1230
f 2295/1728/1230 2298/1732/1233 2299/1731/1234 2296/1727/1231
f 2200/1986/1135 2220/1987/1155 2291/1980/1226 2233/1988/1168
f 2233/1988/1168 2291/1980/1226 2292/1983/1227 2232/1989/1167
f 2232/1989/1167 2292/1983/1227 2293/1990/1228 2231/1991/1166
f 2298/1732/1233 2218/1740/1153 2217/1739/1152 2299/1731/1234
f 2297/1984/1232 2219/1992/1154 2218/1993/1153 2298/1985/1233
f 2222/1994/1157 2199/1995/1134 2219/1992/1154 2297/1984/1232
f 2221/1996/1156 2222/1994/1157 2297/1984/1232 2294/1981/1229
f 2220/1987/1155 2221/1996/1156 2294/1981/1229 2291/1980/1226
f 2300/1997/1235 2303/1998/1238 2304/1999/1239 2301/2000/1236
f 2301/2000/1236 2304/1999/1239 2305/2001/1240 2302/2002/1237
f 2303/1998/1238 2306/2003/1241 2307/2004/1242 2304/1999/1239
f 2304/1999/1239 2307/2004/1242 2308/2005/1243 2305/2001/1240
f 2203/2006/1138 2248/2007/1183 2300/1997/1235 2242/2008/1177
f 2242/2008/1177 2300/1997/1235 2301/2000/1236 2241/2009/1176
f 2241/2009/1176 2301/2000/1236 2302/2002/1237 2240/2010/1175
f 2240/2010/1175 2302/2002/1237 2220/1987/1155 2200/1986/1135
f 2302/2002/1237 2305/2001/1240 2221/1996/1156 2220/1987/1155
f 2305/2001/1240 2308/2005/1243 2222/1994/1157 2221/1996/1156
f 2308/2005/1243 2237/2011/1172 2199/1995/1134 2222/1994/1157
f 2307/2004/1242 2238/2012/1173 2237/2011/1172 2308/2005/1243
f 2306/2003/1241 2239/2013/1174 2238/2012/1173 2307/2004/1242
f 2250/2014/1185 2202/2015/1137 2239/2013/1174 2306/2003/1241
f 2249/2016/1184 2250/2014/1185 2306/2003/1241 2303/1998/1238
f 2248/2007/1183 2249/2016/1184 2303/1998/1238 2300/1997/1235
f 2309/2017/1244 2312/2018/1247 2313/2019/1248 2310/2020/1245
f 2310/2020/1245 2313/2019/1248 2314/2021/1249 2311/2022/1246
f 2311/2022/1246 2314/2021/1249 2224/1977/1159 2223/1979/1158
f 2314/2021/1249 2234/2023/1169 2198/1978/1133 2224/1977/1159
f 2313/2019/1248 2235/2024/1170 2234/2023/1169 2314/2021/1249
f 2312/2018/1247 2236/2025/1171 2235/2024/1170 2313/2019/1248
f 2247/2026/1182 2201/2027/1136 2236/2025/1171 2312/2018/1247
f 2246/2028/1181 2247/2026/1182 2312/2018/1247 2309/2017/1244
f 2315/2029/1250 2318/2030/1253 2319/2031/1254 2316/2032/1251
f 2316/2032/1251 2319/2031/1254 2320/2033/1255 2317/2034/1252
f 2318/2030/1253 2321/2035/1256 2322/2036/1257 2319/2031/1254
f 2319/2031/1254 2322/2036/1257 2323/2037/1258 2320/2033/1255
f 2201/2038/1136 2243/2039/1178 2315/2029/1250 2236/2040/1171
f 2236/2040/1171 2315/2029/1250 2316/2032/1251 2235/2041/1170
f 2235/2041/1170 2316/2032/1251 2317/2034/1252 2234/2042/1169
f 2234/2042/1169 2317/2034/1252 2225/2043/1160 2198/2044/1133
f 2317/2034/1252 2320/2033/1255 2226/2045/1161 2225/2043/1160
f 2320/2033/1255 2323/2037/1258 2227/2046/1162 2226/2045/1161
f 2323/2037/1258 2240/2010/1175 2200/1986/1135 2227/2046/1162
f 2322/2036/1257 2241/2009/1176 2240/2010/1175 2323/2037/1258
f 2321/2035/1256 2242/2008/1177 2241/2009/1176 2322/2036/1257
f 2245/2047/1180 2203/2006/1138 2242/2008/1177 2321/2035/1256
f 2244/2048/1179 2245/2047/1180 2321/2035/1256 2318/2030/1253
f 2243/2039/1178 2244/2048/1179 2318/2030/1253 2315/2029/1250
f 2324/2049/1259 2327/2050/1262 2328/2051/1263 2325/2052/1260
f 2325/2052/1260 2328/2051/1263 2329/2053/1264 2326/2054/1261
f 2327/2050/1262 2330/2055/1265 2331/2056/1266 2328/2051/1263
f 2328/2051/1263 2331/2056/1266 2332/2057/1267 2329/2053/1264
f 2198/2044/1133 2225/2043/1160 2324/2049/1259 2216/2058/1151
f 2216/2058/1151 2324/2049/1259 2325/2052/1260 2215/1972/1150
f 2215/1972/1150 2325/2052/1260 2326/2054/1261 2214/1973/1149
f 2331/2056/1266 2232/1989/1167 2231/1991/1166 2332/2057/1267
f 2330/2055/1265 2233/1988/1168 2232/1989/1167 2331/2056/1266
f 2227/2046/1162 2200/1986/1135 2233/1988/1168 2330/2055/1265
f 2226/2045/1161 2227/2046/1162 2330/2055/1265 2327/2050/1262
f 2225/2043/1160 2226/2045/1161 2327/2050/1262 2324/2049/1259
f 2333/2059/1268 2336/2060/1271 2337/2061/1272 2334/2062/1269
f 2334/2062/1269 2337/2061/1272 2338/2063/1273 2335/2064/1270
f 2336/2060/1271 2339/2065/1274 2340/2066/1275 2337/2061/1272
f 2337/2061/1272 2340/2066/1275 2341/2067/1276 2338/2063/1273
f 1946/1817/885 1983/1819/922 2333/2059/1268 2210/2068/1145
f 2210/2068/1145 2333/2059/1268 2334/2062/1269 2209/2069/1144
f 2209/2069/1144 2334/2062/1269 2335/2064/1270 2208/2070/1143
f 2208/2070/1143 2335/2064/1270 2243/2039/1178 2201/2038/1136
f 2335/2064/1270 2338/2063/1273 2244/2048/1179 2243/2039/1178
f 2338/2063/1273 2341/2067/1276 2245/2047/1180 2244/2048/1179
f 2341/2067/1276 2228/2071/1163 2203/2006/1138 2245/2047/1180
f 2340/2066/1275 2229/2072/1164 2228/2071/1163 2341/2067/1276
f 2339/2065/1274 2230/2073/1165 2229/2072/1164 2340/2066/1275
f 1985/1825/924 1950/1826/889 2230/2073/1165 2339/2065/1274
f 1984/1827/923 1985/1825/924 2339/2065/1274 2336/2060/1271
f 1983/1819/922 1984/1827/923 2336/2060/1271 2333/2059/1268
f 2342/2074/1244 2345/2075/1278 2346/2076/1279 2343/2077/1277
f 2343/2077/1277 2346/2076/1279 2347/2078/1280 2344/2079/1181
f 2344/2079/1181 2347/2078/1280 2247/2026/1182 2246/2028/1181
f 2347/2078/1280 2208/2080/1143 2201/2027/1136 2247/2026/1182
f 2346/2076/1279 2209/2081/1144 2208/2080/1143 2347/2078/1280
f 2345/2075/1278 2210/2082/1145 2209/2081/1144 2346/2076/1279
f 1965/1837/904 1946/1838/885 2210/2082/1145 2345/2075/1278
f 1964/1839/903 1965/1837/904 2345/2075/1278 2342/2074/1244
f 2348/2083/1281 2351/2084/1284 2352/2085/1285 2349/2086/1282
f 2349/2086/1282 2352/2085/1285 2353/2087/1286 2350/2088/1283
f 2351/2084/1284 2354/2089/1287 2355/2090/1288 2352/2085/1285
f 2352/2085/1285 2355/2090/1288 2356/2091/1289 2353/2087/1286
f 1950/1826/889 1966/1849/905 2348/2083/1281 2230/2073/1165
f 2230/2073/1165 2348/2083/1281 2349/2086/1282 2229/2072/1164
f 2229/2072/1164 2349/2086/1282 2350/2088/1283 2228/2071/1163
f 2228/2071/1163 2350/2088/1283 2248/2007/1183 2203/2006/1138
f 2350/2088/1283 2353/2087/1286 2249/2016/1184 2248/2007/1183
f 2353/2087/1286 2356/2091/1289 2250/2014/1185 2249/2016/1184
f 2356/2091/1289 2211/2092/1146 2202/2015/1137 2250/2014/1185
f 2355/2090/1288 2212/2093/1147 2211/2092/1146 2356/2091/1289
f 2354/2089/1287 2213/2094/1148 2212/2093/1147 2355/2090/1288
f 1968/1853/907 1947/1854/886 2213/2094/1148 2354/2089/1287
f 1967/1855/906 1968/1853/907 2354/2089/1287 2351/2084/1284
f 1966/1849/905 1967/1855/906 2351/2084/1284 2348/2083/1281
f 2357/1965/1290 2359/1968/1292 2360/1967/1293 2358/2095/1291
f 2359/1968/1292 2361/1970/1294 2362/1969/1295 2360/1967/1293
f 2260/1979/1195 2357/1965/1290 2358/2095/1291 2261/2096/1196
f 2261/2096/1196 2358/2095/1291 2256/2097/1191 2204/1978/1139
f 2358/2095/1291 2360/1967/1293 2255/2098/1190 2256/2097/1191
f 2360/2099/1293 2362/2100/1295 2254/2101/1189 2255/2102/1190
f 2363/2103/1296 2366/2104/1299 2367/2105/1300 2364/2106/1297
f 2364/2106/1297 2367/2105/1300 2368/2107/1301 2365/2108/1298
f 2366/1869/1299 2369/1872/1302 2370/1871/1303 2367/1870/1300
f 2367/1870/1300 2370/1871/1303 2371/1874/1304 2368/1873/1301
f 2205/2109/1140 2270/2110/1205 2363/2103/1296 2257/2111/1192
f 2257/2111/1192 2363/2103/1296 2364/2106/1297 2258/2112/1193
f 2258/2112/1193 2364/2106/1297 2365/2108/1298 2259/2113/1194
f 2259/2113/1194 2365/2108/1298 2219/1992/1154 2199/1995/1134
f 2365/2108/1298 2368/2107/1301 2218/1993/1153 2219/1992/1154
f 2368/1873/1301 2371/1874/1304 2217/1739/1152 2218/1740/1153
f 2269/2114/1204 2268/2115/1203 2369/2116/1302 2366/2104/1299
f 2270/2110/1205 2269/2114/1204 2366/2104/1299 2363/2103/1296
f 2372/2117/1305 2375/2118/1308 2376/2119/1309 2373/2120/1306
f 2373/2120/1306 2376/2119/1309 2377/2121/1310 2374/2122/1307
f 2375/2118/1308 2378/2123/1311 2379/2124/1312 2376/2119/1309
f 2376/2119/1309 2379/2124/1312 2380/2125/1313 2377/2121/1310
f 2207/2126/1142 2276/2127/1211 2372/2117/1305 2282/2128/1217
f 2282/2128/1217 2372/2117/1305 2373/2120/1306 2283/2129/1218
f 2283/2129/1218 2373/2120/1306 2374/2122/1307 2284/2130/1219
f 2284/2130/1219 2374/2122/1307 2239/2013/1174 2202/2015/1137
f 2374/2122/1307 2377/2121/1310 2238/2012/1173 2239/2013/1174
f 2377/2121/1310 2380/2125/1313 2237/2011/1172 2238/2012/1173
f 2380/2125/1313 2259/2113/1194 2199/1995/1134 2237/2011/1172
f 2379/2124/1312 2258/2112/1193 2259/2113/1194 2380/2125/1313
f 2378/2123/1311 2257/2111/1192 2258/2112/1193 2379/2124/1312
f 2274/2131/1209 2205/2109/1140 2257/2111/1192 2378/2123/1311
f 2275/2132/1210 2274/2131/1209 2378/2123/1311 2375/2118/1308
f 2276/2127/1211 2275/2132/1210 2375/2118/1308 2372/2117/1305
f 2381/2017/1314 2383/2133/1316 2384/2019/1317 2382/2018/1315
f 2383/2133/1316 2385/2022/1318 2386/2021/1319 2384/2019/1317
f 2280/2028/1215 2381/2017/1314 2382/2018/1315 2281/2026/1216
f 2281/2026/1216 2382/2018/1315 2273/2134/1208 2206/2027/1141
f 2382/2018/1315 2384/2019/1317 2272/2135/1207 2273/2134/1208
f 2384/2019/1317 2386/2021/1319 2271/2136/1206 2272/2135/1207
f 2386/2021/1319 2261/2096/1196 2204/1978/1139 2271/2136/1206
f 2385/2022/1318 2260/1979/1195 2261/2096/1196 2386/2021/1319
f 2387/2137/1320 2390/2138/1323 2391/2139/1324 2388/2140/1321
f 2388/2140/1321 2391/2139/1324 2392/2141/1325 2389/2142/1322
f 2390/2138/1323 2393/2143/1326 2394/2144/1327 2391/2139/1324
f 2391/2139/1324 2394/2144/1327 2395/2145/1328 2392/2141/1325
f 2206/2146/1141 2273/2147/1208 2387/2137/1320 2277/2148/1212
f 2277/2148/1212 2387/2137/1320 2388/2140/1321 2278/2149/1213
f 2278/2149/1213 2388/2140/1321 2389/2142/1322 2279/2150/1214
f 2279/2150/1214 2389/2142/1322 2276/2127/1211 2207/2126/1142
f 2389/2142/1322 2392/2141/1325 2275/2132/1210 2276/2127/1211
f 2392/2141/1325 2395/2145/1328 2274/2131/1209 2275/2132/1210
f 2395/2145/1328 2264/2151/1199 2205/2109/1140 2274/2131/1209
f 2394/2144/1327 2263/2152/1198 2264/2151/1199 2395/2145/1328
f 2393/2143/1326 2262/2153/1197 2263/2152/1198 2394/2144/1327
f 2271/2154/1206 2204/2155/1139 2262/2153/1197 2393/2143/1326
f 2272/2156/1207 2271/2154/1206 2393/2143/1326 2390/2138/1323
f 2273/2147/1208 2272/2156/1207 2390/2138/1323 2387/2137/1320
f 2396/2157/1329 2399/2158/1332 2400/2159/1333 2397/2160/1330
f 2397/2160/1330 2400/2159/1333 2401/2161/1334 2398/2162/1331
f 2399/2158/1332 2402/2163/1335 2403/2164/1336 2400/2159/1333
f 2400/2159/1333 2403/2164/1336 2404/2165/1337 2401/2161/1334
f 2204/2155/1139 2256/2166/1191 2396/2157/1329 2262/2153/1197
f 2262/2153/1197 2396/2157/1329 2397/2160/1330 2263/2152/1198
f 2263/2152/1198 2397/2160/1330 2398/2162/1331 2264/2151/1199
f 2264/2151/1199 2398/2162/1331 2270/2110/1205 2205/2109/1140
f 2398/2162/1331 2401/2161/1334 2269/2114/1204 2270/2110/1205
f 2401/2161/1334 2404/2165/1337 2268/2115/1203 2269/2114/1204
f 2255/2102/1190 2254/2101/1189 2402/2163/1335 2399/2158/1332
f 2256/2166/1191 2255/2102/1190 2399/2158/1332 2396/2157/1329
f 2405/2167/1338 2408/2168/1341 2409/2169/1342 2406/2170/1339
f 2406/2170/1339 2409/2169/1342 2410/2171/1343 2407/2172/1340
f 2408/2168/1341 2411/2173/1344 2412/2174/1345 2409/2169/1342
f 2409/2169/1342 2412/2174/1345 2413/2175/1346 2410/2171/1343
f 1955/1942/894 2253/2176/1188 2405/2167/1338 2028/1943/967
f 2028/1943/967 2405/2167/1338 2406/2170/1339 2029/1945/968
f 2029/1945/968 2406/2170/1339 2407/2172/1340 2030/1946/969
f 2030/1946/969 2407/2172/1340 2267/2177/1202 1957/1947/896
f 2407/2172/1340 2410/2171/1343 2266/2178/1201 2267/2177/1202
f 2410/2171/1343 2413/2175/1346 2265/2179/1200 2266/2178/1201
f 2413/2175/1346 2279/2150/1214 2207/2126/1142 2265/2179/1200
f 2412/2174/1345 2278/2149/1213 2279/2150/1214 2413/2175/1346
f 2411/2173/1344 2277/2148/1212 2278/2149/1213 2412/2174/1345
f 2251/2180/1186 2206/2146/1141 2277/2148/1212 2411/2173/1344
f 2252/2181/1187 2251/2180/1186 2411/2173/1344 2408/2168/1341
f 2253/2176/1188 2252/2181/1187 2408/2168/1341 2405/2167/1338
f 2414/2182/1314 2416/2183/1348 2417/2076/1349 2415/2184/1347
f 2416/2183/1348 2418/2185/1215 2419/2078/1350 2417/2076/1349
f 2015/1839/954 2414/2182/1314 2415/2184/1347 2016/1837/955
f 2016/1837/955 2415/2184/1347 2253/2082/1188 1955/1838/894
f 2415/2184/1347 2417/2076/1349 2252/2081/1187 2253/2082/1188
f 2417/2076/1349 2419/2078/1350 2251/2080/1186 2252/2081/1187
f 2419/2078/1350 2281/2026/1216 2206/2027/1141 2251/2080/1186
f 2418/2185/1215 2280/2028/1215 2281/2026/1216 2419/2078/1350
f 2420/2186/1351 2423/2187/1354 2424/2188/1355 2421/2189/1352
f 2421/2189/1352 2424/2188/1355 2425/2190/1356 2422/2191/1353
f 2423/2187/1354 2426/2192/1357 2427/2193/1358 2424/2188/1355
f 2424/2188/1355 2427/2193/1358 2428/2194/1359 2425/2190/1356
f 1957/1947/896 2267/2177/1202 2420/2186/1351 2017/1962/956
f 2017/1962/956 2420/2186/1351 2421/2189/1352 2018/1963/957
f 2018/1963/957 2421/2189/1352 2422/2191/1353 2019/1964/958
f 2019/1964/958 2422/2191/1353 2213/2094/1148 1947/1854/886
f 2422/2191/1353 2425/2190/1356 2212/2093/1147 2213/2094/1148
f 2425/2190/1356 2428/2194/1359 2211/2092/1146 2212/2093/1147
f 2428/2194/1359 2284/2130/1219 2202/2015/1137 2211/2092/1146
f 2427/2193/1358 2283/2129/1218 2284/2130/1219 2428/2194/1359
f 2426/2192/1357 2282/2128/1217 2283/2129/1218 2427/2193/1358
f 2265/2179/1200 2207/2126/1142 2282/2128/1217 2426/2192/1357
f 2266/2178/1201 2265/2179/1200 2426/2192/1357 2423/2187/1354
f 2267/2177/1202 2266/2178/1201 2423/2187/1354 2420/2186/1351
f 2055/1707/994 2430/2195/1361 2431/2196/1361 2056/1710/995
f 2126/1856/1063 2128/1707/1065 2433/2195/1363 2432/2197/1362
f 2128/1707/1065 2130/1710/1067 2434/2196/1364 2433/2195/1363
f 2026/1720/965 2126/1856/1063 2432/2197/1362 2429/2198/1360
f 2054/1706/993 2537/2199/1467 2538/2195/1468 2055/1707/994
f 2055/1707/994 2538/2195/1468 2539/2196/1469 2056/1710/995
f 2538/1712/1468 2461/1715/1391 2460/1714/1390 2539/1713/1469
f 2537/2199/1467 2462/2200/1392 2461/2201/1391 2538/2195/1468
f 2469/2198/1399 2437/2202/1367 2462/2200/1392 2537/2199/1467
f 1981/1720/920 2469/2198/1399 2537/2199/1467 2054/1706/993
f 2540/1721/1470 2543/1724/1473 2544/1723/1474 2541/1722/1471
f 2541/2203/1471 2544/2204/1474 2545/2205/1475 2542/2206/1472
f 2543/1724/1473 2546/1730/1476 2547/1729/1477 2544/1723/1474
f 2544/2204/1474 2547/2207/1477 2548/2208/1478 2545/2205/1475
f 2440/1733/1370 2466/1735/1396 2540/1721/1470 2481/1734/1411
f 2481/1734/1411 2540/1721/1470 2541/1722/1471 2480/1736/1410
f 2480/1736/1410 2541/1722/1471 2542/1738/1472 2479/1737/1409
f 2547/2207/1477 2464/2209/1394 2463/2210/1393 2548/2208/1478
f 2546/1730/1476 2465/1742/1395 2464/1741/1394 2547/1729/1477
f 2468/1743/1398 2438/1744/1368 2465/1742/1395 2546/1730/1476
f 2467/1745/1397 2468/1743/1398 2546/1730/1476 2543/1724/1473
f 2466/1735/1396 2467/1745/1397 2543/1724/1473 2540/1721/1470
f 2549/1746/1479 2552/1749/1482 2553/1748/1483 2550/1747/1480
f 2550/1747/1480 2553/1748/1483 2554/1751/1484 2551/1750/1481
f 2552/1749/1482 2555/1753/1485 2556/1752/1486 2553/1748/1483
f 2553/1748/1483 2556/1752/1486 2557/1754/1487 2554/1751/1484
f 2443/1755/1373 2495/1757/1425 2549/1746/1479 2490/1756/1420
f 2490/1756/1420 2549/1746/1479 2550/1747/1480 2489/1758/1419
f 2489/1758/1419 2550/1747/1480 2551/1750/1481 2488/1759/1418
f 2488/1759/1418 2551/1750/1481 2466/1735/1396 2440/1733/1370
f 2551/1750/1481 2554/1751/1484 2467/1745/1397 2466/1735/1396
f 2554/1751/1484 2557/1754/1487 2468/1743/1398 2467/1745/1397
f 2557/1754/1487 2485/1760/1415 2438/1744/1368 2468/1743/1398
f 2556/1752/1486 2486/1761/1416 2485/1760/1415 2557/1754/1487
f 2555/1753/1485 2487/1762/1417 2486/1761/1416 2556/1752/1486
f 2497/1763/1427 2442/1764/1372 2487/1762/1417 2555/1753/1485
f 2496/1765/1426 2497/1763/1427 2555/1753/1485 2552/1749/1482
f 2495/1757/1425 2496/1765/1426 2552/1749/1482 2549/1746/1479
f 2078/1766/1017 2558/2211/1488 2559/2212/1489 2079/1767/1018
f 2079/1767/1018 2559/2212/1489 2560/2213/1490 2080/1770/1019
f 2080/1770/1019 2560/2213/1490 2469/2198/1399 1981/1720/920
f 2560/2213/1490 2482/2214/1412 2437/2202/1367 2469/2198/1399
f 2559/2212/1489 2483/2215/1413 2482/2214/1412 2560/2213/1490
f 2558/2211/1488 2484/2216/1414 2483/2215/1413 2559/2212/1489
f 2494/2217/1424 2441/2218/1371 2484/2216/1414 2558/2211/1488
f 2007/1777/946 2494/2217/1424 2558/2211/1488 2078/1766/1017
f 2561/1778/1491 2564/1781/1494 2565/1780/1495 2562/1779/1492
f 2562/1779/1492 2565/1780/1495 2566/1783/1496 2563/1782/1493
f 2564/1781/1494 2567/1785/1497 2568/1784/1498 2565/1780/1495
f 2565/1780/1495 2568/1784/1498 2569/1786/1499 2566/1783/1496
f 2441/1787/1371 2491/1789/1421 2561/1778/1491 2484/1788/1414
f 2484/1788/1414 2561/1778/1491 2562/1779/1492 2483/1790/1413
f 2483/1790/1413 2562/1779/1492 2563/1782/1493 2482/1791/1412
f 2482/1791/1412 2563/1782/1493 2473/1793/1403 2437/1792/1367
f 2563/1782/1493 2566/1783/1496 2474/1794/1404 2473/1793/1403
f 2566/1783/1496 2569/1786/1499 2475/1795/1405 2474/1794/1404
f 2569/1786/1499 2488/1759/1418 2440/1733/1370 2475/1795/1405
f 2568/1784/1498 2489/1758/1419 2488/1759/1418 2569/1786/1499
f 2567/1785/1497 2490/1756/1420 2489/1758/1419 2568/1784/1498
f 2493/1796/1423 2443/1755/1373 2490/1756/1420 2567/1785/1497
f 2492/1797/1422 2493/1796/1423 2567/1785/1497 2564/1781/1494
f 2491/1789/1421 2492/1797/1422 2564/1781/1494 2561/1778/1491
f 2570/1798/1500 2573/1801/1503 2574/1800/1504 2571/1799/1501
f 2571/1799/1501 2574/1800/1504 2575/1803/1505 2572/1802/1502
f 2573/1801/1503 2576/1805/1506 2577/1804/1507 2574/1800/1504
f 2574/1800/1504 2577/1804/1507 2578/1806/1508 2575/1803/1505
f 2437/1792/1367 2473/1793/1403 2570/1798/1500 2462/1807/1392
f 2462/1807/1392 2570/1798/1500 2571/1799/1501 2461/1715/1391
f 2461/1715/1391 2571/1799/1501 2572/1802/1502 2460/1714/1390
f 2577/1804/1507 2480/1736/1410 2479/1737/1409 2578/1806/1508
f 2576/1805/1506 2481/1734/1411 2480/1736/1410 2577/1804/1507
f 2475/1795/1405 2440/1733/1370 2481/1734/1411 2576/1805/1506
f 2474/1794/1404 2475/1795/1405 2576/1805/1506 2573/1801/1503
f 2473/1793/1403 2474/1794/1404 2573/1801/1503 2570/1798/1500
f 2579/1808/1509 2582/1811/1512 2583/1810/1513 2580/1809/1510
f 2580/1809/1510 2583/1810/1513 2584/1813/1514 2581/1812/1511
f 2582/1811/1512 2585/1815/1515 2586/1814/1516 2583/1810/1513
f 2583/1810/1513 2586/1814/1516 2587/1816/1517 2584/1813/1514
f 2435/1817/1365 2470/1819/1400 2579/1808/1509 2452/1818/1382
f 2452/1818/1382 2579/1808/1509 2580/1809/1510 2451/1820/1381
f 2451/1820/1381 2580/1809/1510 2581/1812/1511 2450/1821/1380
f 2450/1821/1380 2581/1812/1511 2491/1789/1421 2441/1787/1371
f 2581/1812/1511 2584/1813/1514 2492/1797/1422 2491/1789/1421
f 2584/1813/1514 2587/1816/1517 2493/1796/1423 2492/1797/1422
f 2587/1816/1517 2476/1822/1406 2443/1755/1373 2493/1796/1423
f 2586/1814/1516 2477/1823/1407 2476/1822/1406 2587/1816/1517
f 2585/1815/1515 2478/1824/1408 2477/1823/1407 2586/1814/1516
f 2472/1825/1402 2439/1826/1369 2478/1824/1408 2585/1815/1515
f 2471/1827/1401 2472/1825/1402 2585/1815/1515 2582/1811/1512
f 2470/1819/1400 2471/1827/1401 2582/1811/1512 2579/1808/1509
f 2111/1828/1017 2588/2219/1518 2589/2220/1519 2112/1829/1050
f 2112/1829/1050 2589/2220/1519 2590/2221/1520 2113/1832/946
f 2113/1832/946 2590/2221/1520 2494/2217/1424 2007/1777/946
f 2590/2221/1520 2450/2222/1380 2441/2218/1371 2494/2217/1424
f 2589/2220/1519 2451/2223/1381 2450/2222/1380 2590/2221/1520
f 2588/2219/1518 2452/2224/1382 2451/2223/1381 2589/2220/1519
f 2453/2225/1383 2435/2226/1365 2452/2224/1382 2588/2219/1518
f 1964/1839/903 2453/2225/1383 2588/2219/1518 2111/1828/1017
f 2591/1840/1521 2594/1843/1524 2595/1842/1525 2592/1841/1522
f 2592/1841/1522 2595/1842/1525 2596/1845/1526 2593/1844/1523
f 2594/1843/1524 2597/1847/1527 2598/1846/1528 2595/1842/1525
f 2595/1842/1525 2598/1846/1528 2599/1848/1529 2596/1845/1526
f 2439/1826/1369 2454/1849/1384 2591/1840/1521 2478/1824/1408
f 2478/1824/1408 2591/1840/1521 2592/1841/1522 2477/1823/1407
f 2477/1823/1407 2592/1841/1522 2593/1844/1523 2476/1822/1406
f 2476/1822/1406 2593/1844/1523 2495/1757/1425 2443/1755/1373
f 2593/1844/1523 2596/1845/1526 2496/1765/1426 2495/1757/1425
f 2596/1845/1526 2599/1848/1529 2497/1763/1427 2496/1765/1426
f 2599/1848/1529 2457/1850/1387 2442/1764/1372 2497/1763/1427
f 2598/1846/1528 2458/1851/1388 2457/1850/1387 2599/1848/1529
f 2597/1847/1527 2459/1852/1389 2458/1851/1388 2598/1846/1528
f 2456/1853/1386 2436/1854/1366 2459/1852/1389 2597/1847/1527
f 2455/1855/1385 2456/1853/1386 2597/1847/1527 2594/1843/1524
f 2454/1849/1384 2455/1855/1385 2594/1843/1524 2591/1840/1521
f 2126/1856/1063 2128/1707/1065 2601/2195/1531 2600/2197/1530
f 2128/1707/1065 2130/1710/1067 2602/2196/1532 2601/2195/1531
f 2026/1720/965 2126/1856/1063 2600/2197/1530 2511/2198/1441
f 2511/2198/1441 2600/2197/1530 2507/2200/1437 2445/2202/1375
f 2600/2197/1530 2601/2195/1531 2506/2227/1436 2507/2200/1437
f 2601/1859/1531 2602/1862/1532 2505/1861/1435 2506/1860/1436
f 2603/1863/1533 2606/1866/1536 2607/1865/1537 2604/1864/1534
f 2604/1864/1534 2607/1865/1537 2608/1868/1538 2605/1867/1535
f 2606/2228/1536 2609/2229/1539 2610/2230/1540 2607/2231/1537
f 2607/2231/1537 2610/2230/1540 2611/2232/1541 2608/2233/1538
f 2447/1875/1377 2523/1877/1453 2603/1863/1533 2508/1876/1438
f 2508/1876/1438 2603/1863/1533 2604/1864/1534 2509/1878/1439
f 2509/1878/1439 2604/1864/1534 2605/1867/1535 2510/1879/1440
f 2510/1879/1440 2605/1867/1535 2465/1742/1395 2438/1744/1368
f 2605/1867/1535 2608/1868/1538 2464/1741/1394 2465/1742/1395
f 2608/2233/1538 2611/2232/1541 2463/2210/1393 2464/2209/1394
f 2522/1880/1452 2521/1882/1451 2609/1881/1539 2606/1866/1536
f 2523/1877/1453 2522/1880/1452 2606/1866/1536 2603/1863/1533
f 2612/1883/1542 2615/1886/1545 2616/1885/1546 2613/1884/1543
f 2613/1884/1543 2616/1885/1546 2617/1888/1547 2614/1887/1544
f 2615/1886/1545 2618/1890/1548 2619/1889/1549 2616/1885/1546
f 2616/1885/1546 2619/1889/1549 2620/1891/1550 2617/1888/1547
f 2449/1892/1379 2529/1894/1459 2612/1883/1542 2534/1893/1464
f 2534/1893/1464 2612/1883/1542 2613/1884/1543 2535/1895/1465
f 2535/1895/1465 2613/1884/1543 2614/1887/1544 2536/1896/1466
f 2536/1896/1466 2614/1887/1544 2487/1762/1417 2442/1764/1372
f 2614/1887/1544 2617/1888/1547 2486/1761/1416 2487/1762/1417
f 2617/1888/1547 2620/1891/1550 2485/1760/1415 2486/1761/1416
f 2620/1891/1550 2510/1879/1440 2438/1744/1368 2485/1760/1415
f 2619/1889/1549 2509/1878/1439 2510/1879/1440 2620/1891/1550
f 2618/1890/1548 2508/1876/1438 2509/1878/1439 2619/1889/1549
f 2527/1897/1457 2447/1875/1377 2508/1876/1438 2618/1890/1548
f 2528/1898/1458 2527/1897/1457 2618/1890/1548 2615/1886/1545
f 2529/1894/1459 2528/1898/1458 2615/1886/1545 2612/1883/1542
f 2150/1766/1087 2152/1899/1089 2622/2212/1552 2621/2211/1551
f 2152/1899/1089 2154/1770/1091 2623/2213/1553 2622/2212/1552
f 2049/1777/988 2150/1766/1087 2621/2211/1551 2533/2217/1463
f 2533/2217/1463 2621/2211/1551 2526/2234/1456 2448/2218/1378
f 2621/2211/1551 2622/2212/1552 2525/2235/1455 2526/2234/1456
f 2622/2212/1552 2623/2213/1553 2524/2236/1454 2525/2235/1455
f 2623/2213/1553 2511/2198/1441 2445/2202/1375 2524/2236/1454
f 2154/1770/1091 2026/1720/965 2511/2198/1441 2623/2213/1553
f 2624/1903/1554 2627/1906/1557 2628/1905/1558 2625/1904/1555
f 2625/1904/1555 2628/1905/1558 2629/1908/1559 2626/1907/1556
f 2627/1906/1557 2630/1910/1560 2631/1909/1561 2628/1905/1558
f 2628/1905/1558 2631/1909/1561 2632/1911/1562 2629/1908/1559
f 2448/1912/1378 2526/1914/1456 2624/1903/1554 2530/1913/1460
f 2530/1913/1460 2624/1903/1554 2625/1904/1555 2531/1915/1461
f 2531/1915/1461 2625/1904/1555 2626/1907/1556 2532/1916/1462
f 2532/1916/1462 2626/1907/1556 2529/1894/1459 2449/1892/1379
f 2626/1907/1556 2629/1908/1559 2528/1898/1458 2529/1894/1459
f 2629/1908/1559 2632/1911/1562 2527/1897/1457 2528/1898/1458
f 2632/1911/1562 2517/1917/1447 2447/1875/1377 2527/1897/1457
f 2631/1909/1561 2516/1918/1446 2517/1917/1447 2632/1911/1562
f 2630/1910/1560 2515/1919/1445 2516/1918/1446 2631/1909/1561
f 2524/1920/1454 2445/1921/1375 2515/1919/1445 2630/1910/1560
f 2525/1922/1455 2524/1920/1454 2630/1910/1560 2627/1906/1557
f 2526/1914/1456 2525/1922/1455 2627/1906/1557 2624/1903/1554
f 2633/1923/1563 2636/1926/1566 2637/1925/1567 2634/1924/1564
f 2634/1924/1564 2637/1925/1567 2638/1928/1568 2635/1927/1565
f 2636/1926/1566 2639/1930/1569 2640/1929/1570 2637/1925/1567
f 2637/1925/1567 2640/1929/1570 2641/1931/1571 2638/1928/1568
f 2445/1921/1375 2507/1932/1437 2633/1923/1563 2515/1919/1445
f 2515/1919/1445 2633/1923/1563 2634/1924/1564 2516/1918/1446
f 2516/1918/1446 2634/1924/1564 2635/1927/1565 2517/1917/1447
f 2517/1917/1447 2635/1927/1565 2523/1877/1453 2447/1875/1377
f 2635/1927/1565 2638/1928/1568 2522/1880/1452 2523/1877/1453
f 2638/1928/1568 2641/1931/1571 2521/1882/1451 2522/1880/1452
f 2506/1860/1436 2505/1861/1435 2639/1930/1569 2636/1926/1566
f 2507/1932/1437 2506/1860/1436 2636/1926/1566 2633/1923/1563
f 2642/1933/1572 2645/1936/1575 2646/1935/1576 2643/1934/1573
f 2643/1934/1573 2646/1935/1576 2647/1938/1577 2644/1937/1574
f 2645/1936/1575 2648/1940/1578 2649/1939/1579 2646/1935/1576
f 2646/1935/1576 2649/1939/1579 2650/1941/1580 2647/1938/1577
f 2444/1942/1374 2500/1944/1430 2642/1933/1572 2512/1943/1442
f 2512/1943/1442 2642/1933/1572 2643/1934/1573 2513/1945/1443
f 2513/1945/1443 2643/1934/1573 2644/1937/1574 2514/1946/1444
f 2514/1946/1444 2644/1937/1574 2520/1948/1450 2446/1947/1376
f 2644/1937/1574 2647/1938/1577 2519/1949/1449 2520/1948/1450
f 2647/1938/1577 2650/1941/1580 2518/1950/1448 2519/1949/1449
f 2650/1941/1580 2532/1916/1462 2449/1892/1379 2518/1950/1448
f 2649/1939/1579 2531/1915/1461 2532/1916/1462 2650/1941/1580
f 2648/1940/1578 2530/1913/1460 2531/1915/1461 2649/1939/1579
f 2498/1951/1428 2448/1912/1378 2530/1913/1460 2648/1940/1578
f 2499/1952/1429 2498/1951/1428 2648/1940/1578 2645/1936/1575
f 2500/1944/1430 2499/1952/1429 2645/1936/1575 2642/1933/1572
f 2183/1828/1087 2185/1829/1121 2652/2220/1582 2651/2219/1581
f 2185/1829/1121 2187/1832/988 2653/2221/1583 2652/2220/1582
f 2015/1839/954 2183/1828/1087 2651/2219/1581 2501/2225/1431
f 2501/2225/1431 2651/2219/1581 2500/2224/1430 2444/2226/1374
f 2651/2219/1581 2652/2220/1582 2499/2237/1429 2500/2224/1430
f 2652/2220/1582 2653/2221/1583 2498/2222/1428 2499/2237/1429
f 2653/2221/1583 2533/2217/1463 2448/2218/1378 2498/2222/1428
f 2187/1832/988 2049/1777/988 2533/2217/1463 2653/2221/1583
f 2654/1953/1584 2657/1956/1587 2658/1955/1588 2655/1954/1585
f 2655/1954/1585 2658/1955/1588 2659/1958/1589 2656/1957/1586
f 2657/1956/1587 2660/1960/1590 2661/1959/1591 2658/1955/1588
f 2658/1955/1588 2661/1959/1591 2662/1961/1592 2659/1958/1589
f 2446/1947/1376 2520/1948/1450 2654/1953/1584 2502/1962/1432
f 2502/1962/1432 2654/1953/1584 2655/1954/1585 2503/1963/1433
f 2503/1963/1433 2655/1954/1585 2656/1957/1586 2504/1964/1434
f 2504/1964/1434 2656/1957/1586 2459/1852/1389 2436/1854/1366
f 2656/1957/1586 2659/1958/1589 2458/1851/1388 2459/1852/1389
f 2659/1958/1589 2662/1961/1592 2457/1850/1387 2458/1851/1388
f 2662/1961/1592 2536/1896/1466 2442/1764/1372 2457/1850/1387
f 2661/1959/1591 2535/1895/1465 2536/1896/1466 2662/1961/1592
f 2660/1960/1590 2534/1893/1464 2535/1895/1465 2661/1959/1591
f 2518/1950/1448 2449/1892/1379 2534/1893/1464 2660/1960/1590
f 2519/1949/1449 2518/1950/1448 2660/1960/1590 2657/1956/1587
f 2520/1948/1450 2519/1949/1449 2657/1956/1587 2654/1953/1584
f 2285/1965/1220 2286/1968/1221 2747/2238/1677 2746/2239/1676
f 2286/1968/1221 2287/1970/1222 2748/2240/1678 2747/2238/1677
f 2747/1971/1677 2748/1974/1678 2679/1973/1609 2680/1972/1610
f 2746/2239/1676 2747/2238/1677 2680/2241/1610 2681/2242/1611
f 2688/2243/1618 2746/2239/1676 2681/2242/1611 2663/2244/1593
f 2223/1979/1158 2285/1965/1220 2746/2239/1676 2688/2243/1618
f 2749/1980/1679 2750/1983/1680 2753/1982/1683 2752/1981/1682
f 2750/2203/1680 2751/2206/1681 2754/2205/1684 2753/2204/1683
f 2752/1981/1682 2753/1982/1683 2756/1985/1686 2755/1984/1685
f 2753/2204/1683 2754/2205/1684 2757/2208/1687 2756/2207/1686
f 2665/1986/1595 2697/1988/1627 2749/1980/1679 2685/1987/1615
f 2697/1988/1627 2696/1989/1626 2750/1983/1680 2749/1980/1679
f 2696/1989/1626 2695/1991/1625 2751/1990/1681 2750/1983/1680
f 2756/2207/1686 2757/2208/1687 2682/2210/1612 2683/2209/1613
f 2755/1984/1685 2756/1985/1686 2683/1993/1613 2684/1992/1614
f 2687/1994/1617 2755/1984/1685 2684/1992/1614 2664/1995/1594
f 2686/1996/1616 2752/1981/1682 2755/1984/1685 2687/1994/1617
f 2685/1987/1615 2749/1980/1679 2752/1981/1682 2686/1996/1616
f 2758/1997/1688 2759/2000/1689 2762/1999/1692 2761/1998/1691
f 2759/2000/1689 2760/2002/1690 2763/2001/1693 2762/1999/1692
f 2761/1998/1691 2762/1999/1692 2765/2004/1695 2764/2003/1694
f 2762/1999/1692 2763/2001/1693 2766/2005/1696 2765/2004/1695
f 2668/2006/1598 2706/2008/1636 2758/1997/1688 2711/2007/1641
f 2706/2008/1636 2705/2009/1635 2759/2000/1689 2758/1997/1688
f 2705/2009/1635 2704/2010/1634 2760/2002/1690 2759/2000/1689
f 2704/2010/1634 2665/1986/1595 2685/1987/1615 2760/2002/1690
f 2760/2002/1690 2685/1987/1615 2686/1996/1616 2763/2001/1693
f 2763/2001/1693 2686/1996/1616 2687/1994/1617 2766/2005/1696
f 2766/2005/1696 2687/1994/1617 2664/1995/1594 2701/2011/1631
f 2765/2004/1695 2766/2005/1696 2701/2011/1631 2702/2012/1632
f 2764/2003/1694 2765/2004/1695 2702/2012/1632 2703/2013/1633
f 2713/2014/1643 2764/2003/1694 2703/2013/1633 2667/2015/1597
f 2712/2016/1642 2761/1998/1691 2764/2003/1694 2713/2014/1643
f 2711/2007/1641 2758/1997/1688 2761/1998/1691 2712/2016/1642
f 2309/2017/1244 2310/2020/1245 2768/2245/1698 2767/2246/1697
f 2310/2020/1245 2311/2022/1246 2769/2247/1699 2768/2245/1698
f 2311/2022/1246 2223/1979/1158 2688/2243/1618 2769/2247/1699
f 2769/2247/1699 2688/2243/1618 2663/2244/1593 2698/2248/1628
f 2768/2245/1698 2769/2247/1699 2698/2248/1628 2699/2249/1629
f 2767/2246/1697 2768/2245/1698 2699/2249/1629 2700/2250/1630
f 2710/2251/1640 2767/2246/1697 2700/2250/1630 2666/2252/1596
f 2246/2028/1181 2309/2017/1244 2767/2246/1697 2710/2251/1640
f 2770/2029/1700 2771/2032/1701 2774/2031/1704 2773/2030/1703
f 2771/2032/1701 2772/2034/1702 2775/2033/1705 2774/2031/1704
f 2773/2030/1703 2774/2031/1704 2777/2036/1707 2776/2035/1706
f 2774/2031/1704 2775/2033/1705 2778/2037/1708 2777/2036/1707
f 2666/2038/1596 2700/2040/1630 2770/2029/1700 2707/2039/1637
f 2700/2040/1630 2699/2041/1629 2771/2032/1701 2770/2029/1700
f 2699/2041/1629 2698/2042/1628 2772/2034/1702 2771/2032/1701
f 2698/2042/1628 2663/2044/1593 2689/2043/1619 2772/2034/1702
f 2772/2034/1702 2689/2043/1619 2690/2045/1620 2775/2033/1705
f 2775/2033/1705 2690/2045/1620 2691/2046/1621 2778/2037/1708
f 2778/2037/1708 2691/2046/1621 2665/1986/1595 2704/2010/1634
f 2777/2036/1707 2778/2037/1708 2704/2010/1634 2705/2009/1635
f 2776/2035/1706 2777/2036/1707 2705/2009/1635 2706/2008/1636
f 2709/2047/1639 2776/2035/1706 2706/2008/1636 2668/2006/1598
f 2708/2048/1638 2773/2030/1703 2776/2035/1706 2709/2047/1639
f 2707/2039/1637 2770/2029/1700 2773/2030/1703 2708/2048/1638
f 2779/2049/1709 2780/2052/1710 2783/2051/1713 2782/2050/1712
f 2780/2052/1710 2781/2054/1711 2784/2053/1714 2783/2051/1713
f 2782/2050/1712 2783/2051/1713 2786/2056/1716 2785/2055/1715
f 2783/2051/1713 2784/2053/1714 2787/2057/1717 2786/2056/1716
f 2663/2044/1593 2681/2058/1611 2779/2049/1709 2689/2043/1619
f 2681/2058/1611 2680/1972/1610 2780/2052/1710 2779/2049/1709
f 2680/1972/1610 2679/1973/1609 2781/2054/1711 2780/2052/1710
f 2786/2056/1716 2787/2057/1717 2695/1991/1625 2696/1989/1626
f 2785/2055/1715 2786/2056/1716 2696/1989/1626 2697/1988/1627
f 2691/2046/1621 2785/2055/1715 2697/1988/1627 2665/1986/1595
f 2690/2045/1620 2782/2050/1712 2785/2055/1715 2691/2046/1621
f 2689/2043/1619 2779/2049/1709 2782/2050/1712 2690/2045/1620
f 2788/2059/1718 2789/2062/1719 2792/2061/1722 2791/2060/1721
f 2789/2062/1719 2790/2064/1720 2793/2063/1723 2792/2061/1722
f 2791/2060/1721 2792/2061/1722 2795/2066/1725 2794/2065/1724
f 2792/2061/1722 2793/2063/1723 2796/2067/1726 2795/2066/1725
f 2435/1817/1365 2675/2068/1605 2788/2059/1718 2470/1819/1400
f 2675/2068/1605 2674/2069/1604 2789/2062/1719 2788/2059/1718
f 2674/2069/1604 2673/2070/1603 2790/2064/1720 2789/2062/1719
f 2673/2070/1603 2666/2038/1596 2707/2039/1637 2790/2064/1720
f 2790/2064/1720 2707/2039/1637 2708/2048/1638 2793/2063/1723
f 2793/2063/1723 2708/2048/1638 2709/2047/1639 2796/2067/1726
f 2796/2067/1726 2709/2047/1639 2668/2006/1598 2692/2071/1622
f 2795/2066/1725 2796/2067/1726 2692/2071/1622 2693/2072/1623
f 2794/2065/1724 2795/2066/1725 2693/2072/1623 2694/2073/1624
f 2472/1825/1402 2794/2065/1724 2694/2073/1624 2439/1826/1369
f 2471/1827/1401 2791/2060/1721 2794/2065/1724 2472/1825/1402
f 2470/1819/1400 2788/2059/1718 2791/2060/1721 2471/1827/1401
f 2342/2074/1244 2343/2077/1277 2798/2253/1728 2797/2254/1727
f 2343/2077/1277 2344/2079/1181 2799/2255/1729 2798/2253/1728
f 2344/2079/1181 2246/2028/1181 2710/2251/1640 2799/2255/1729
f 2799/2255/1729 2710/2251/1640 2666/2252/1596 2673/2256/1603
f 2798/2253/1728 2799/2255/1729 2673/2256/1603 2674/2257/1604
f 2797/2254/1727 2798/2253/1728 2674/2257/1604 2675/2258/1605
f 2453/2225/1383 2797/2254/1727 2675/2258/1605 2435/2226/1365
f 1964/1839/903 2342/2074/1244 2797/2254/1727 2453/2225/1383
f 2800/2083/1730 2801/2086/1731 2804/2085/1734 2803/2084/1733
f 2801/2086/1731 2802/2088/1732 2805/2087/1735 2804/2085/1734
f 2803/2084/1733 2804/2085/1734 2807/2090/1737 2806/2089/1736
f 2804/2085/1734 2805/2087/1735 2808/2091/1738 2807/2090/1737
f 2439/1826/1369 2694/2073/1624 2800/2083/1730 2454/1849/1384
f 2694/2073/1624 2693/2072/1623 2801/2086/1731 2800/2083/1730
f 2693/2072/1623 2692/2071/1622 2802/2088/1732 2801/2086/1731
f 2692/2071/1622 2668/2006/1598 2711/2007/1641 2802/2088/1732
f 2802/2088/1732 2711/2007/1641 2712/2016/1642 2805/2087/1735
f 2805/2087/1735 2712/2016/1642 2713/2014/1643 2808/2091/1738
f 2808/2091/1738 2713/2014/1643 2667/2015/1597 2676/2092/1606
f 2807/2090/1737 2808/2091/1738 2676/2092/1606 2677/2093/1607
f 2806/2089/1736 2807/2090/1737 2677/2093/1607 2678/2094/1608
f 2456/1853/1386 2806/2089/1736 2678/2094/1608 2436/1854/1366
f 2455/1855/1385 2803/2084/1733 2806/2089/1736 2456/1853/1386
f 2454/1849/1384 2800/2083/1730 2803/2084/1733 2455/1855/1385
f 2357/1965/1290 2809/2259/1739 2810/2238/1740 2359/1968/1292
f 2359/1968/1292 2810/2238/1740 2811/2240/1741 2361/1970/1294
f 2260/1979/1195 2723/2260/1653 2809/2259/1739 2357/1965/1290
f 2723/2260/1653 2669/2244/1599 2719/2261/1649 2809/2259/1739
f 2809/2259/1739 2719/2261/1649 2718/2262/1648 2810/2238/1740
f 2810/2099/1740 2718/2102/1648 2717/2101/1647 2811/2100/1741
f 2812/2103/1742 2813/2106/1743 2816/2105/1746 2815/2104/1745
f 2813/2106/1743 2814/2108/1744 2817/2107/1747 2816/2105/1746
f 2815/2228/1745 2816/2231/1746 2819/2230/1749 2818/2229/1748
f 2816/2231/1746 2817/2233/1747 2820/2232/1750 2819/2230/1749
f 2670/2109/1600 2720/2111/1650 2812/2103/1742 2732/2110/1662
f 2720/2111/1650 2721/2112/1651 2813/2106/1743 2812/2103/1742
f 2721/2112/1651 2722/2113/1652 2814/2108/1744 2813/2106/1743
f 2722/2113/1652 2664/1995/1594 2684/1992/1614 2814/2108/1744
f 2814/2108/1744 2684/1992/1614 2683/1993/1613 2817/2107/1747
f 2817/2233/1747 2683/2209/1613 2682/2210/1612 2820/2232/1750
f 2731/2114/1661 2815/2104/1745 2818/2116/1748 2730/2115/1660
f 2732/2110/1662 2812/2103/1742 2815/2104/1745 2731/2114/1661
f 2821/2117/1751 2822/2120/1752 2825/2119/1755 2824/2118/1754
f 2822/2120/1752 2823/2122/1753 2826/2121/1756 2825/2119/1755
f 2824/2118/1754 2825/2119/1755 2828/2124/1758 2827/2123/1757
f 2825/2119/1755 2826/2121/1756 2829/2125/1759 2828/2124/1758
f 2672/2126/1602 2743/2128/1673 2821/2117/1751 2738/2127/1668
f 2743/2128/1673 2744/2129/1674 2822/2120/1752 2821/2117/1751
f 2744/2129/1674 2745/2130/1675 2823/2122/1753 2822/2120/1752
f 2745/2130/1675 2667/2015/1597 2703/2013/1633 2823/2122/1753
f 2823/2122/1753 2703/2013/1633 2702/2012/1632 2826/2121/1756
f 2826/2121/1756 2702/2012/1632 2701/2011/1631 2829/2125/1759
f 2829/2125/1759 2701/2011/1631 2664/1995/1594 2722/2113/1652
f 2828/2124/1758 2829/2125/1759 2722/2113/1652 2721/2112/1651
f 2827/2123/1757 2828/2124/1758 2721/2112/1651 2720/2111/1650
f 2736/2131/1666 2827/2123/1757 2720/2111/1650 2670/2109/1600
f 2737/2132/1667 2824/2118/1754 2827/2123/1757 2736/2131/1666
f 2738/2127/1668 2821/2117/1751 2824/2118/1754 2737/2132/1667
f 2381/2017/1314 2830/2246/1760 2831/2245/1761 2383/2133/1316
f 2383/2133/1316 2831/2245/1761 2832/2247/1762 2385/2022/1318
f 2280/2028/1215 2742/2251/1672 2830/2246/1760 2381/2017/1314
f 2742/2251/1672 2671/2252/1601 2735/2263/1665 2830/2246/1760
f 2830/2246/1760 2735/2263/1665 2734/2264/1664 2831/2245/1761
f 2831/2245/1761 2734/2264/1664 2733/2265/1663 2832/2247/1762
f 2832/2247/1762 2733/2265/1663 2669/2244/1599 2723/2260/1653
f 2385/2022/1318 2832/2247/1762 2723/2260/1653 2260/1979/1195
f 2833/2137/1763 2834/2140/1764 2837/2139/1767 2836/2138/1766
f 2834/2140/1764 2835/2142/1765 2838/2141/1768 2837/2139/1767
f 2836/2138/1766 2837/2139/1767 2840/2144/1770 2839/2143/1769
f 2837/2139/1767 2838/2141/1768 2841/2145/1771 2840/2144/1770
f 2671/2146/1601 2739/2148/1669 2833/2137/1763 2735/2147/1665
f 2739/2148/1669 2740/2149/1670 2834/2140/1764 2833/2137/1763
f 2740/2149/1670 2741/2150/1671 2835/2142/1765 2834/2140/1764
f 2741/2150/1671 2672/2126/1602 2738/2127/1668 2835/2142/1765
f 2835/2142/1765 2738/2127/1668 2737/2132/1667 2838/2141/1768
f 2838/2141/1768 2737/2132/1667 2736/2131/1666 2841/2145/1771
f 2841/2145/1771 2736/2131/1666 2670/2109/1600 2726/2151/1656
f 2840/2144/1770 2841/2145/1771 2726/2151/1656 2725/2152/1655
f 2839/2143/1769 2840/2144/1770 2725/2152/1655 2724/2153/1654
f 2733/2154/1663 2839/2143/1769 2724/2153/1654 2669/2155/1599
f 2734/2156/1664 2836/2138/1766 2839/2143/1769 2733/2154/1663
f 2735/2147/1665 2833/2137/1763 2836/2138/1766 2734/2156/1664
f 2842/2157/1772 2843/2160/1773 2846/2159/1776 2845/2158/1775
f 2843/2160/1773 2844/2162/1774 2847/2161/1777 2846/2159/1776
f 2845/2158/1775 2846/2159/1776 2849/2164/1779 2848/2163/1778
f 2846/2159/1776 2847/2161/1777 2850/2165/1780 2849/2164/1779
f 2669/2155/1599 2724/2153/1654 2842/2157/1772 2719/2166/1649
f 2724/2153/1654 2725/2152/1655 2843/2160/1773 2842/2157/1772
f 2725/2152/1655 2726/2151/1656 2844/2162/1774 2843/2160/1773
f 2726/2151/1656 2670/2109/1600 2732/2110/1662 2844/2162/1774
f 2844/2162/1774 2732/2110/1662 2731/2114/1661 2847/2161/1777
f 2847/2161/1777 2731/2114/1661 2730/2115/1660 2850/2165/1780
f 2718/2102/1648 2845/2158/1775 2848/2163/1778 2717/2101/1647
f 2719/2166/1649 2842/2157/1772 2845/2158/1775 2718/2102/1648
f 2851/2167/1781 2852/2170/1782 2855/2169/1785 2854/2168/1784
f 2852/2170/1782 2853/2172/1783 2856/2171/1786 2855/2169/1785
f 2854/2168/1784 2855/2169/1785 2858/2174/1788 2857/2173/1787
f 2855/2169/1785 2856/2171/1786 2859/2175/1789 2858/2174/1788
f 2444/1942/1374 2512/1943/1442 2851/2167/1781 2716/2176/1646
f 2512/1943/1442 2513/1945/1443 2852/2170/1782 2851/2167/1781
f 2513/1945/1443 2514/1946/1444 2853/2172/1783 2852/2170/1782
f 2514/1946/1444 2446/1947/1376 2729/2177/1659 2853/2172/1783
f 2853/2172/1783 2729/2177/1659 2728/2178/1658 2856/2171/1786
f 2856/2171/1786 2728/2178/1658 2727/2179/1657 2859/2175/1789
f 2859/2175/1789 2727/2179/1657 2672/2126/1602 2741/2150/1671
f 2858/2174/1788 2859/2175/1789 2741/2150/1671 2740/2149/1670
f 2857/2173/1787 2858/2174/1788 2740/2149/1670 2739/2148/1669
f 2714/2180/1644 2857/2173/1787 2739/2148/1669 2671/2146/1601
f 2715/2181/1645 2854/2168/1784 2857/2173/1787 2714/2180/1644
f 2716/2176/1646 2851/2167/1781 2854/2168/1784 2715/2181/1645
f 2414/2182/1314 2860/2266/1790 2861/2253/1791 2416/2183/1348
f 2416/2183/1348 2861/2253/1791 2862/2255/1792 2418/2185/1215
f 2015/1839/954 2501/2225/1431 2860/2266/1790 2414/2182/1314
f 2501/2225/1431 2444/2226/1374 2716/2258/1646 2860/2266/1790
f 2860/2266/1790 2716/2258/1646 2715/2267/1645 2861/2253/1791
f 2861/2253/1791 2715/2267/1645 2714/2256/1644 2862/2255/1792
f 2862/2255/1792 2714/2256/1644 2671/2252/1601 2742/2251/1672
f 2418/2185/1215 2862/2255/1792 2742/2251/1672 2280/2028/1215
f 2863/2186/1793 2864/2189/1794 2867/2188/1797 2866/2187/1796
f 2864/2189/1794 2865/2191/1795 2868/2190/1798 2867/2188/1797
f 2866/2187/1796 2867/2188/1797 2870/2193/1800 2869/2192/1799
f 2867/2188/1797 2868/2190/1798 2871/2194/1801 2870/2193/1800
f 2446/1947/1376 2502/1962/1432 2863/2186/1793 2729/2177/1659
f 2502/1962/1432 2503/1963/1433 2864/2189/1794 2863/2186/1793
f 2503/1963/1433 2504/1964/1434 2865/2191/1795 2864/2189/1794
f 2504/1964/1434 2436/1854/1366 2678/2094/1608 2865/2191/1795
f 2865/2191/1795 2678/2094/1608 2677/2093/1607 2868/2190/1798
f 2868/2190/1798 2677/2093/1607 2676/2092/1606 2871/2194/1801
f 2871/2194/1801 2676/2092/1606 2667/2015/1597 2745/2130/1675
f 2870/2193/1800 2871/2194/1801 2745/2130/1675 2744/2129/1674
f 2869/2192/1799 2870/2193/1800 2744/2129/1674 2743/2128/1673
f 2727/2179/1657 2869/2192/1799 2743/2128/1673 2672/2126/1602
f 2728/2178/1658 2866/2187/1796 2869/2192/1799 2727/2179/1657
f 2729/2177/1659 2863/2186/1793 2866/2187/1796 2728/2178/1658
f 2055/1707/994 2056/1710/995 2874/1711/1803 2873/1708/1803
f 2126/1856/1063 2875/1857/1804 2876/1708/1805 2128/1707/1065
f 2128/1707/1065 2876/1708/1805 2877/1711/1806 2130/1710/1067
f 2026/1720/965 2872/1718/1802 2875/1857/1804 2126/1856/1063
o Cube.002
v -0.996162 2.672796 -0.010950
v 0.003838 2.672392 -0.010878
v 0.003838 2.672392 0.005296
v -0.996162 2.672796 0.005368
v -0.745205 2.672392 0.005296
v -0.745205 2.672392 -0.010878
v -0.975090 2.678153 -0.006702
v 0.003838 2.678153 0.003075
v -0.745205 2.678153 0.003075
v -0.745205 2.678153 -0.008657
v 0.003838 2.678153 -0.008657
v -0.975090 2.678153 0.001120
v -0.996162 2.683947 -0.010950
v 0.003838 2.684450 0.005296
v -0.745205 2.684450 0.005296
v -0.745205 2.684450 -0.010878
v 0.003838 2.684450 -0.010878
v -0.996162 2.683947 0.005368
v -0.996162 2.714010 -0.010950
v 0.003838 2.713488 0.005296
v -0.745205 2.713488 0.005296
v -0.745205 2.713488 -0.010878
v 0.003838 2.713488 -0.010878
v -0.996162 2.714010 0.005368
v -0.975090 2.719565 -0.006702
v 0.003838 2.719565 0.003075
v -0.745205 2.719565 0.003075
v -0.745205 2.719565 -0.008657
v 0.003838 2.719565 -0.008657
v -0.975090 2.719565 0.001120
v -0.996162 2.727299 -0.010950
v 0.003838 2.727932 0.005296
v -0.745205 2.727932 0.005296
v -0.745205 2.727932 -0.010878
v 0.003838 2.727932 -0.010878
v -0.996162 2.727299 0.005368
v 1.003838 2.765936 0.005368
v 1.003838 2.765936 -0.010950
v 1.003837 2.672796 -0.010950
v 1.003837 2.672796 0.005368
v 0.752880 2.672392 0.005296
v 0.752880 2.672392 -0.010878
v 0.982765 2.678153 -0.006702
v 0.752880 2.678153 0.003075
v 0.752880 2.678153 -0.008657
v 0.982765 2.678153 0.001120
v 1.003837 2.683947 -0.010950
v 0.752880 2.684450 0.005296
v 0.752880 2.684450 -0.010878
v 1.003837 2.683947 0.005368
v 1.003837 2.714010 -0.010950
v 0.752880 2.713488 0.005296
v 0.752880 2.713488 -0.010878
v 1.003837 2.714010 0.005368
v 0.982765 2.719565 -0.006702
v 0.752880 2.719565 0.003075
v 0.752880 2.719565 -0.008657
v 0.982765 2.719565 0.001120
v 1.003837 2.727299 -0.010950
v 0.752880 2.727932 0.005296
v 0.752880 2.727932 -0.010878
v 1.003837 2.727299 0.005368
v -0.996162 2.736959 -0.010950
v -0.996162 2.746618 -0.010950
v -0.996162 2.756277 -0.010950
v 0.003838 2.666632 -0.010950
v 0.003838 2.660469 -0.010950
v 0.003838 2.654305 -0.010950
v 0.003838 2.736959 0.005368
v -0.996162 2.666633 0.005368
v -0.996162 2.660469 0.005368
v -0.996162 2.654305 0.005368
v -0.745205 2.736959 0.005368
v -0.745205 2.746618 0.005368
v -0.745205 2.736959 -0.010950
v -0.745205 2.746618 -0.010950
v -0.996162 2.654305 -0.010950
v -0.996162 2.660469 -0.010950
v -0.996162 2.666633 -0.010950
v 0.003838 2.676778 -0.008854
v 0.003838 2.675434 -0.009374
v 0.003838 2.674109 -0.010108
v 0.003838 2.654305 0.005368
v 0.003838 2.660469 0.005368
v 0.003838 2.666632 0.005368
v -0.975309 2.676778 0.001279
v -0.976846 2.675434 0.001824
v -0.981455 2.674109 0.002909
v -0.745205 2.654305 0.005368
v -0.745205 2.660469 0.005368
v -0.745205 2.666632 0.005368
v -0.745205 2.654305 -0.010950
v -0.745205 2.660469 -0.010950
v -0.745205 2.666632 -0.010950
v -0.598803 2.672392 -0.010878
v -0.417379 2.672392 -0.010878
v -0.212608 2.672392 -0.010878
v -0.848789 2.672392 0.005295
v -0.917269 2.672392 0.005285
v -0.962182 2.672392 0.005252
v -0.995723 2.672392 0.001209
v -0.995943 2.672392 -0.002791
v -0.995723 2.672392 -0.006791
v -0.212608 2.672392 0.005296
v -0.417379 2.672392 0.005296
v -0.598803 2.672392 0.005296
v -0.962182 2.672392 -0.010834
v -0.917269 2.672392 -0.010867
v -0.848789 2.672392 -0.010877
v -0.981455 2.674109 -0.008491
v -0.976846 2.675434 -0.007406
v -0.975309 2.676778 -0.006861
v 0.003838 2.674109 0.004526
v 0.003838 2.675434 0.003792
v 0.003838 2.676778 0.003272
v -0.745205 2.674109 0.004526
v -0.745205 2.675434 0.003792
v -0.745205 2.676778 0.003272
v -0.745205 2.674109 -0.010108
v -0.745205 2.675434 -0.009374
v -0.745205 2.676778 -0.008854
v 0.003838 2.682473 -0.010108
v 0.003838 2.681009 -0.009374
v 0.003838 2.679565 -0.008854
v -0.981456 2.682473 0.002909
v -0.976846 2.681009 0.001824
v -0.975309 2.679565 0.001279
v -0.598803 2.678153 -0.008657
v -0.417379 2.678153 -0.008657
v -0.212608 2.678153 -0.008657
v -0.848473 2.678153 0.003045
v -0.914745 2.678153 0.002831
v -0.953718 2.678153 0.002250
v -0.986943 2.678153 -0.000652
v -0.990894 2.678153 -0.002791
v -0.986943 2.678153 -0.004930
v -0.212608 2.678153 0.003075
v -0.417379 2.678153 0.003075
v -0.598803 2.678153 0.003075
v -0.953717 2.678153 -0.007832
v -0.914745 2.678153 -0.008413
v -0.848473 2.678153 -0.008627
v -0.975309 2.679565 -0.006861
v -0.976846 2.681009 -0.007406
v -0.981455 2.682473 -0.008491
v 0.003838 2.679565 0.003272
v 0.003838 2.681009 0.003792
v 0.003838 2.682473 0.004526
v -0.745205 2.679565 0.003272
v -0.745205 2.681009 0.003792
v -0.745205 2.682473 0.004526
v -0.745205 2.679565 -0.008854
v -0.745205 2.681009 -0.009374
v -0.745205 2.682473 -0.010108
v 0.003838 2.706494 -0.010950
v 0.003838 2.698978 -0.010950
v 0.003838 2.691462 -0.010950
v -0.996162 2.706494 0.005368
v -0.996162 2.698978 0.005368
v -0.996162 2.691463 0.005368
v -0.598803 2.684450 -0.010878
v -0.417379 2.684450 -0.010878
v -0.212608 2.684450 -0.010878
v -0.848789 2.684450 0.005295
v -0.917269 2.684450 0.005285
v -0.962182 2.684450 0.005252
v -0.995723 2.684450 0.001209
v -0.995943 2.684450 -0.002791
v -0.995723 2.684450 -0.006791
v -0.212608 2.684450 0.005296
v -0.417379 2.684450 0.005296
v -0.598803 2.684450 0.005296
v -0.962182 2.684450 -0.010834
v -0.917269 2.684450 -0.010867
v -0.848789 2.684450 -0.010877
v -0.996162 2.691463 -0.010950
v -0.996162 2.698978 -0.010950
v -0.996162 2.706494 -0.010950
v 0.003838 2.691462 0.005368
v 0.003838 2.698978 0.005368
v 0.003838 2.706494 0.005368
v -0.745205 2.691462 0.005368
v -0.745205 2.698978 0.005368
v -0.745205 2.706494 0.005368
v -0.745205 2.691462 -0.010950
v -0.745205 2.698978 -0.010950
v -0.745205 2.706494 -0.010950
v 0.003838 2.717997 -0.008854
v 0.003838 2.716583 -0.009374
v 0.003838 2.715271 -0.010108
v -0.975309 2.717998 0.001279
v -0.976846 2.716583 0.001824
v -0.981455 2.715271 0.002909
v -0.598803 2.713488 -0.010878
v -0.417379 2.713488 -0.010878
v -0.212608 2.713488 -0.010878
v -0.848789 2.713488 0.005295
v -0.917269 2.713488 0.005285
v -0.962182 2.713488 0.005252
v -0.995723 2.713488 0.001209
v -0.995943 2.713488 -0.002791
v -0.995723 2.713488 -0.006791
v -0.212608 2.713488 0.005296
v -0.417379 2.713488 0.005296
v -0.598803 2.713488 0.005296
v -0.962182 2.713488 -0.010834
v -0.917269 2.713488 -0.010867
v -0.848789 2.713488 -0.010877
v -0.981455 2.715271 -0.008491
v -0.976846 2.716583 -0.007406
v -0.975309 2.717997 -0.006861
v 0.003838 2.715271 0.004526
v 0.003838 2.716583 0.003792
v 0.003838 2.717997 0.003272
v -0.745205 2.715271 0.004526
v -0.745205 2.716583 0.003792
v -0.745205 2.717997 0.003272
v -0.745205 2.715271 -0.010108
v -0.745205 2.716583 -0.009374
v -0.745205 2.717997 -0.008854
v 0.003838 2.725238 -0.010108
v 0.003838 2.723228 -0.009374
v 0.003838 2.721320 -0.008854
v -0.981456 2.725238 0.002909
v -0.976846 2.723228 0.001824
v -0.975309 2.721320 0.001279
v -0.598803 2.719565 -0.008657
v -0.417379 2.719565 -0.008657
v -0.212608 2.719565 -0.008657
v -0.848473 2.719565 0.003045
v -0.914745 2.719565 0.002831
v -0.953718 2.719565 0.002250
v -0.986943 2.719565 -0.000652
v -0.990894 2.719565 -0.002791
v -0.986943 2.719565 -0.004930
v -0.212608 2.719565 0.003075
v -0.417379 2.719565 0.003075
v -0.598803 2.719565 0.003075
v -0.953717 2.719565 -0.007832
v -0.914745 2.719565 -0.008413
v -0.848473 2.719565 -0.008627
v -0.975309 2.721320 -0.006861
v -0.976846 2.723228 -0.007406
v -0.981455 2.725238 -0.008491
v 0.003838 2.721320 0.003272
v 0.003838 2.723228 0.003792
v 0.003838 2.725238 0.004526
v -0.745205 2.721320 0.003272
v -0.745205 2.723228 0.003792
v -0.745205 2.725238 0.004526
v -0.745205 2.721320 -0.008854
v -0.745205 2.723228 -0.009374
v -0.745205 2.725238 -0.010108
v 0.003838 2.736959 -0.010950
v -0.996162 2.756277 0.005368
v -0.996162 2.746618 0.005368
v -0.996162 2.736959 0.005368
v -0.598803 2.727932 -0.010878
v -0.417379 2.727932 -0.010878
v -0.212608 2.727932 -0.010878
v -0.848789 2.727932 0.005295
v -0.917269 2.727932 0.005285
v -0.962182 2.727932 0.005252
v -0.995723 2.727932 0.001209
v -0.995943 2.727932 -0.002791
v -0.995723 2.727932 -0.006791
v -0.212608 2.727932 0.005296
v -0.417379 2.727932 0.005296
v -0.598803 2.727932 0.005296
v -0.962182 2.727932 -0.010834
v -0.917269 2.727932 -0.010867
v -0.848789 2.727932 -0.010877
v 1.003838 2.765936 0.001288
v 1.003838 2.765936 -0.002791
v 1.003838 2.765936 -0.006871
v 1.003838 2.736959 -0.010950
v 1.003838 2.746618 -0.010950
v 1.003838 2.756277 -0.010950
v 1.003838 2.666633 0.005368
v 1.003838 2.660469 0.005368
v 1.003838 2.654305 0.005368
v 0.752880 2.736959 0.005368
v 0.752880 2.746618 0.005368
v 0.752880 2.756277 0.005368
v 0.752880 2.736959 -0.010950
v 0.752880 2.746618 -0.010950
v 0.752880 2.756277 -0.010950
v 1.003838 2.654305 -0.010950
v 1.003838 2.660469 -0.010950
v 1.003838 2.666633 -0.010950
v 0.982984 2.676778 0.001279
v 0.984521 2.675434 0.001824
v 0.989131 2.674109 0.002909
v 0.752880 2.654305 0.005368
v 0.752880 2.660469 0.005368
v 0.752880 2.666632 0.005368
v 0.752880 2.654305 -0.010950
v 0.752880 2.660469 -0.010950
v 0.752880 2.666632 -0.010950
v 0.606478 2.672392 -0.010878
v 0.425054 2.672392 -0.010878
v 0.220283 2.672392 -0.010878
v 0.856464 2.672392 0.005295
v 0.924944 2.672392 0.005285
v 0.969858 2.672392 0.005252
v 1.003399 2.672392 0.001209
v 1.003618 2.672392 -0.002791
v 1.003399 2.672392 -0.006791
v 0.220283 2.672392 0.005296
v 0.425054 2.672392 0.005296
v 0.606478 2.672392 0.005296
v 0.969858 2.672392 -0.010834
v 0.924945 2.672392 -0.010867
v 0.856464 2.672392 -0.010877
v 0.989131 2.674109 -0.008491
v 0.984521 2.675433 -0.007406
v 0.982984 2.676778 -0.006861
v 0.752880 2.674110 0.004526
v 0.752880 2.675433 0.003792
v 0.752880 2.676778 0.003272
v 0.752880 2.674110 -0.010108
v 0.752880 2.675433 -0.009374
v 0.752880 2.676778 -0.008854
v 0.989131 2.682473 0.002909
v 0.984521 2.681009 0.001824
v 0.982984 2.679565 0.001279
v 0.606478 2.678153 -0.008657
v 0.425054 2.678153 -0.008657
v 0.220283 2.678153 -0.008657
v 0.856148 2.678153 0.003045
v 0.922420 2.678153 0.002831
v 0.961393 2.678153 0.002250
v 0.994618 2.678153 -0.000652
v 0.998569 2.678153 -0.002791
v 0.994618 2.678153 -0.004930
v 0.220283 2.678153 0.003075
v 0.425054 2.678153 0.003075
v 0.606478 2.678153 0.003075
v 0.961393 2.678153 -0.007832
v 0.922420 2.678153 -0.008413
v 0.856148 2.678153 -0.008627
v 0.982984 2.679565 -0.006861
v 0.984521 2.681009 -0.007406
v 0.989131 2.682473 -0.008491
v 0.752880 2.679565 0.003272
v 0.752880 2.681009 0.003792
v 0.752880 2.682473 0.004526
v 0.752880 2.679565 -0.008854
v 0.752880 2.681009 -0.009374
v 0.752880 2.682473 -0.010108
v 1.003838 2.706494 0.005368
v 1.003838 2.698978 0.005368
v 1.003838 2.691463 0.005368
v 0.606478 2.684450 -0.010878
v 0.425054 2.684450 -0.010878
v 0.220283 2.684450 -0.010878
v 0.856464 2.684450 0.005295
v 0.924944 2.684450 0.005285
v 0.969858 2.684450 0.005252
v 1.003399 2.684450 0.001209
v 1.003618 2.684450 -0.002791
v 1.003399 2.684450 -0.006791
v 0.220283 2.684450 0.005296
v 0.425054 2.684450 0.005296
v 0.606478 2.684450 0.005296
v 0.969858 2.684450 -0.010834
v 0.924944 2.684450 -0.010867
v 0.856464 2.684450 -0.010877
v 1.003838 2.691463 -0.010950
v 1.003838 2.698978 -0.010950
v 1.003838 2.706494 -0.010950
v 0.752880 2.691462 0.005368
v 0.752880 2.698978 0.005368
v 0.752880 2.706494 0.005368
v 0.752880 2.691462 -0.010950
v 0.752880 2.698978 -0.010950
v 0.752880 2.706494 -0.010950
v 0.982984 2.717998 0.001279
v 0.984521 2.716583 0.001824
v 0.989131 2.715271 0.002909
v 0.606478 2.713488 -0.010878
v 0.425054 2.713488 -0.010878
v 0.220283 2.713488 -0.010878
v 0.856464 2.713488 0.005295
v 0.924944 2.713488 0.005285
v 0.969858 2.713488 0.005252
v 1.003399 2.713488 0.001209
v 1.003618 2.713488 -0.002791
v 1.003399 2.713488 -0.006791
v 0.220283 2.713488 0.005296
v 0.425054 2.713488 0.005296
v 0.606478 2.713488 0.005296
v 0.969858 2.713488 -0.010834
v 0.924945 2.713488 -0.010867
v 0.856464 2.713488 -0.010877
v 0.989131 2.715271 -0.008491
v 0.984521 2.716583 -0.007406
v 0.982984 2.717998 -0.006861
v 0.752880 2.715271 0.004526
v 0.752880 2.716583 0.003792
v 0.752880 2.717998 0.003272
v 0.752880 2.715271 -0.010108
v 0.752880 2.716583 -0.009374
v 0.752880 2.717998 -0.008854
v 0.989131 2.725238 0.002909
v 0.984521 2.723228 0.001824
v 0.982984 2.721320 0.001279
v 0.606478 2.719565 -0.008657
v 0.425054 2.719565 -0.008657
v 0.220283 2.719565 -0.008657
v 0.856148 2.719565 0.003045
v 0.922420 2.719565 0.002831
v 0.961393 2.719565 0.002250
v 0.994618 2.719565 -0.000652
v 0.998569 2.719565 -0.002791
v 0.994618 2.719565 -0.004930
v 0.220283 2.719565 0.003075
v 0.425054 2.719565 0.003075
v 0.606478 2.719565 0.003075
v 0.961393 2.719565 -0.007832
v 0.922420 2.719565 -0.008413
v 0.856148 2.719565 -0.008627
v 0.982984 2.721320 -0.006861
v 0.984521 2.723228 -0.007406
v 0.989131 2.725238 -0.008491
v 0.752880 2.721320 0.003272
v 0.752880 2.723228 0.003792
v 0.752880 2.725238 0.004526
v 0.752880 2.721320 -0.008854
v 0.752880 2.723228 -0.009374
v 0.752880 2.725238 -0.010108
v 1.003838 2.756277 0.005368
v 1.003838 2.746618 0.005368
v 1.003838 2.736959 0.005368
v 0.606478 2.727932 -0.010878
v 0.425054 2.727932 -0.010878
v 0.220283 2.727932 -0.010878
v 0.856464 2.727932 0.005295
v 0.924944 2.727932 0.005285
v 0.969858 2.727932 0.005252
v 1.003399 2.727932 0.001209
v 1.003618 2.727932 -0.002791
v 1.003399 2.727932 -0.006791
v 0.220283 2.727932 0.005296
v 0.425054 2.727932 0.005296
v 0.606478 2.727932 0.005296
v 0.969858 2.727932 -0.010834
v 0.924944 2.727932 -0.010867
v 0.856464 2.727932 -0.010877
v -0.848803 2.736959 -0.010950
v -0.917379 2.736959 -0.010950
v -0.962608 2.736959 -0.010950
v -0.917379 2.746618 -0.010950
v -0.598803 2.736959 0.005368
v -0.417379 2.736959 0.005368
v -0.212608 2.736959 0.005368
v -0.212608 2.746618 0.005368
v -0.212608 2.756277 0.005368
v -0.996162 2.736959 -0.006871
v -0.996162 2.736959 -0.002791
v -0.996162 2.736959 0.001288
v -0.996162 2.746618 -0.006871
v -0.996162 2.746618 -0.002791
v -0.996162 2.746618 0.001288
v -0.996162 2.756277 -0.006871
v -0.996162 2.756277 -0.002791
v -0.996162 2.756277 0.001288
v -0.962608 2.736959 0.005368
v -0.917379 2.736959 0.005368
v -0.848803 2.736959 0.005368
v -0.917379 2.746618 0.005368
v -0.212608 2.736959 -0.010950
v -0.417379 2.736959 -0.010950
v -0.598803 2.736959 -0.010950
v -0.212608 2.746618 -0.010950
v -0.212608 2.756277 -0.010950
v -0.212608 2.654305 -0.010950
v -0.417379 2.654305 -0.010950
v -0.598803 2.654305 -0.010950
v -0.212608 2.660469 -0.010950
v -0.417379 2.660469 -0.010950
v -0.598803 2.660469 -0.010950
v -0.212608 2.666632 -0.010950
v -0.417379 2.666632 -0.010950
v -0.598803 2.666632 -0.010950
v -0.962608 2.654305 0.005368
v -0.917379 2.654305 0.005368
v -0.848803 2.654305 0.005368
v -0.962608 2.660469 0.005368
v -0.917379 2.660469 0.005368
v -0.848803 2.660469 0.005368
v -0.962608 2.666632 0.005368
v -0.917379 2.666632 0.005368
v -0.848803 2.666632 0.005368
v -0.996162 2.654305 -0.006871
v -0.996162 2.654305 -0.002791
v -0.996162 2.654305 0.001288
v -0.996162 2.660469 -0.006871
v -0.996162 2.660469 -0.002791
v -0.996162 2.660469 0.001288
v -0.996162 2.666632 -0.006871
v -0.996162 2.666632 -0.002791
v -0.996162 2.666632 0.001288
v -0.598803 2.654305 0.005368
v -0.417379 2.654305 0.005368
v -0.212608 2.654305 0.005368
v -0.598803 2.660469 0.005368
v -0.417379 2.660469 0.005368
v -0.212608 2.660469 0.005368
v -0.598803 2.666632 0.005368
v -0.417379 2.666632 0.005368
v -0.212608 2.666632 0.005368
v -0.848803 2.654305 -0.010950
v -0.917379 2.654305 -0.010950
v -0.962608 2.654305 -0.010950
v -0.848803 2.660469 -0.010950
v -0.917379 2.660469 -0.010950
v -0.962608 2.660469 -0.010950
v -0.848803 2.666632 -0.010950
v -0.917379 2.666632 -0.010950
v -0.962608 2.666632 -0.010950
v -0.212608 2.674109 -0.010108
v -0.417379 2.674109 -0.010108
v -0.598803 2.674109 -0.010108
v -0.212608 2.675434 -0.009374
v -0.417379 2.675434 -0.009374
v -0.598803 2.675433 -0.009374
v -0.212608 2.676778 -0.008854
v -0.417379 2.676778 -0.008854
v -0.598803 2.676778 -0.008854
v -0.957881 2.674109 0.004034
v -0.916117 2.674109 0.004398
v -0.848645 2.674109 0.004510
v -0.954980 2.675433 0.003029
v -0.915184 2.675434 0.003574
v -0.848528 2.675433 0.003764
v -0.953875 2.676778 0.002440
v -0.914800 2.676778 0.003027
v -0.848480 2.676778 0.003241
v -0.991278 2.674109 -0.005974
v -0.993638 2.674109 -0.002791
v -0.991278 2.674109 0.000392
v -0.988260 2.675433 -0.005347
v -0.991772 2.675433 -0.002791
v -0.988260 2.675433 -0.000235
v -0.987108 2.676778 -0.005021
v -0.991004 2.676778 -0.002791
v -0.987108 2.676778 -0.000561
v -0.598803 2.674109 0.004526
v -0.417379 2.674109 0.004526
v -0.212608 2.674109 0.004526
v -0.598803 2.675433 0.003792
v -0.417379 2.675434 0.003792
v -0.212608 2.675433 0.003792
v -0.598803 2.676778 0.003272
v -0.417379 2.676778 0.003272
v -0.212608 2.676778 0.003272
v -0.848645 2.674109 -0.010092
v -0.916117 2.674109 -0.009980
v -0.957881 2.674109 -0.009617
v -0.848528 2.675433 -0.009347
v -0.915184 2.675434 -0.009156
v -0.954980 2.675433 -0.008611
v -0.848480 2.676778 -0.008824
v -0.914800 2.676778 -0.008609
v -0.953875 2.676778 -0.008022
v -0.212608 2.679566 -0.008854
v -0.417379 2.679565 -0.008854
v -0.598803 2.679566 -0.008854
v -0.212608 2.681009 -0.009374
v -0.417379 2.681009 -0.009374
v -0.598803 2.681009 -0.009374
v -0.212608 2.682473 -0.010108
v -0.417379 2.682473 -0.010108
v -0.598803 2.682473 -0.010108
v -0.953875 2.679565 0.002440
v -0.914800 2.679565 0.003027
v -0.848480 2.679566 0.003241
v -0.954980 2.681009 0.003029
v -0.915184 2.681009 0.003574
v -0.848528 2.681009 0.003764
v -0.957881 2.682473 0.004034
v -0.916117 2.682473 0.004398
v -0.848645 2.682473 0.004510
v -0.987108 2.679566 -0.005021
v -0.991004 2.679565 -0.002791
v -0.987108 2.679565 -0.000561
v -0.988260 2.681009 -0.005347
v -0.991772 2.681009 -0.002791
v -0.988260 2.681009 -0.000235
v -0.991278 2.682473 -0.005974
v -0.993638 2.682473 -0.002791
v -0.991278 2.682473 0.000392
v -0.598803 2.679566 0.003272
v -0.417379 2.679565 0.003272
v -0.212608 2.679566 0.003272
v -0.598803 2.681009 0.003792
v -0.417379 2.681009 0.003792
v -0.212608 2.681009 0.003792
v -0.598803 2.682473 0.004526
v -0.417379 2.682473 0.004526
v -0.212608 2.682473 0.004526
v -0.848480 2.679566 -0.008824
v -0.914800 2.679565 -0.008609
v -0.953875 2.679566 -0.008022
v -0.848528 2.681009 -0.009347
v -0.915184 2.681009 -0.009156
v -0.954980 2.681009 -0.008611
v -0.848645 2.682473 -0.010092
v -0.916117 2.682473 -0.009980
v -0.957881 2.682473 -0.009617
v -0.212608 2.691462 -0.010950
v -0.417379 2.691463 -0.010950
v -0.598803 2.691463 -0.010950
v -0.212608 2.698978 -0.010950
v -0.417379 2.698978 -0.010950
v -0.598803 2.698978 -0.010950
v -0.212608 2.706494 -0.010950
v -0.417379 2.706494 -0.010950
v -0.598803 2.706494 -0.010950
v -0.962608 2.691462 0.005368
v -0.917379 2.691463 0.005368
v -0.848803 2.691463 0.005368
v -0.962608 2.698978 0.005368
v -0.917379 2.698978 0.005368
v -0.848803 2.698978 0.005368
v -0.962608 2.706494 0.005368
v -0.917379 2.706494 0.005368
v -0.848803 2.706494 0.005368
v -0.996162 2.691462 -0.006871
v -0.996162 2.691462 -0.002791
v -0.996162 2.691463 0.001288
v -0.996162 2.698978 -0.006871
v -0.996162 2.698978 -0.002791
v -0.996162 2.698978 0.001288
v -0.996162 2.706494 -0.006871
v -0.996162 2.706494 -0.002791
v -0.996162 2.706494 0.001288
v -0.598803 2.691462 0.005368
v -0.417379 2.691463 0.005368
v -0.212608 2.691463 0.005368
v -0.598803 2.698978 0.005368
v -0.417379 2.698978 0.005368
v -0.212608 2.698978 0.005368
v -0.598803 2.706494 0.005368
v -0.417379 2.706494 0.005368
v -0.212608 2.706494 0.005368
v -0.848803 2.691462 -0.010950
v -0.917379 2.691463 -0.010950
v -0.962608 2.691463 -0.010950
v -0.848803 2.698978 -0.010950
v -0.917379 2.698978 -0.010950
v -0.962608 2.698978 -0.010950
v -0.848803 2.706494 -0.010950
v -0.917379 2.706494 -0.010950
v -0.962608 2.706494 -0.010950
v -0.212608 2.715271 -0.010108
v -0.417379 2.715271 -0.010108
v -0.598803 2.715271 -0.010108
v -0.212608 2.716583 -0.009374
v -0.417379 2.716583 -0.009374
v -0.598803 2.716583 -0.009374
v -0.212608 2.717998 -0.008854
v -0.417379 2.717998 -0.008854
v -0.598803 2.717998 -0.008854
v -0.957881 2.715271 0.004034
v -0.916117 2.715271 0.004398
v -0.848645 2.715271 0.004510
v -0.954980 2.716583 0.003029
v -0.915184 2.716583 0.003574
v -0.848528 2.716583 0.003764
v -0.953875 2.717998 0.002440
v -0.914800 2.717998 0.003027
v -0.848480 2.717998 0.003241
v -0.991278 2.715271 -0.005974
v -0.993638 2.715271 -0.002791
v -0.991278 2.715271 0.000392
v -0.988260 2.716583 -0.005347
v -0.991772 2.716583 -0.002791
v -0.988260 2.716583 -0.000235
v -0.987108 2.717998 -0.005021
v -0.991004 2.717998 -0.002791
v -0.987108 2.717998 -0.000561
v -0.598803 2.715271 0.004526
v -0.417379 2.715271 0.004526
v -0.212608 2.715271 0.004526
v -0.598803 2.716583 0.003792
v -0.417379 2.716583 0.003792
v -0.212608 2.716583 0.003792
v -0.598803 2.717998 0.003272
v -0.417379 2.717998 0.003272
v -0.212608 2.717998 0.003272
v -0.848645 2.715271 -0.010092
v -0.916117 2.715271 -0.009980
v -0.957881 2.715271 -0.009617
v -0.848528 2.716583 -0.009347
v -0.915184 2.716583 -0.009156
v -0.954980 2.716583 -0.008611
v -0.848480 2.717998 -0.008824
v -0.914800 2.717998 -0.008609
v -0.953875 2.717998 -0.008022
v -0.212608 2.721320 -0.008854
v -0.417379 2.721320 -0.008854
v -0.598803 2.721320 -0.008854
v -0.212608 2.723228 -0.009374
v -0.417379 2.723228 -0.009374
v -0.598803 2.723228 -0.009374
v -0.212608 2.725238 -0.010108
v -0.417379 2.725238 -0.010108
v -0.598803 2.725238 -0.010108
v -0.953875 2.721320 0.002440
v -0.914800 2.721320 0.003027
v -0.848480 2.721320 0.003241
v -0.954980 2.723228 0.003029
v -0.915184 2.723228 0.003574
v -0.848528 2.723228 0.003764
v -0.957881 2.725238 0.004034
v -0.916117 2.725238 0.004398
v -0.848645 2.725238 0.004510
v -0.987108 2.721320 -0.005021
v -0.991004 2.721320 -0.002791
v -0.987108 2.721320 -0.000561
v -0.988260 2.723228 -0.005347
v -0.991772 2.723228 -0.002791
v -0.988260 2.723228 -0.000235
v -0.991278 2.725238 -0.005974
v -0.993638 2.725238 -0.002791
v -0.991278 2.725238 0.000392
v -0.598803 2.721320 0.003272
v -0.417379 2.721320 0.003272
v -0.212608 2.721320 0.003272
v -0.598803 2.723228 0.003792
v -0.417379 2.723228 0.003792
v -0.212608 2.723228 0.003792
v -0.598803 2.725238 0.004526
v -0.417379 2.725238 0.004526
v -0.212608 2.725238 0.004526
v -0.848480 2.721320 -0.008824
v -0.914800 2.721320 -0.008609
v -0.953875 2.721320 -0.008022
v -0.848528 2.723228 -0.009347
v -0.915184 2.723228 -0.009156
v -0.954980 2.723228 -0.008611
v -0.848645 2.725238 -0.010092
v -0.916117 2.725238 -0.009980
v -0.957881 2.725238 -0.009617
v 0.856478 2.736959 -0.010950
v 0.925054 2.736959 -0.010950
v 0.925054 2.746618 -0.010950
v 0.970283 2.736959 -0.010950
v 0.606478 2.736959 0.005368
v 0.425054 2.736959 0.005368
v 0.220283 2.736959 0.005368
v 0.220283 2.746618 0.005368
v 0.220283 2.756277 0.005368
v 1.003837 2.736959 -0.006871
v 1.003838 2.746618 -0.006871
v 1.003838 2.756277 -0.006871
v 1.003837 2.736959 -0.002791
v 1.003837 2.746618 -0.002791
v 1.003838 2.756277 -0.002791
v 1.003837 2.736959 0.001288
v 1.003838 2.746618 0.001288
v 1.003838 2.756277 0.001288
v 0.970283 2.736959 0.005368
v 0.925054 2.736959 0.005368
v 0.925054 2.746618 0.005368
v 0.856478 2.736959 0.005368
v 0.220283 2.736959 -0.010950
v 0.220283 2.746618 -0.010950
v 0.220283 2.756277 -0.010950
v 0.425054 2.736959 -0.010950
v 0.606478 2.736959 -0.010950
v 0.220283 2.654305 -0.010950
v 0.220283 2.660469 -0.010950
v 0.220283 2.666632 -0.010950
v 0.425054 2.654305 -0.010950
v 0.425054 2.660469 -0.010950
v 0.425054 2.666632 -0.010950
v 0.606478 2.654305 -0.010950
v 0.606478 2.660469 -0.010950
v 0.606478 2.666632 -0.010950
v 0.970283 2.654305 0.005368
v 0.970283 2.660469 0.005368
v 0.970283 2.666632 0.005368
v 0.925054 2.654305 0.005368
v 0.925054 2.660469 0.005368
v 0.925054 2.666632 0.005368
v 0.856478 2.654305 0.005368
v 0.856478 2.660469 0.005368
v 0.856478 2.666632 0.005368
v 1.003837 2.654305 -0.006871
v 1.003837 2.660469 -0.006871
v 1.003837 2.666632 -0.006871
v 1.003837 2.654305 -0.002791
v 1.003837 2.660469 -0.002791
v 1.003837 2.666632 -0.002791
v 1.003837 2.654305 0.001288
v 1.003837 2.660469 0.001288
v 1.003837 2.666632 0.001288
v 0.606478 2.654305 0.005368
v 0.606478 2.660469 0.005368
v 0.606478 2.666632 0.005368
v 0.425054 2.654305 0.005368
v 0.425054 2.660469 0.005368
v 0.425054 2.666632 0.005368
v 0.220283 2.654305 0.005368
v 0.220283 2.660469 0.005368
v 0.220283 2.666632 0.005368
v 0.856478 2.654305 -0.010950
v 0.856478 2.660469 -0.010950
v 0.856478 2.666632 -0.010950
v 0.925054 2.654305 -0.010950
v 0.925054 2.660469 -0.010950
v 0.925054 2.666632 -0.010950
v 0.970283 2.654305 -0.010950
v 0.970283 2.660469 -0.010950
v 0.970283 2.666632 -0.010950
v 0.220283 2.674109 -0.010108
v 0.220283 2.675433 -0.009374
v 0.220283 2.676778 -0.008854
v 0.425054 2.674110 -0.010108
v 0.425054 2.675433 -0.009374
v 0.425054 2.676778 -0.008854
v 0.606478 2.674110 -0.010108
v 0.606478 2.675434 -0.009374
v 0.606478 2.676778 -0.008854
v 0.965557 2.674110 0.004034
v 0.962655 2.675433 0.003029
v 0.961550 2.676778 0.002440
v 0.923792 2.674110 0.004398
v 0.922859 2.675433 0.003574
v 0.922475 2.676778 0.003027
v 0.856320 2.674110 0.004510
v 0.856203 2.675434 0.003764
v 0.856155 2.676778 0.003241
v 0.998954 2.674110 -0.005974
v 0.995935 2.675433 -0.005347
v 0.994783 2.676778 -0.005021
v 1.001313 2.674109 -0.002791
v 0.999447 2.675433 -0.002791
v 0.998679 2.676778 -0.002791
v 0.998954 2.674109 0.000392
v 0.995935 2.675433 -0.000235
v 0.994783 2.676778 -0.000561
v 0.606478 2.674109 0.004526
v 0.606478 2.675433 0.003792
v 0.606478 2.676778 0.003272
v 0.425054 2.674109 0.004526
v 0.425054 2.675433 0.003792
v 0.425054 2.676778 0.003272
v 0.220283 2.674110 0.004526
v 0.220283 2.675433 0.003792
v 0.220283 2.676778 0.003272
v 0.856320 2.674109 -0.010092
v 0.856203 2.675433 -0.009347
v 0.856155 2.676778 -0.008824
v 0.923792 2.674110 -0.009980
v 0.922859 2.675433 -0.009156
v 0.922475 2.676778 -0.008609
v 0.965557 2.674109 -0.009617
v 0.962655 2.675433 -0.008611
v 0.961550 2.676778 -0.008022
v 0.220283 2.679566 -0.008854
v 0.220283 2.681009 -0.009374
v 0.220283 2.682473 -0.010108
v 0.425054 2.679565 -0.008854
v 0.425054 2.681009 -0.009374
v 0.425054 2.682473 -0.010108
v 0.606478 2.679565 -0.008854
v 0.606478 2.681009 -0.009374
v 0.606478 2.682473 -0.010108
v 0.961551 2.679565 0.002440
v 0.962655 2.681009 0.003029
v 0.965557 2.682473 0.004034
v 0.922475 2.679565 0.003027
v 0.922859 2.681009 0.003574
v 0.923792 2.682473 0.004398
v 0.856155 2.679565 0.003241
v 0.856203 2.681009 0.003764
v 0.856320 2.682473 0.004510
v 0.994783 2.679565 -0.005021
v 0.995935 2.681009 -0.005347
v 0.998954 2.682473 -0.005974
v 0.998679 2.679565 -0.002791
v 0.999447 2.681009 -0.002791
v 1.001313 2.682473 -0.002791
v 0.994783 2.679565 -0.000561
v 0.995935 2.681009 -0.000235
v 0.998954 2.682473 0.000392
v 0.606478 2.679566 0.003272
v 0.606478 2.681009 0.003792
v 0.606478 2.682473 0.004526
v 0.425054 2.679565 0.003272
v 0.425054 2.681009 0.003792
v 0.425054 2.682473 0.004526
v 0.220283 2.679565 0.003272
v 0.220283 2.681009 0.003792
v 0.220283 2.682473 0.004526
v 0.856155 2.679566 -0.008824
v 0.856203 2.681009 -0.009347
v 0.856320 2.682473 -0.010092
v 0.922475 2.679565 -0.008609
v 0.922859 2.681009 -0.009156
v 0.923792 2.682473 -0.009980
v 0.961550 2.679565 -0.008022
v 0.962655 2.681009 -0.008611
v 0.965557 2.682473 -0.009617
v 0.220283 2.691463 -0.010950
v 0.220283 2.698978 -0.010950
v 0.220283 2.706494 -0.010950
v 0.425054 2.691463 -0.010950
v 0.425054 2.698978 -0.010950
v 0.425054 2.706494 -0.010950
v 0.606478 2.691463 -0.010950
v 0.606478 2.698978 -0.010950
v 0.606478 2.706494 -0.010950
v 0.970283 2.691463 0.005368
v 0.970283 2.698978 0.005368
v 0.970283 2.706494 0.005368
v 0.925054 2.691463 0.005368
v 0.925054 2.698978 0.005368
v 0.925054 2.706494 0.005368
v 0.856478 2.691463 0.005368
v 0.856478 2.698978 0.005368
v 0.856478 2.706494 0.005368
v 1.003837 2.691462 -0.006871
v 1.003837 2.698978 -0.006871
v 1.003837 2.706494 -0.006871
v 1.003837 2.691462 -0.002791
v 1.003837 2.698978 -0.002791
v 1.003837 2.706494 -0.002791
v 1.003837 2.691462 0.001288
v 1.003837 2.698978 0.001288
v 1.003837 2.706494 0.001288
v 0.606478 2.691463 0.005368
v 0.606478 2.698978 0.005368
v 0.606478 2.706494 0.005368
v 0.425054 2.691463 0.005368
v 0.425054 2.698978 0.005368
v 0.425054 2.706494 0.005368
v 0.220283 2.691462 0.005368
v 0.220283 2.698978 0.005368
v 0.220283 2.706494 0.005368
v 0.856478 2.691463 -0.010950
v 0.856478 2.698978 -0.010950
v 0.856478 2.706494 -0.010950
v 0.925054 2.691463 -0.010950
v 0.925054 2.698978 -0.010950
v 0.925054 2.706494 -0.010950
v 0.970283 2.691462 -0.010950
v 0.970283 2.698978 -0.010950
v 0.970283 2.706494 -0.010950
v 0.220283 2.715271 -0.010108
v 0.220283 2.716583 -0.009374
v 0.220283 2.717998 -0.008854
v 0.425054 2.715271 -0.010108
v 0.425054 2.716583 -0.009374
v 0.425054 2.717998 -0.008854
v 0.606478 2.715271 -0.010108
v 0.606478 2.716583 -0.009374
v 0.606478 2.717998 -0.008854
v 0.965557 2.715271 0.004034
v 0.962655 2.716583 0.003029
v 0.961550 2.717997 0.002440
v 0.923792 2.715271 0.004398
v 0.922859 2.716583 0.003574
v 0.922475 2.717998 0.003027
v 0.856320 2.715271 0.004510
v 0.856203 2.716583 0.003764
v 0.856155 2.717998 0.003241
v 0.998954 2.715271 -0.005974
v 0.995935 2.716583 -0.005347
v 0.994783 2.717998 -0.005021
v 1.001313 2.715271 -0.002791
v 0.999447 2.716583 -0.002791
v 0.998679 2.717998 -0.002791
v 0.998954 2.715271 0.000392
v 0.995935 2.716583 -0.000235
v 0.994783 2.717998 -0.000561
v 0.606478 2.715271 0.004526
v 0.606478 2.716583 0.003792
v 0.606478 2.717998 0.003272
v 0.425054 2.715271 0.004526
v 0.425054 2.716583 0.003792
v 0.425054 2.717998 0.003272
v 0.220283 2.715271 0.004526
v 0.220283 2.716583 0.003792
v 0.220283 2.717998 0.003272
v 0.856320 2.715271 -0.010092
v 0.856203 2.716583 -0.009347
v 0.856155 2.717998 -0.008824
v 0.923792 2.715271 -0.009980
v 0.922859 2.716583 -0.009156
v 0.922475 2.717998 -0.008609
v 0.965557 2.715271 -0.009617
v 0.962655 2.716583 -0.008611
v 0.961550 2.717998 -0.008022
v 0.220283 2.721320 -0.008854
v 0.220283 2.723228 -0.009374
v 0.220283 2.725238 -0.010108
v 0.425054 2.721320 -0.008854
v 0.425054 2.723228 -0.009374
v 0.425054 2.725238 -0.010108
v 0.606478 2.721320 -0.008854
v 0.606478 2.723228 -0.009374
v 0.606478 2.725238 -0.010108
v 0.961551 2.721320 0.002440
v 0.962655 2.723228 0.003029
v 0.965557 2.725238 0.004034
v 0.922475 2.721320 0.003027
v 0.922859 2.723228 0.003574
v 0.923792 2.725238 0.004398
v 0.856155 2.721320 0.003241
v 0.856203 2.723228 0.003764
v 0.856320 2.725238 0.004510
v 0.994783 2.721320 -0.005021
v 0.995935 2.723228 -0.005347
v 0.998954 2.725238 -0.005974
v 0.998679 2.721320 -0.002791
v 0.999447 2.723228 -0.002791
v 1.001313 2.725238 -0.002791
v 0.994783 2.721320 -0.000561
v 0.995935 2.723228 -0.000235
v 0.998954 2.725238 0.000392
v 0.606478 2.721320 0.003272
v 0.606478 2.723228 0.003792
v 0.606478 2.725238 0.004526
v 0.425054 2.721320 0.003272
v 0.425054 2.723228 0.003792
v 0.425054 2.725238 0.004526
v 0.220283 2.721320 0.003272
v 0.220283 2.723228 0.003792
v 0.220283 2.725238 0.004526
v 0.856155 2.721320 -0.008824
v 0.856203 2.723228 -0.009347
v 0.856320 2.725238 -0.010092
v 0.922475 2.721320 -0.008609
v 0.922859 2.723228 -0.009156
v 0.923792 2.725238 -0.009980
v 0.961550 2.721320 -0.008022
v 0.962655 2.723228 -0.008611
v 0.965557 2.725238 -0.009617
v 0.970283 2.738175 0.005368
v 0.970283 2.738175 -0.010950
v 0.978726 2.746618 -0.010950
v 0.988385 2.756277 -0.010950
v 0.968002 2.735894 0.005354
v 0.969067 2.736959 0.005368
v 0.968003 2.735894 -0.010936
v 0.969067 2.736959 -0.010950
v 0.998044 2.765936 -0.010950
v 0.998044 2.765936 -0.006871
v 0.998044 2.765936 -0.002791
v 0.978726 2.746618 0.005368
v 0.988385 2.756277 0.005368
v 0.998044 2.765936 0.005368
v 0.998044 2.765936 0.001288
v 0.957279 2.746618 0.005368
v 0.966938 2.736959 0.005368
v 0.966938 2.736959 -0.010950
v 0.947620 2.756277 0.005368
v 0.937961 2.765936 -0.002791
v 0.937961 2.765936 0.001288
v 0.957279 2.746618 -0.010950
v 0.947620 2.756277 -0.010950
v 0.937961 2.765936 0.005368
v 0.937961 2.765936 -0.010950
v 0.937960 2.765936 -0.006871
v 0.937577 2.765936 -0.002791
v 0.937577 2.765936 0.001288
v 0.937577 2.765936 0.005368
v 0.937577 2.765936 -0.010950
v 0.927918 2.756277 0.005368
v 0.925054 2.753413 0.005368
v 0.937577 2.765936 -0.006871
v 0.918258 2.746618 0.005368
v 0.925054 2.753413 -0.010950
v 0.927918 2.756277 -0.010950
v 0.918258 2.746618 -0.010950
v 0.907535 2.735894 -0.010940
v 0.908599 2.736959 -0.010950
v 0.908599 2.736959 0.005368
v 0.907535 2.735894 0.005358
v 0.877493 2.765936 -0.010950
v 0.877493 2.765936 0.005368
v 0.887152 2.756277 -0.010950
v 0.877493 2.765936 -0.006871
v 0.877493 2.765936 0.001288
v 0.896812 2.746618 -0.010950
v 0.877493 2.765936 -0.002791
v 0.906471 2.736959 -0.010950
v 0.887152 2.756277 0.005368
v 0.896812 2.746618 0.005368
v 0.906471 2.736959 0.005368
v 0.867450 2.756277 -0.010950
v 0.857791 2.746618 -0.010950
v 0.856478 2.745305 -0.010950
v 0.847067 2.735894 -0.010942
v 0.848132 2.736959 -0.010950
v 0.847068 2.735894 0.005359
v 0.848132 2.736959 0.005368
v 0.877110 2.765936 -0.010950
v 0.877110 2.765936 0.005368
v 0.877109 2.765936 -0.006871
v 0.877109 2.765936 0.001288
v 0.877109 2.765936 -0.002791
v 0.867450 2.756277 0.005368
v 0.857791 2.746618 0.005368
v 0.856478 2.745305 0.005368
v 0.836344 2.746618 0.005368
v 0.826685 2.756277 0.005368
v 0.846003 2.736959 -0.010950
v 0.846003 2.736959 0.005368
v 0.817026 2.765936 -0.010950
v 0.817026 2.765936 0.005368
v 0.836344 2.746618 -0.010950
v 0.817026 2.765936 -0.006871
v 0.826685 2.756277 -0.010950
v 0.817026 2.765936 -0.002791
v 0.817026 2.765936 0.001288
v 0.797323 2.746618 -0.010950
v 0.786600 2.735894 -0.010942
v 0.787664 2.736959 -0.010950
v 0.806983 2.756277 -0.010950
v 0.786600 2.735894 0.005359
v 0.787664 2.736959 0.005368
v 0.816642 2.765936 -0.010950
v 0.797323 2.746618 0.005368
v 0.806983 2.756277 0.005368
v 0.816642 2.765936 0.005368
v 0.816642 2.765936 -0.006871
v 0.816642 2.765936 -0.002791
v 0.816642 2.765936 0.001288
v 0.756558 2.765936 -0.010950
v 0.756558 2.765936 0.005368
v 0.775877 2.746618 -0.010950
v 0.756558 2.765936 -0.006871
v 0.766217 2.756277 -0.010950
v 0.756558 2.765936 -0.002791
v 0.756558 2.765936 0.001288
v 0.775877 2.746618 0.005368
v 0.766217 2.756277 0.005368
v 0.785536 2.736959 -0.010950
v 0.785536 2.736959 0.005368
v 0.746515 2.756277 -0.010950
v 0.726133 2.735894 0.005360
v 0.727197 2.736959 0.005368
v 0.736856 2.746618 -0.010950
v 0.726133 2.735894 -0.010942
v 0.727197 2.736959 -0.010950
v 0.756175 2.765936 -0.010950
v 0.756175 2.765936 0.005368
v 0.752880 2.762641 0.005368
v 0.756174 2.765936 -0.006871
v 0.756174 2.765936 -0.002791
v 0.756174 2.765936 0.001288
v 0.752880 2.762641 -0.010950
v 0.736856 2.746618 0.005368
v 0.746515 2.756277 0.005368
v 0.705750 2.756277 -0.010950
v 0.696091 2.765936 0.001288
v 0.696091 2.765936 -0.010950
v 0.696091 2.765936 0.005368
v 0.696091 2.765936 -0.006871
v 0.696091 2.765936 -0.002791
v 0.715409 2.746618 -0.010950
v 0.715409 2.746618 0.005368
v 0.725068 2.736959 0.005368
v 0.705750 2.756277 0.005368
v 0.725068 2.736959 -0.010950
v 0.686048 2.756277 -0.010950
v 0.665665 2.735894 0.005360
v 0.666729 2.736959 0.005368
v 0.676389 2.746618 -0.010950
v 0.665665 2.735894 -0.010942
v 0.666729 2.736959 -0.010950
v 0.676389 2.746618 0.005368
v 0.695707 2.765936 0.001288
v 0.695707 2.765936 -0.010950
v 0.695707 2.765936 0.005368
v 0.695707 2.765936 -0.006871
v 0.695707 2.765936 -0.002791
v 0.686048 2.756277 0.005368
v 0.645282 2.756277 -0.010950
v 0.635623 2.765936 0.001288
v 0.635623 2.765936 -0.010950
v 0.635623 2.765936 0.005368
v 0.635623 2.765936 -0.006871
v 0.635623 2.765936 -0.002791
v 0.654942 2.746618 -0.010950
v 0.654942 2.746618 0.005368
v 0.664601 2.736959 0.005368
v 0.645282 2.756277 0.005368
v 0.664601 2.736959 -0.010950
v 0.615921 2.746618 0.005368
v 0.635239 2.765936 0.001288
v 0.635240 2.765936 -0.010950
v 0.635240 2.765936 0.005368
v 0.635239 2.765936 -0.006871
v 0.635239 2.765936 -0.002791
v 0.625580 2.756277 0.005368
v 0.606478 2.737175 0.005368
v 0.625580 2.756277 -0.010950
v 0.615921 2.746618 -0.010950
v 0.606478 2.737175 -0.010950
v 0.606262 2.736959 0.005368
v 0.605198 2.735894 -0.010942
v 0.606262 2.736959 -0.010950
v 0.605198 2.735894 0.005360
v 0.584815 2.756277 -0.010950
v 0.575156 2.765936 -0.002791
v 0.594474 2.746618 -0.010950
v 0.575156 2.765936 -0.006871
v 0.575156 2.765936 0.005368
v 0.575156 2.765936 0.001288
v 0.575156 2.765936 -0.010950
v 0.584815 2.756277 0.005368
v 0.604133 2.736959 0.005368
v 0.604133 2.736959 -0.010950
v 0.594474 2.746618 0.005368
v 0.565113 2.756277 -0.010950
v 0.555454 2.746618 -0.010950
v 0.544730 2.735894 0.005360
v 0.545794 2.736959 0.005368
v 0.544730 2.735894 -0.010942
v 0.545794 2.736959 -0.010950
v 0.565113 2.756277 0.005368
v 0.574772 2.765936 -0.002791
v 0.574772 2.765936 -0.006871
v 0.574772 2.765936 0.005368
v 0.574772 2.765936 0.001288
v 0.574772 2.765936 -0.010950
v 0.555454 2.746618 0.005368
v 0.524347 2.756277 0.005368
v 0.543666 2.736959 0.005368
v 0.543666 2.736959 -0.010950
v 0.534007 2.746618 0.005368
v 0.524347 2.756277 -0.010950
v 0.514688 2.765936 -0.002791
v 0.534007 2.746618 -0.010950
v 0.514688 2.765936 -0.006871
v 0.514688 2.765936 0.005368
v 0.514688 2.765936 0.001288
v 0.514688 2.765936 -0.010950
v 0.504645 2.756277 -0.010950
v 0.494986 2.746618 -0.010950
v 0.484263 2.735894 0.005360
v 0.485327 2.736959 0.005368
v 0.484263 2.735894 -0.010942
v 0.485327 2.736959 -0.010950
v 0.504645 2.756277 0.005368
v 0.514305 2.765936 -0.002791
v 0.514305 2.765936 -0.006871
v 0.514305 2.765936 0.005368
v 0.514305 2.765936 0.001288
v 0.514305 2.765936 -0.010950
v 0.494986 2.746618 0.005368
v 0.463880 2.756277 0.005368
v 0.483199 2.736959 0.005368
v 0.483199 2.736959 -0.010950
v 0.473539 2.746618 0.005368
v 0.463880 2.756277 -0.010950
v 0.454221 2.765936 -0.002791
v 0.473539 2.746618 -0.010950
v 0.454221 2.765936 -0.006871
v 0.454221 2.765936 0.005368
v 0.454221 2.765936 0.001288
v 0.454221 2.765936 -0.010950
v 0.444178 2.756277 -0.010950
v 0.434519 2.746618 -0.010950
v 0.425054 2.737153 0.005368
v 0.425054 2.737153 -0.010950
v 0.423795 2.735894 0.005360
v 0.424859 2.736959 0.005368
v 0.424859 2.736959 -0.010950
v 0.423795 2.735894 -0.010942
v 0.444178 2.756277 0.005368
v 0.453837 2.765936 -0.002791
v 0.453837 2.765936 -0.006871
v 0.453837 2.765936 0.005368
v 0.453837 2.765936 0.001288
v 0.453837 2.765936 -0.010950
v 0.434519 2.746618 0.005368
v 0.413072 2.746618 0.005368
v 0.403413 2.756277 0.005368
v 0.422731 2.736959 0.005368
v 0.422731 2.736959 -0.010950
v 0.393753 2.765936 -0.006871
v 0.393753 2.765936 -0.002791
v 0.403413 2.756277 -0.010950
v 0.393753 2.765936 0.001288
v 0.413072 2.746618 -0.010950
v 0.393753 2.765936 0.005368
v 0.393753 2.765936 -0.010950
v 0.393370 2.765936 -0.006871
v 0.374051 2.746618 0.005368
v 0.383711 2.756277 0.005368
v 0.393370 2.765936 -0.002791
v 0.393370 2.765936 0.001288
v 0.393370 2.765936 0.005368
v 0.393370 2.765936 -0.010950
v 0.383711 2.756277 -0.010950
v 0.374051 2.746618 -0.010950
v 0.363328 2.735894 0.005360
v 0.364392 2.736959 0.005368
v 0.364392 2.736959 -0.010950
v 0.363328 2.735894 -0.010942
v 0.352604 2.746618 0.005368
v 0.342945 2.756277 0.005368
v 0.362264 2.736959 0.005368
v 0.362264 2.736959 -0.010950
v 0.333286 2.765936 -0.006871
v 0.333286 2.765936 -0.002791
v 0.342945 2.756277 -0.010950
v 0.333286 2.765936 0.001288
v 0.352604 2.746618 -0.010950
v 0.333286 2.765936 0.005368
v 0.333286 2.765936 -0.010950
v 0.323243 2.756277 -0.010950
v 0.313584 2.746618 -0.010950
v 0.302860 2.735894 0.005360
v 0.303925 2.736959 0.005368
v 0.303924 2.736959 -0.010950
v 0.302860 2.735894 -0.010942
v 0.332902 2.765936 -0.006871
v 0.313584 2.746618 0.005368
v 0.323243 2.756277 0.005368
v 0.332902 2.765936 -0.002791
v 0.332902 2.765936 0.001288
v 0.332902 2.765936 0.005368
v 0.332902 2.765936 -0.010950
v 0.272819 2.765936 -0.006871
v 0.272819 2.765936 -0.002791
v 0.282478 2.756277 -0.010950
v 0.272819 2.765936 0.001288
v 0.292137 2.746618 -0.010950
v 0.272818 2.765936 0.005368
v 0.272818 2.765936 -0.010950
v 0.292137 2.746618 0.005368
v 0.282478 2.756277 0.005368
v 0.301796 2.736959 0.005368
v 0.301796 2.736959 -0.010950
v 0.262776 2.756277 -0.010950
v 0.253116 2.746618 -0.010950
v 0.243457 2.736959 0.005368
v 0.242393 2.735894 0.005360
v 0.243457 2.736959 -0.010950
v 0.242393 2.735894 -0.010942
v 0.272435 2.765936 -0.006871
v 0.253116 2.746618 0.005368
v 0.262776 2.756277 0.005368
v 0.272435 2.765936 -0.002791
v 0.272435 2.765936 0.001288
v 0.272435 2.765936 0.005368
v 0.272435 2.765936 -0.010950
v 0.231670 2.746618 0.005368
v 0.222010 2.756277 0.005368
v 0.241329 2.736959 0.005368
v 0.241329 2.736959 -0.010950
v 0.222010 2.756277 -0.010950
v 0.231670 2.746618 -0.010950
v 0.220283 2.758005 0.005368
v 0.220283 2.758005 -0.010950
v 0.212351 2.765936 -0.010950
v 0.212351 2.765936 -0.006871
v 0.212351 2.765936 0.005368
v 0.212351 2.765936 -0.002791
v 0.212351 2.765936 0.001288
v 0.181926 2.735894 0.005360
v 0.182990 2.736959 0.005368
v 0.181926 2.735894 -0.010942
v 0.182990 2.736959 -0.010950
v 0.202308 2.756277 -0.010950
v 0.192649 2.746618 -0.010950
v 0.202309 2.756277 0.005368
v 0.192649 2.746618 0.005368
v 0.211968 2.765936 -0.010950
v 0.211968 2.765936 -0.006871
v 0.211968 2.765936 0.005368
v 0.211968 2.765936 -0.002791
v 0.211968 2.765936 0.001288
v 0.151884 2.765936 -0.010950
v 0.151884 2.765936 -0.006871
v 0.151884 2.765936 0.005368
v 0.151884 2.765936 -0.002791
v 0.151884 2.765936 0.001288
v 0.161543 2.756277 -0.010950
v 0.171202 2.746618 -0.010950
v 0.161543 2.756277 0.005368
v 0.171202 2.746618 0.005368
v 0.180861 2.736959 0.005368
v 0.180862 2.736959 -0.010950
v 0.121458 2.735894 0.005360
v 0.122522 2.736959 0.005368
v 0.121458 2.735894 -0.010942
v 0.122522 2.736959 -0.010950
v 0.141841 2.756277 -0.010950
v 0.132182 2.746618 -0.010950
v 0.141841 2.756277 0.005368
v 0.132182 2.746618 0.005368
v 0.151500 2.765936 -0.010950
v 0.151500 2.765936 -0.006871
v 0.151500 2.765936 0.005368
v 0.151500 2.765936 -0.002791
v 0.151500 2.765936 0.001288
v 0.101076 2.756277 0.005368
v 0.110735 2.746618 0.005368
v 0.120394 2.736959 0.005368
v 0.120394 2.736959 -0.010950
v 0.091416 2.765936 -0.010950
v 0.091416 2.765936 -0.006871
v 0.091416 2.765936 0.005368
v 0.091416 2.765936 -0.002791
v 0.091416 2.765936 0.001288
v 0.101076 2.756277 -0.010950
v 0.110735 2.746618 -0.010950
v 0.060991 2.735894 0.005360
v 0.062055 2.736959 0.005368
v 0.060991 2.735894 -0.010942
v 0.062055 2.736959 -0.010950
v 0.081374 2.756277 -0.010950
v 0.071714 2.746618 -0.010950
v 0.081374 2.756277 0.005368
v 0.071714 2.746618 0.005368
v 0.091033 2.765936 -0.010950
v 0.091033 2.765936 -0.006871
v 0.091033 2.765936 0.005368
v 0.091033 2.765936 -0.002791
v 0.091033 2.765936 0.001288
v 0.030949 2.765936 -0.010950
v 0.030949 2.765936 -0.006871
v 0.030949 2.765936 0.005368
v 0.030949 2.765936 -0.002791
v 0.030949 2.765936 0.001288
v 0.040608 2.756277 -0.010950
v 0.050267 2.746618 -0.010950
v 0.040608 2.756277 0.005368
v 0.050267 2.746618 0.005368
v 0.059927 2.736959 0.005368
v 0.059927 2.736959 -0.010950
v 0.003838 2.739209 0.005368
v 0.020906 2.756277 -0.010950
v 0.011247 2.746618 -0.010950
v 0.003838 2.739208 -0.010950
v 0.001588 2.736959 -0.010950
v 0.000524 2.735894 -0.010942
v 0.000524 2.735894 0.005360
v 0.001588 2.736959 0.005368
v 0.020906 2.756277 0.005368
v 0.011247 2.746618 0.005368
v 0.030565 2.765936 -0.010950
v 0.030565 2.765936 -0.006871
v 0.030565 2.765936 0.005368
v 0.030565 2.765936 -0.002791
v 0.030565 2.765936 0.001288
v -0.000540 2.736959 -0.010950
v -0.019859 2.756277 0.005368
v -0.000541 2.736959 0.005368
v -0.010200 2.746618 0.005368
v -0.029518 2.765936 -0.010950
v -0.029518 2.765936 -0.006871
v -0.010200 2.746618 -0.010950
v -0.029518 2.765936 -0.002791
v -0.029518 2.765936 0.005368
v -0.029518 2.765936 0.001288
v -0.019859 2.756277 -0.010950
v -0.029902 2.765936 -0.010950
v -0.029902 2.765936 -0.006871
v -0.029902 2.765936 -0.002791
v -0.039561 2.756277 0.005368
v -0.029902 2.765936 0.005368
v -0.049220 2.746618 0.005368
v -0.029902 2.765936 0.001288
v -0.059944 2.735894 -0.010942
v -0.058880 2.736959 -0.010950
v -0.049220 2.746618 -0.010950
v -0.059944 2.735894 0.005360
v -0.058880 2.736959 0.005368
v -0.039561 2.756277 -0.010950
v -0.061008 2.736959 -0.010950
v -0.080327 2.756277 0.005368
v -0.061008 2.736959 0.005368
v -0.070668 2.746618 0.005368
v -0.089986 2.765936 -0.010950
v -0.089986 2.765936 -0.006871
v -0.070667 2.746618 -0.010950
v -0.089986 2.765936 -0.002791
v -0.089986 2.765936 0.005368
v -0.089986 2.765936 0.001288
v -0.080326 2.756277 -0.010950
v -0.120411 2.735894 -0.010942
v -0.119347 2.736959 -0.010950
v -0.109688 2.746618 -0.010950
v -0.120411 2.735894 0.005360
v -0.119347 2.736959 0.005368
v -0.100029 2.756277 -0.010950
v -0.090369 2.765936 -0.010950
v -0.090370 2.765936 -0.006871
v -0.090370 2.765936 -0.002791
v -0.100029 2.756277 0.005368
v -0.090369 2.765936 0.005368
v -0.109688 2.746618 0.005368
v -0.090370 2.765936 0.001288
v -0.121475 2.736959 -0.010950
v -0.140794 2.756277 0.005368
v -0.121476 2.736959 0.005368
v -0.131135 2.746618 0.005368
v -0.150453 2.765936 -0.010950
v -0.150453 2.765936 -0.006871
v -0.131135 2.746618 -0.010950
v -0.150453 2.765936 -0.002791
v -0.150453 2.765936 0.005368
v -0.150453 2.765936 0.001288
v -0.140794 2.756277 -0.010950
v -0.180879 2.735894 -0.010942
v -0.179815 2.736959 -0.010950
v -0.170155 2.746618 -0.010950
v -0.180879 2.735894 0.005360
v -0.179815 2.736959 0.005368
v -0.160496 2.756277 -0.010950
v -0.150837 2.765936 -0.010950
v -0.150837 2.765936 -0.006871
v -0.150837 2.765936 -0.002791
v -0.160496 2.756277 0.005368
v -0.150837 2.765936 0.005368
v -0.170155 2.746618 0.005368
v -0.150837 2.765936 0.001288
v -0.181943 2.736959 -0.010950
v -0.201261 2.756277 0.005368
v -0.181943 2.736959 0.005368
v -0.191602 2.746618 0.005368
v -0.210921 2.765936 -0.010950
v -0.210921 2.765936 -0.006871
v -0.191602 2.746618 -0.010950
v -0.210921 2.765936 -0.002791
v -0.210921 2.765936 0.005368
v -0.210921 2.765936 0.001288
v -0.201261 2.756277 -0.010950
v -0.220964 2.756277 -0.010950
v -0.230623 2.746618 -0.010950
v -0.240282 2.736959 0.005368
v -0.241346 2.735894 -0.010942
v -0.240282 2.736959 -0.010950
v -0.241346 2.735894 0.005360
v -0.211304 2.765936 -0.010950
v -0.211304 2.765936 -0.006871
v -0.211304 2.765936 -0.002791
v -0.212608 2.764633 0.005368
v -0.211304 2.765936 0.005368
v -0.212608 2.764633 -0.010950
v -0.211304 2.765936 0.001288
v -0.230623 2.746618 0.005368
v -0.220964 2.756277 0.005368
v -0.252070 2.746618 0.005368
v -0.261729 2.756277 0.005368
v -0.242410 2.736959 0.005368
v -0.242410 2.736959 -0.010950
v -0.261729 2.756277 -0.010950
v -0.252070 2.746618 -0.010950
v -0.271388 2.765936 -0.010950
v -0.271388 2.765936 0.001288
v -0.271388 2.765936 -0.002791
v -0.271388 2.765936 0.005368
v -0.271388 2.765936 -0.006871
v -0.271772 2.765936 -0.010950
v -0.271772 2.765936 0.001288
v -0.271772 2.765936 -0.002791
v -0.291090 2.746618 0.005368
v -0.281431 2.756277 0.005368
v -0.271772 2.765936 0.005368
v -0.271772 2.765936 -0.006871
v -0.281431 2.756277 -0.010950
v -0.291090 2.746618 -0.010950
v -0.300749 2.736959 0.005368
v -0.301814 2.735894 -0.010942
v -0.300750 2.736959 -0.010950
v -0.301814 2.735894 0.005360
v -0.312537 2.746618 0.005368
v -0.322196 2.756277 0.005368
v -0.302878 2.736959 0.005368
v -0.302878 2.736959 -0.010950
v -0.322196 2.756277 -0.010950
v -0.312537 2.746618 -0.010950
v -0.331855 2.765936 -0.010950
v -0.331855 2.765936 0.001288
v -0.331855 2.765936 -0.002791
v -0.331855 2.765936 0.005368
v -0.331855 2.765936 -0.006871
v -0.332239 2.765936 -0.010950
v -0.332239 2.765936 0.001288
v -0.332239 2.765936 -0.002791
v -0.351557 2.746618 0.005368
v -0.341898 2.756277 0.005368
v -0.332239 2.765936 0.005368
v -0.332239 2.765936 -0.006871
v -0.341898 2.756277 -0.010950
v -0.351557 2.746618 -0.010950
v -0.361217 2.736959 0.005368
v -0.362281 2.735894 -0.010942
v -0.361217 2.736959 -0.010950
v -0.362281 2.735894 0.005360
v -0.382663 2.756277 -0.010950
v -0.373004 2.746618 -0.010950
v -0.392323 2.765936 -0.010950
v -0.392323 2.765936 0.001288
v -0.392323 2.765936 -0.002791
v -0.392323 2.765936 0.005368
v -0.392323 2.765936 -0.006871
v -0.373004 2.746618 0.005368
v -0.382663 2.756277 0.005368
v -0.363345 2.736959 0.005368
v -0.363345 2.736959 -0.010950
v -0.392706 2.765936 -0.010950
v -0.392707 2.765936 0.001288
v -0.392707 2.765936 -0.002791
v -0.412025 2.746618 0.005368
v -0.402366 2.756277 0.005368
v -0.392706 2.765936 0.005368
v -0.392707 2.765936 -0.006871
v -0.402366 2.756277 -0.010950
v -0.412025 2.746618 -0.010950
v -0.417379 2.741264 0.005368
v -0.417379 2.741264 -0.010950
v -0.421684 2.736959 0.005368
v -0.422748 2.735894 0.005360
v -0.422748 2.735894 -0.010942
v -0.421684 2.736959 -0.010950
v -0.423812 2.736959 0.005368
v -0.443131 2.756277 0.005368
v -0.433472 2.746618 0.005368
v -0.423812 2.736958 -0.010950
v -0.452790 2.765936 0.005368
v -0.452790 2.765936 -0.010950
v -0.452790 2.765936 0.001288
v -0.452790 2.765936 -0.006871
v -0.433472 2.746618 -0.010950
v -0.452790 2.765936 -0.002791
v -0.443131 2.756277 -0.010950
v -0.482152 2.736959 0.005368
v -0.483216 2.735894 0.005360
v -0.472492 2.746618 -0.010950
v -0.483216 2.735894 -0.010942
v -0.482152 2.736959 -0.010950
v -0.462833 2.756277 -0.010950
v -0.453174 2.765936 0.005368
v -0.453174 2.765936 -0.010950
v -0.462833 2.756277 0.005368
v -0.453174 2.765936 0.001288
v -0.453174 2.765936 -0.006871
v -0.472492 2.746618 0.005368
v -0.453174 2.765936 -0.002791
v -0.513258 2.765936 0.005368
v -0.513258 2.765936 -0.010950
v -0.513258 2.765936 0.001288
v -0.513258 2.765936 -0.006871
v -0.493939 2.746618 -0.010950
v -0.513258 2.765936 -0.002791
v -0.503598 2.756277 -0.010950
v -0.484280 2.736959 0.005368
v -0.503598 2.756277 0.005368
v -0.493939 2.746618 0.005368
v -0.484280 2.736959 -0.010950
v -0.542619 2.736959 0.005368
v -0.543683 2.735894 0.005360
v -0.532960 2.746618 -0.010950
v -0.543683 2.735894 -0.010942
v -0.542619 2.736959 -0.010950
v -0.523301 2.756277 -0.010950
v -0.513641 2.765936 0.005368
v -0.513641 2.765936 -0.010950
v -0.523301 2.756277 0.005368
v -0.513641 2.765936 0.001288
v -0.513641 2.765936 -0.006871
v -0.532960 2.746618 0.005368
v -0.513641 2.765936 -0.002791
v -0.544747 2.736959 0.005368
v -0.564066 2.756277 0.005368
v -0.554406 2.746618 0.005368
v -0.544747 2.736959 -0.010950
v -0.573725 2.765936 0.005368
v -0.573725 2.765936 -0.010950
v -0.573725 2.765936 0.001288
v -0.573725 2.765936 -0.006871
v -0.554407 2.746618 -0.010950
v -0.573725 2.765936 -0.002791
v -0.564066 2.756277 -0.010950
v -0.598803 2.741242 0.005368
v -0.598803 2.741242 -0.010950
v -0.593427 2.746618 -0.010950
v -0.583768 2.756277 -0.010950
v -0.603086 2.736959 0.005368
v -0.604150 2.735894 0.005360
v -0.603086 2.736959 -0.010950
v -0.604150 2.735894 -0.010942
v -0.574109 2.765936 0.005368
v -0.574109 2.765936 -0.010950
v -0.583768 2.756277 0.005368
v -0.574109 2.765936 0.001288
v -0.574109 2.765936 -0.006871
v -0.593427 2.746618 0.005368
v -0.574109 2.765936 -0.002791
v -0.634192 2.765936 0.001288
v -0.634192 2.765936 -0.002791
v -0.624533 2.756277 -0.010950
v -0.634192 2.765936 -0.010950
v -0.634192 2.765936 0.005368
v -0.634192 2.765936 -0.006871
v -0.614874 2.746618 -0.010950
v -0.624533 2.756277 0.005368
v -0.605214 2.736959 0.005368
v -0.614874 2.746618 0.005368
v -0.605215 2.736959 -0.010950
v -0.663554 2.736959 0.005368
v -0.664618 2.735894 0.005360
v -0.663554 2.736959 -0.010950
v -0.644235 2.756277 -0.010950
v -0.664618 2.735894 -0.010942
v -0.653894 2.746618 -0.010950
v -0.644235 2.756277 0.005368
v -0.653894 2.746618 0.005368
v -0.634576 2.765936 0.001288
v -0.634576 2.765936 -0.002791
v -0.634576 2.765936 -0.010950
v -0.634576 2.765936 0.005368
v -0.634576 2.765936 -0.006871
v -0.694660 2.765936 0.001288
v -0.694660 2.765936 -0.002791
v -0.685001 2.756277 -0.010950
v -0.694660 2.765936 -0.010950
v -0.694660 2.765936 0.005368
v -0.694660 2.765936 -0.006871
v -0.675341 2.746618 -0.010950
v -0.685000 2.756277 0.005368
v -0.665682 2.736959 0.005368
v -0.675341 2.746618 0.005368
v -0.665682 2.736959 -0.010950
v -0.724021 2.736959 0.005368
v -0.725085 2.735894 0.005360
v -0.724021 2.736959 -0.010950
v -0.704703 2.756277 -0.010950
v -0.725085 2.735894 -0.010942
v -0.714362 2.746618 -0.010950
v -0.704703 2.756277 0.005368
v -0.714362 2.746618 0.005368
v -0.695043 2.765936 0.001288
v -0.695043 2.765936 -0.002791
v -0.695043 2.765936 -0.010950
v -0.695043 2.765936 0.005368
v -0.695043 2.765936 -0.006871
v -0.726149 2.736959 0.005368
v -0.735809 2.746618 0.005368
v -0.745205 2.756014 0.005368
v -0.726149 2.736959 -0.010950
v -0.745468 2.756277 0.005368
v -0.735809 2.746618 -0.010950
v -0.745205 2.756014 -0.010950
v -0.755127 2.765936 -0.002791
v -0.745468 2.756277 -0.010950
v -0.755127 2.765936 0.001288
v -0.755127 2.765936 -0.006871
v -0.755127 2.765936 -0.010950
v -0.755127 2.765936 0.005368
v -0.774829 2.746618 -0.010950
v -0.765170 2.756277 -0.010950
v -0.784488 2.736959 0.005368
v -0.785553 2.735894 -0.010941
v -0.784489 2.736959 -0.010950
v -0.785553 2.735894 0.005359
v -0.755511 2.765936 -0.002791
v -0.755511 2.765936 0.001288
v -0.774829 2.746618 0.005368
v -0.765170 2.756277 0.005368
v -0.755511 2.765936 -0.006871
v -0.755511 2.765936 -0.010950
v -0.755511 2.765936 0.005368
v -0.796276 2.746618 -0.010950
v -0.815594 2.765936 -0.002791
v -0.805935 2.756277 -0.010950
v -0.815594 2.765936 0.001288
v -0.815594 2.765936 -0.006871
v -0.815595 2.765936 -0.010950
v -0.815595 2.765936 0.005368
v -0.796276 2.746618 0.005368
v -0.786617 2.736959 0.005368
v -0.805935 2.756277 0.005368
v -0.786617 2.736959 -0.010950
v -0.835297 2.746618 -0.010950
v -0.825637 2.756277 -0.010950
v -0.844956 2.736959 0.005368
v -0.846020 2.735894 -0.010942
v -0.844956 2.736959 -0.010950
v -0.846020 2.735894 0.005359
v -0.815978 2.765936 -0.002791
v -0.815978 2.765936 0.001288
v -0.835297 2.746618 0.005368
v -0.825637 2.756277 0.005368
v -0.815978 2.765936 -0.006871
v -0.815978 2.765936 -0.010950
v -0.815978 2.765936 0.005368
v -0.876062 2.765936 -0.002791
v -0.876062 2.765936 -0.006871
v -0.856744 2.746618 -0.010950
v -0.876062 2.765936 0.001288
v -0.866403 2.756277 -0.010950
v -0.876062 2.765936 -0.010950
v -0.876062 2.765936 0.005368
v -0.847084 2.736959 0.005368
v -0.848803 2.738677 0.005368
v -0.847084 2.736959 -0.010950
v -0.848802 2.738677 -0.010950
v -0.866403 2.756277 0.005368
v -0.856744 2.746618 0.005368
v -0.886105 2.756277 0.005368
v -0.876446 2.765936 -0.002791
v -0.876446 2.765936 -0.006871
v -0.876446 2.765936 0.001288
v -0.895764 2.746618 0.005368
v -0.876446 2.765936 -0.010950
v -0.876446 2.765936 0.005368
v -0.906487 2.735894 -0.010940
v -0.905423 2.736959 -0.010950
v -0.895764 2.746618 -0.010950
v -0.886105 2.756277 -0.010950
v -0.905423 2.736959 0.005368
v -0.906487 2.735894 0.005358
v -0.917211 2.746618 -0.010950
v -0.917379 2.746786 -0.010950
v -0.926870 2.756277 -0.010950
v -0.936529 2.765936 0.001288
v -0.936530 2.765936 -0.006871
v -0.936529 2.765936 -0.002791
v -0.936529 2.765936 0.005368
v -0.936529 2.765936 -0.010950
v -0.907552 2.736959 -0.010950
v -0.917211 2.746618 0.005368
v -0.917379 2.746786 0.005368
v -0.907552 2.736959 0.005368
v -0.926870 2.756277 0.005368
v -0.956231 2.746618 0.005368
v -0.946572 2.756277 0.005368
v -0.936913 2.765936 0.001288
v -0.936913 2.765936 -0.006871
v -0.936913 2.765936 -0.002791
v -0.936913 2.765936 0.005368
v -0.936913 2.765936 -0.010950
v -0.962608 2.740242 0.005368
v -0.946572 2.756277 -0.010950
v -0.962608 2.740242 -0.010950
v -0.956231 2.746618 -0.010950
v -0.965891 2.736959 -0.010950
v -0.966955 2.735894 -0.010950
v -0.965891 2.736959 0.005368
v -0.966955 2.735894 0.005368
v -0.987337 2.756277 -0.010950
v -0.996162 2.765102 -0.010950
v -0.977678 2.746618 -0.010950
v -0.996162 2.765102 0.005368
v -0.996162 2.765102 -0.002791
v -0.996162 2.765102 -0.006871
v -0.996162 2.765102 0.001288
v -0.987337 2.756277 0.005368
v -0.968019 2.736959 -0.010950
v -0.977678 2.746618 0.005368
v -0.968019 2.736959 0.005368
vn -0.0000 -0.0042 -1.0000
vn -0.0001 -0.0069 -1.0000
vn -0.0000 -0.0000 -1.0000
vn -0.0001 -0.0049 -1.0000
vn 0.0004 -0.0043 -1.0000
vn -0.0000 -0.1408 -0.9900
vn -0.0003 -0.1465 -0.9892
vn -0.0000 -0.0065 -1.0000
vn -0.0000 -0.0080 -1.0000
vn -0.0000 -0.0040 -1.0000
vn -0.0016 -0.1742 -0.9847
vn -0.0001 -0.0086 -1.0000
vn -0.0027 -0.2881 -0.9576
vn 0.0018 -0.0062 -1.0000
vn 0.0009 -0.0031 -1.0000
vn 0.0014 -0.0050 -1.0000
vn -0.0000 -0.0040 1.0000
vn -0.0000 -0.0064 1.0000
vn -0.0000 -0.0000 1.0000
vn -0.0000 -0.1408 0.9900
vn -0.0000 -0.1402 0.9901
vn -0.0000 -0.0079 1.0000
vn -0.9999 -0.0149 0.0071
vn -0.9998 -0.0183 -0.0000
vn -1.0000 -0.0000 -0.0000
vn -0.9999 -0.0149 -0.0071
vn -0.9982 -0.0232 0.0550
vn -0.9994 -0.0297 0.0149
vn -0.9996 -0.0116 0.0275
vn -0.9993 -0.0366 -0.0000
vn -0.9994 -0.0297 -0.0149
vn -0.9982 -0.0232 -0.0550
vn -0.9996 -0.0116 -0.0275
vn 0.0004 -0.0043 1.0000
vn -0.0001 -0.0049 1.0000
vn -0.0001 -0.0069 1.0000
vn 0.0018 -0.0062 1.0000
vn -0.0027 -0.2882 0.9576
vn 0.0014 -0.0050 1.0000
vn 0.0009 -0.0031 1.0000
vn -0.0016 -0.1742 0.9847
vn -0.0003 -0.1465 0.9892
vn -0.0000 -0.0042 1.0000
vn -0.0001 -0.0086 1.0000
vn -0.0000 -0.0065 1.0000
vn -0.0000 -0.0080 1.0000
vn -0.0000 -0.0064 -1.0000
vn -0.0000 -0.1402 -0.9901
vn -0.0000 -0.0079 -1.0000
vn -0.0000 0.0062 -1.0000
vn -0.0000 0.0063 -1.0000
vn -0.0000 0.0125 -0.9999
vn -0.0000 0.0124 -0.9999
vn -0.0001 0.0077 1.0000
vn 0.0004 0.0066 1.0000
vn -0.0000 0.0065 1.0000
vn -0.0000 0.0063 1.0000
vn -0.0000 0.0125 0.9999
vn -0.0000 0.0130 0.9999
vn -0.0002 0.0154 0.9999
vn 0.0006 0.0138 0.9999
vn 0.0009 0.0049 1.0000
vn 0.0018 0.0097 1.0000
vn -0.9996 0.0286 -0.0000
vn -0.9997 0.0233 0.0072
vn -0.9997 0.0233 -0.0072
vn -0.9995 0.0182 -0.0275
vn -0.9978 0.0364 -0.0550
vn -0.8470 0.5277 0.0640
vn -0.8828 0.4698 -0.0000
vn -0.9988 0.0468 0.0143
vn -0.9995 0.0182 0.0275
vn -0.9978 0.0364 0.0550
vn -0.0000 0.0062 1.0000
vn -0.0000 0.0124 0.9999
vn -0.0001 0.0077 -1.0000
vn -0.0000 0.0065 -1.0000
vn 0.0004 0.0066 -1.0000
vn 0.0009 0.0049 -1.0000
vn 0.0018 0.0097 -1.0000
vn 0.0006 0.0138 -0.9999
vn -0.0002 0.0154 -0.9999
vn -0.0000 0.0130 -0.9999
vn -0.0000 0.4470 -0.8945
vn -0.0000 0.4224 -0.9064
vn -0.0000 0.2499 -0.9683
vn -0.0000 0.4092 -0.9125
vn -0.0000 0.4108 -0.9117
vn -0.0001 0.4485 -0.8938
vn -0.0001 0.4233 -0.9060
vn -0.0001 0.2502 -0.9682
vn -0.0001 0.0018 -1.0000
vn -0.0000 0.0018 -1.0000
vn -0.0183 0.6139 0.7891
vn -0.0043 0.5104 0.8599
vn -0.0066 0.4576 0.8891
vn -0.0271 0.5071 0.8614
vn -0.0008 0.4620 0.8869
vn -0.0013 0.4319 0.9019
vn -0.0081 0.2591 0.9658
vn -0.0296 0.2689 0.9627
vn -0.0016 0.2524 0.9676
vn -0.1189 0.9735 0.1955
vn -0.0052 0.7555 0.6551
vn -0.0688 0.7969 0.6002
vn -0.0030 0.5007 0.8656
vn -0.0005 0.4259 0.9048
vn -0.0000 0.4108 0.9117
vn -0.0001 0.4485 0.8938
vn -0.0001 0.4233 0.9060
vn -0.0001 0.2502 0.9682
vn -0.0001 0.0018 1.0000
vn -0.0018 0.0018 1.0000
vn -0.0089 0.0018 1.0000
vn -0.0324 0.0018 0.9995
vn -0.0913 0.2751 0.9571
vn -0.0963 0.0016 0.9954
vn -0.0915 0.5697 0.8168
vn -0.2805 0.9197 -0.2747
vn -0.4365 0.8997 -0.0000
vn -0.5241 0.8517 -0.0000
vn -0.3045 0.6441 -0.7017
vn -0.2805 0.9197 0.2747
vn -0.3045 0.6441 0.7017
vn -0.8631 0.5051 -0.0000
vn -0.2996 0.2734 -0.9141
vn -0.2995 0.2733 0.9141
vn -0.1189 0.9735 -0.1955
vn -0.2729 0.9515 -0.1424
vn -0.0688 0.7969 -0.6002
vn -0.3108 0.0013 0.9505
vn -1.0000 0.0022 -0.0000
vn -0.3109 0.0013 -0.9505
vn -0.0913 0.2751 -0.9571
vn -0.0963 0.0016 -0.9954
vn -0.0914 0.5697 -0.8168
vn -0.0000 0.4470 0.8945
vn -0.0000 0.4224 0.9064
vn -0.0000 0.2499 0.9683
vn -0.0000 0.4092 0.9125
vn -0.0000 0.0018 1.0000
vn -0.0008 0.4620 -0.8869
vn -0.0043 0.5104 -0.8599
vn -0.0066 0.4576 -0.8891
vn -0.0013 0.4319 -0.9019
vn -0.0183 0.6139 -0.7891
vn -0.0271 0.5071 -0.8614
vn -0.0081 0.2591 -0.9658
vn -0.0016 0.2524 -0.9676
vn -0.0296 0.2688 -0.9627
vn -0.0005 0.4259 -0.9048
vn -0.0030 0.5007 -0.8656
vn -0.0052 0.7555 -0.6551
vn -0.0324 0.0018 -0.9995
vn -0.0089 0.0018 -1.0000
vn -0.0018 0.0018 -1.0000
vn -0.0000 -0.2374 -0.9714
vn -0.0000 -0.3932 -0.9195
vn -0.0000 -0.3932 -0.9194
vn -0.0000 -0.4055 -0.9141
vn -0.0001 -0.2376 -0.9714
vn -0.0001 -0.3941 -0.9190
vn -0.0001 -0.4069 -0.9135
vn -0.0000 -0.1848 -0.9828
vn -0.0000 -0.1840 -0.9829
vn -0.0298 -0.2556 0.9663
vn -0.0082 -0.2462 0.9692
vn -0.0067 -0.4275 0.9040
vn -0.0275 -0.4758 0.8791
vn -0.0017 -0.2398 0.9708
vn -0.0013 -0.4024 0.9155
vn -0.0044 -0.4667 0.8844
vn -0.0189 -0.5697 0.8216
vn -0.0008 -0.4197 0.9077
vn -0.0918 -0.2615 0.9608
vn -0.0001 -0.2376 0.9714
vn -0.0001 -0.3941 0.9190
vn -0.0001 -0.4069 0.9135
vn -0.0000 -0.1848 0.9828
vn -0.0003 -0.1917 0.9815
vn -0.0030 -0.4480 0.8940
vn -0.0051 -0.7090 0.7052
vn -0.0732 -0.7618 0.6437
vn -0.1354 -0.9669 0.2161
vn -0.0930 -0.5383 0.8376
vn -0.3015 -0.2593 -0.9175
vn -0.8765 -0.4813 -0.0000
vn -0.5585 -0.8295 -0.0000
vn -0.3124 -0.6141 -0.7248
vn -0.3015 -0.2593 0.9175
vn -0.3124 -0.6141 0.7248
vn -0.4829 -0.8757 -0.0000
vn -0.3093 -0.9028 -0.2988
vn -0.3093 -0.9028 0.2988
vn -0.0918 -0.2615 -0.9608
vn -0.8582 -0.5084 0.0708
vn -0.8944 -0.4472 -0.0000
vn -0.3084 -0.9381 -0.1578
vn -0.0732 -0.7618 -0.6437
vn -0.1354 -0.9669 -0.2161
vn -0.0930 -0.5383 -0.8376
vn -0.0000 -0.2374 0.9714
vn -0.0000 -0.3932 0.9195
vn -0.0000 -0.3932 0.9194
vn -0.0000 -0.4055 0.9141
vn -0.0000 -0.1840 0.9829
vn -0.0017 -0.2398 -0.9708
vn -0.0082 -0.2462 -0.9692
vn -0.0067 -0.4275 -0.9040
vn -0.0013 -0.4024 -0.9155
vn -0.0298 -0.2557 -0.9663
vn -0.0275 -0.4758 -0.8791
vn -0.0044 -0.4667 -0.8844
vn -0.0008 -0.4197 -0.9077
vn -0.0189 -0.5697 -0.8216
vn -0.0051 -0.7090 -0.7052
vn -0.0030 -0.4480 -0.8940
vn -0.0003 -0.1917 -0.9815
vn -0.0000 -0.0051 -1.0000
vn -0.0000 0.0051 -1.0000
vn -0.0000 0.0103 -0.9999
vn -0.0000 0.0102 -0.9999
vn 0.0004 -0.0055 1.0000
vn -0.0001 -0.0063 1.0000
vn -0.0000 -0.0054 1.0000
vn -0.0001 0.0064 1.0000
vn 0.0004 0.0055 1.0000
vn -0.0000 0.0054 1.0000
vn 0.0018 -0.0080 1.0000
vn 0.0007 -0.0113 0.9999
vn 0.0009 -0.0040 1.0000
vn -0.0002 -0.0126 0.9999
vn -0.0000 -0.0051 1.0000
vn -0.0000 0.0051 1.0000
vn -0.0000 0.0103 0.9999
vn -0.0000 0.0107 0.9999
vn -0.0002 0.0127 0.9999
vn 0.0007 0.0113 0.9999
vn 0.0009 0.0040 1.0000
vn 0.0018 0.0080 1.0000
vn -0.9998 -0.0192 0.0072
vn -0.9997 -0.0235 -0.0000
vn -0.9998 -0.0192 -0.0072
vn -0.9997 0.0236 -0.0000
vn -0.9998 0.0192 0.0072
vn -0.9998 0.0192 -0.0072
vn -0.9980 -0.0299 0.0550
vn -0.9992 -0.0383 0.0146
vn -0.9995 -0.0149 0.0275
vn -0.9980 -0.0299 -0.0550
vn -0.9995 -0.0149 -0.0275
vn -0.9995 0.0150 -0.0276
vn -0.9980 0.0299 -0.0551
vn -0.9992 0.0384 -0.0147
vn -0.9989 0.0472 -0.0000
vn -0.9992 0.0384 0.0147
vn -0.9995 0.0150 0.0276
vn -0.9980 0.0299 0.0551
vn -0.0000 0.0102 0.9999
vn -0.0000 -0.0054 -1.0000
vn -0.0001 -0.0063 -1.0000
vn 0.0004 -0.0055 -1.0000
vn -0.0001 0.0064 -1.0000
vn -0.0000 0.0054 -1.0000
vn 0.0004 0.0055 -1.0000
vn -0.0002 -0.0126 -0.9999
vn 0.0007 -0.0113 -0.9999
vn 0.0018 -0.0080 -1.0000
vn 0.0009 -0.0040 -1.0000
vn 0.0009 0.0040 -1.0000
vn 0.0018 0.0080 -1.0000
vn 0.0007 0.0113 -0.9999
vn -0.0002 0.0127 -0.9999
vn -0.0000 0.0107 -0.9999
vn -0.0000 0.4423 -0.8969
vn -0.0000 0.4160 -0.9093
vn -0.0000 0.4161 -0.9093
vn -0.0000 0.2335 -0.9723
vn -0.0000 0.3966 -0.9180
vn -0.0000 0.3965 -0.9180
vn -0.0000 0.3981 -0.9173
vn -0.0001 0.4438 -0.8961
vn -0.0001 0.4170 -0.9089
vn -0.0001 0.2338 -0.9723
vn -0.0001 0.0065 -1.0000
vn -0.0181 0.6093 0.7928
vn -0.0043 0.5055 0.8628
vn -0.0067 0.4509 0.8926
vn -0.0273 0.4999 0.8656
vn -0.0008 0.4571 0.8894
vn -0.0013 0.4255 0.9050
vn -0.0082 0.2425 0.9701
vn -0.0297 0.2523 0.9672
vn -0.0017 0.2360 0.9718
vn -0.1216 0.9752 0.1851
vn -0.0039 0.7490 0.6626
vn -0.0680 0.7963 0.6010
vn -0.0030 0.4865 0.8737
vn -0.0005 0.4129 0.9108
vn -0.0000 0.3981 0.9173
vn -0.0001 0.4438 0.8961
vn -0.0001 0.4170 0.9089
vn -0.0001 0.2338 0.9723
vn -0.0001 0.0065 1.0000
vn -0.0018 0.0065 1.0000
vn -0.0089 0.0065 0.9999
vn -0.0327 0.0063 0.9994
vn -0.0915 0.2591 0.9615
vn -0.0972 0.0058 0.9953
vn -0.0920 0.5625 0.8217
vn -0.2838 0.9204 -0.2690
vn -0.4447 0.8957 -0.0000
vn -0.3928 0.8271 -0.4019
vn -0.3062 0.6374 -0.7071
vn -0.2838 0.9204 0.2690
vn -0.3062 0.6374 0.7071
vn -0.3928 0.8271 0.4019
vn -0.4920 0.4217 -0.7616
vn -0.4976 0.2741 -0.8230
vn -0.3006 0.2584 -0.9181
vn -0.4920 0.4218 0.7616
vn -0.3006 0.2584 0.9181
vn -0.4975 0.2741 0.8230
vn -0.1216 0.9752 -0.1851
vn -0.2814 0.9497 -0.1375
vn -0.0680 0.7963 -0.6010
vn -0.4518 0.8921 -0.0000
vn -0.2814 0.9497 0.1376
vn -0.3128 0.0046 0.9498
vn -0.4864 0.0038 0.8737
vn -0.4864 0.0038 -0.8737
vn -0.3128 0.0046 -0.9498
vn -0.0915 0.2591 -0.9615
vn -0.0972 0.0058 -0.9953
vn -0.0920 0.5625 -0.8217
vn -0.0000 0.4423 0.8969
vn -0.0000 0.4160 0.9093
vn -0.0000 0.4161 0.9093
vn -0.0000 0.2335 0.9723
vn -0.0000 0.3965 0.9180
vn -0.0000 0.3966 0.9180
vn -0.0008 0.4572 -0.8894
vn -0.0043 0.5056 -0.8628
vn -0.0067 0.4509 -0.8926
vn -0.0013 0.4255 -0.9050
vn -0.0181 0.6093 -0.7928
vn -0.0273 0.5000 -0.8656
vn -0.0082 0.2425 -0.9701
vn -0.0017 0.2360 -0.9718
vn -0.0297 0.2523 -0.9672
vn -0.0005 0.4129 -0.9108
vn -0.0030 0.4865 -0.8737
vn -0.0039 0.7489 -0.6626
vn -0.0327 0.0063 -0.9994
vn -0.0089 0.0065 -0.9999
vn -0.0018 0.0065 -1.0000
vn -0.0000 -0.1866 -0.9824
vn -0.0000 -0.3027 -0.9531
vn -0.0000 -0.3089 -0.9511
vn -0.0001 -0.1868 -0.9824
vn -0.0001 -0.3035 -0.9528
vn -0.0001 -0.3101 -0.9507
vn -0.0305 -0.2023 0.9789
vn -0.0084 -0.1941 0.9809
vn -0.0070 -0.3326 0.9431
vn -0.0284 -0.3747 0.9267
vn -0.0017 -0.1886 0.9820
vn -0.0014 -0.3105 0.9506
vn -0.0047 -0.3614 0.9324
vn -0.0208 -0.4568 0.8893
vn -0.0008 -0.3207 0.9472
vn -0.0937 -0.2070 0.9739
vn -0.0001 -0.1868 0.9824
vn -0.0001 -0.3035 0.9528
vn -0.0001 -0.3101 0.9507
vn -0.0780 -0.6248 0.7768
vn -0.0067 -0.6284 0.7779
vn -0.0972 -0.4331 0.8961
vn -0.3086 -0.2046 -0.9289
vn -0.5058 -0.2119 -0.8363
vn -0.5204 -0.5709 -0.6350
vn -0.3352 -0.5083 -0.7932
vn -0.5058 -0.2119 0.8362
vn -0.3086 -0.2046 0.9289
vn -0.3353 -0.5083 0.7932
vn -0.5204 -0.5709 0.6350
vn -0.6013 -0.7990 -0.0000
vn -0.3882 -0.8390 -0.3813
vn -0.3882 -0.8390 0.3813
vn -0.0937 -0.2070 -0.9739
vn -0.2044 -0.9589 0.1965
vn -0.3969 -0.8937 0.2092
vn -0.6075 -0.7943 -0.0000
vn -0.3969 -0.8937 -0.2092
vn -0.2044 -0.9589 -0.1965
vn -0.0972 -0.4331 -0.8961
vn -0.0780 -0.6248 -0.7769
vn -0.0000 -0.1867 0.9824
vn -0.0000 -0.1866 0.9824
vn -0.0000 -0.3027 0.9531
vn -0.0000 -0.3089 0.9511
vn -0.0017 -0.1886 -0.9820
vn -0.0084 -0.1941 -0.9809
vn -0.0070 -0.3326 -0.9431
vn -0.0014 -0.3105 -0.9506
vn -0.0305 -0.2023 -0.9789
vn -0.0284 -0.3747 -0.9267
vn -0.0047 -0.3614 -0.9324
vn -0.0008 -0.3207 -0.9472
vn -0.0208 -0.4568 -0.8893
vn -0.0067 -0.6284 -0.7779
vn 0.0001 -0.0069 -1.0000
vn 0.0001 -0.0049 -1.0000
vn 0.0003 -0.0089 -1.0000
vn 0.0003 -0.1465 -0.9892
vn -0.0004 -0.0043 -1.0000
vn -0.0009 -0.0031 -1.0000
vn 0.0027 -0.2881 -0.9576
vn -0.0018 -0.0062 -1.0000
vn 0.0016 -0.1742 -0.9847
vn 0.0004 -0.0110 -0.9999
vn 0.0001 -0.0086 -1.0000
vn 0.9999 -0.0149 0.0071
vn 1.0000 -0.0000 -0.0000
vn 0.9998 -0.0183 -0.0000
vn 0.9999 -0.0149 -0.0071
vn 0.9982 -0.0232 0.0550
vn 0.9996 -0.0116 0.0275
vn 0.9994 -0.0298 0.0149
vn 0.9996 -0.0116 -0.0275
vn 0.9994 -0.0298 -0.0149
vn 0.9982 -0.0232 -0.0550
vn 0.9993 -0.0366 -0.0000
vn -0.0004 -0.0043 1.0000
vn 0.0003 -0.0089 1.0000
vn 0.0001 -0.0049 1.0000
vn 0.0001 -0.0069 1.0000
vn -0.0018 -0.0062 1.0000
vn -0.0009 -0.0031 1.0000
vn 0.0027 -0.2881 0.9576
vn 0.0003 -0.1465 0.9892
vn 0.0016 -0.1743 0.9847
vn 0.0001 -0.0086 1.0000
vn 0.0004 -0.0110 0.9999
vn -0.0004 0.0066 1.0000
vn 0.0001 0.0077 1.0000
vn -0.0009 0.0049 1.0000
vn -0.0018 0.0097 1.0000
vn -0.0006 0.0138 0.9999
vn 0.0002 0.0154 0.9999
vn 0.9997 0.0233 0.0072
vn 0.9996 0.0286 -0.0000
vn 0.9997 0.0233 -0.0072
vn 1.0000 -0.0000 0.0001
vn 0.9995 0.0182 0.0275
vn 0.9978 0.0364 0.0550
vn 0.9988 0.0468 0.0143
vn 0.9984 0.0572 -0.0000
vn 0.9988 0.0468 -0.0143
vn 0.9978 0.0364 -0.0550
vn 0.9995 0.0182 -0.0275
vn 1.0000 -0.0000 -0.0001
vn 0.0001 0.0077 -1.0000
vn -0.0004 0.0066 -1.0000
vn 0.0002 0.0154 -0.9999
vn -0.0006 0.0138 -0.9999
vn -0.0018 0.0097 -1.0000
vn -0.0009 0.0049 -1.0000
vn 0.0001 0.0018 -1.0000
vn 0.0001 0.2501 -0.9682
vn 0.0001 0.4233 -0.9060
vn 0.0001 0.4485 -0.8938
vn -0.0000 0.4091 -0.9125
vn 0.0183 0.6139 0.7891
vn 0.0271 0.5071 0.8614
vn 0.0066 0.4576 0.8891
vn 0.0043 0.5105 0.8599
vn 0.0296 0.2688 0.9627
vn 0.0081 0.2591 0.9658
vn 0.0013 0.4319 0.9019
vn 0.0008 0.4620 0.8869
vn 0.0016 0.2524 0.9676
vn 0.1190 0.9735 0.1955
vn 0.0688 0.7969 0.6002
vn 0.0052 0.7555 0.6551
vn 0.0914 0.5697 0.8168
vn 0.0913 0.2751 0.9571
vn 0.0963 0.0016 0.9954
vn 0.0324 0.0018 0.9995
vn 0.0089 0.0018 1.0000
vn 0.0018 0.0018 1.0000
vn 0.0001 0.0018 1.0000
vn 0.0001 0.2501 0.9682
vn 0.0001 0.4233 0.9060
vn 0.0001 0.4485 0.8938
vn 0.0005 0.4259 0.9048
vn 0.0030 0.5007 0.8656
vn 0.2805 0.9197 -0.2746
vn 0.3045 0.6441 -0.7017
vn 0.3952 0.8248 -0.4043
vn 0.4364 0.8997 -0.0000
vn 0.2996 0.2733 -0.9141
vn 0.4952 0.2898 -0.8190
vn 0.4874 0.4395 -0.7545
vn 0.3952 0.8248 0.4044
vn 0.3045 0.6441 0.7017
vn 0.2805 0.9197 0.2747
vn 0.4874 0.4396 0.7545
vn 0.4952 0.2898 0.8190
vn 0.2996 0.2733 0.9141
vn 0.1189 0.9735 -0.1955
vn 0.0688 0.7969 -0.6002
vn 0.2729 0.9515 -0.1424
vn 0.0914 0.5697 -0.8168
vn 0.0913 0.2751 -0.9571
vn 0.0963 0.0016 -0.9954
vn 0.3109 0.0013 -0.9505
vn 0.4864 0.0011 -0.8737
vn 0.4864 0.0011 0.8737
vn 0.3109 0.0013 0.9505
vn 0.2729 0.9515 0.1424
vn 0.4384 0.8988 -0.0000
vn 0.0008 0.4620 -0.8869
vn 0.0013 0.4319 -0.9019
vn 0.0066 0.4576 -0.8891
vn 0.0043 0.5105 -0.8599
vn 0.0016 0.2524 -0.9676
vn 0.0081 0.2591 -0.9658
vn 0.0271 0.5071 -0.8614
vn 0.0183 0.6139 -0.7891
vn 0.0296 0.2688 -0.9627
vn 0.0005 0.4259 -0.9048
vn 0.0018 0.0018 -1.0000
vn 0.0089 0.0018 -1.0000
vn 0.0324 0.0018 -0.9995
vn 0.0052 0.7555 -0.6551
vn 0.0030 0.5007 -0.8656
vn 0.0001 -0.4069 -0.9135
vn 0.0001 -0.3941 -0.9190
vn 0.0001 -0.2376 -0.9714
vn 0.0298 -0.2556 0.9663
vn 0.0275 -0.4758 0.8791
vn 0.0067 -0.4275 0.9040
vn 0.0082 -0.2462 0.9692
vn 0.0190 -0.5697 0.8216
vn 0.0044 -0.4667 0.8844
vn 0.0013 -0.4024 0.9155
vn 0.0017 -0.2398 0.9708
vn 0.0008 -0.4197 0.9077
vn 0.0918 -0.2615 0.9608
vn 0.0930 -0.5383 0.8376
vn 0.0732 -0.7618 0.6437
vn 0.1354 -0.9669 0.2161
vn 0.0051 -0.7090 0.7052
vn 0.0030 -0.4480 0.8940
vn 0.0003 -0.1917 0.9815
vn 0.0001 -0.4069 0.9135
vn 0.0001 -0.3941 0.9190
vn 0.0001 -0.2376 0.9714
vn 0.3015 -0.2593 -0.9175
vn 0.3124 -0.6141 -0.7248
vn 0.4610 -0.6847 -0.5646
vn 0.4978 -0.2734 -0.8231
vn 0.3092 -0.9028 -0.2988
vn 0.4829 -0.8757 -0.0000
vn 0.4978 -0.2734 0.8231
vn 0.4610 -0.6847 0.5645
vn 0.3124 -0.6141 0.7248
vn 0.3015 -0.2593 0.9175
vn 0.3092 -0.9028 0.2988
vn 0.0918 -0.2614 -0.9608
vn 0.0930 -0.5383 -0.8376
vn 0.0732 -0.7618 -0.6437
vn 0.1354 -0.9669 -0.2161
vn 0.3083 -0.9381 -0.1578
vn 0.4896 -0.8719 -0.0000
vn 0.3083 -0.9381 0.1578
vn 0.0017 -0.2398 -0.9708
vn 0.0013 -0.4024 -0.9155
vn 0.0067 -0.4275 -0.9040
vn 0.0082 -0.2462 -0.9692
vn 0.0008 -0.4197 -0.9077
vn 0.0044 -0.4667 -0.8844
vn 0.0275 -0.4758 -0.8791
vn 0.0298 -0.2556 -0.9663
vn 0.0190 -0.5697 -0.8216
vn 0.0003 -0.1917 -0.9815
vn 0.0030 -0.4480 -0.8940
vn 0.0051 -0.7090 -0.7052
vn -0.0004 -0.0055 1.0000
vn 0.0001 -0.0063 1.0000
vn -0.0004 0.0055 1.0000
vn 0.0001 0.0064 1.0000
vn -0.0018 -0.0080 1.0000
vn -0.0009 -0.0040 1.0000
vn -0.0007 -0.0113 0.9999
vn -0.0009 0.0040 1.0000
vn -0.0018 0.0080 1.0000
vn -0.0007 0.0113 0.9999
vn 0.0002 0.0127 0.9999
vn 0.0002 -0.0126 0.9999
vn 0.9998 -0.0192 0.0072
vn 0.9997 -0.0235 -0.0000
vn 0.9998 0.0192 0.0072
vn 0.9997 0.0236 -0.0000
vn 0.9998 -0.0192 -0.0072
vn 0.9998 0.0192 -0.0072
vn 0.9980 -0.0299 0.0550
vn 0.9995 -0.0149 0.0276
vn 0.9992 -0.0384 0.0146
vn 0.9995 0.0150 0.0276
vn 0.9980 0.0299 0.0551
vn 0.9992 0.0384 0.0147
vn 0.9989 0.0472 -0.0000
vn 0.9992 0.0384 -0.0147
vn 0.9980 0.0299 -0.0551
vn 0.9995 0.0150 -0.0276
vn 0.9995 -0.0149 -0.0276
vn 0.9992 -0.0384 -0.0146
vn 0.9980 -0.0299 -0.0550
vn 0.9989 -0.0470 -0.0000
vn 0.0001 -0.0063 -1.0000
vn 0.0001 0.0064 -1.0000
vn -0.0004 -0.0055 -1.0000
vn -0.0004 0.0055 -1.0000
vn 0.0002 0.0127 -0.9999
vn -0.0007 0.0113 -0.9999
vn -0.0018 0.0080 -1.0000
vn -0.0009 0.0040 -1.0000
vn -0.0009 -0.0040 -1.0000
vn -0.0007 -0.0113 -0.9999
vn -0.0018 -0.0080 -1.0000
vn 0.0002 -0.0126 -0.9999
vn -0.0000 0.2336 -0.9723
vn 0.0001 0.0065 -1.0000
vn 0.0001 0.2338 -0.9723
vn 0.0001 0.4170 -0.9089
vn 0.0001 0.4438 -0.8961
vn 0.0181 0.6093 0.7927
vn 0.0273 0.4999 0.8656
vn 0.0067 0.4509 0.8926
vn 0.0043 0.5055 0.8628
vn 0.0297 0.2523 0.9672
vn 0.0082 0.2425 0.9701
vn 0.0013 0.4254 0.9050
vn 0.0008 0.4571 0.8894
vn 0.0017 0.2360 0.9718
vn 0.1216 0.9752 0.1851
vn 0.0680 0.7963 0.6010
vn 0.0039 0.7490 0.6626
vn 0.0920 0.5625 0.8217
vn 0.0915 0.2591 0.9615
vn 0.0972 0.0058 0.9953
vn 0.0327 0.0063 0.9994
vn 0.0089 0.0065 0.9999
vn 0.0018 0.0065 1.0000
vn 0.0001 0.0065 1.0000
vn 0.0001 0.2338 0.9723
vn 0.0001 0.4170 0.9089
vn 0.0001 0.4438 0.8961
vn 0.0005 0.4130 0.9107
vn 0.0030 0.4865 0.8737
vn 0.2838 0.9204 -0.2691
vn 0.3062 0.6374 -0.7071
vn 0.3929 0.8271 -0.4020
vn 0.4447 0.8957 -0.0000
vn 0.3006 0.2584 -0.9181
vn 0.4976 0.2741 -0.8230
vn 0.4920 0.4218 -0.7616
vn 0.3928 0.8271 0.4020
vn 0.3062 0.6374 0.7071
vn 0.2838 0.9204 0.2691
vn 0.4920 0.4218 0.7616
vn 0.4976 0.2741 0.8230
vn 0.3006 0.2584 0.9181
vn 0.1216 0.9752 -0.1851
vn 0.0680 0.7963 -0.6011
vn 0.2814 0.9497 -0.1376
vn 0.0920 0.5625 -0.8217
vn 0.0915 0.2591 -0.9615
vn 0.0972 0.0058 -0.9953
vn 0.3128 0.0046 -0.9498
vn 0.4864 0.0038 -0.8737
vn 0.4864 0.0038 0.8737
vn 0.3128 0.0046 0.9498
vn 0.2814 0.9497 0.1376
vn 0.4517 0.8922 -0.0000
vn 0.0008 0.4571 -0.8894
vn 0.0013 0.4254 -0.9050
vn 0.0067 0.4509 -0.8926
vn 0.0043 0.5055 -0.8628
vn 0.0017 0.2360 -0.9718
vn 0.0082 0.2425 -0.9701
vn 0.0273 0.4999 -0.8656
vn 0.0181 0.6093 -0.7928
vn 0.0297 0.2523 -0.9672
vn 0.0005 0.4130 -0.9107
vn 0.0018 0.0065 -1.0000
vn 0.0089 0.0065 -0.9999
vn 0.0327 0.0063 -0.9994
vn 0.0039 0.7490 -0.6626
vn 0.0030 0.4865 -0.8737
vn 0.0001 -0.3101 -0.9507
vn 0.0001 -0.3035 -0.9528
vn 0.0001 -0.1868 -0.9824
vn 0.0305 -0.2023 0.9789
vn 0.0284 -0.3747 0.9267
vn 0.0070 -0.3326 0.9431
vn 0.0084 -0.1941 0.9809
vn 0.0208 -0.4568 0.8893
vn 0.0047 -0.3614 0.9324
vn 0.0014 -0.3105 0.9506
vn 0.0017 -0.1886 0.9820
vn 0.0008 -0.3208 0.9472
vn 0.0937 -0.2070 0.9738
vn 0.0972 -0.4331 0.8961
vn 0.0780 -0.6248 0.7769
vn 0.0067 -0.6284 0.7779
vn 0.0001 -0.3101 0.9507
vn 0.0001 -0.3035 0.9528
vn 0.0001 -0.1868 0.9824
vn 0.3086 -0.2046 -0.9289
vn 0.3352 -0.5083 -0.7932
vn 0.5204 -0.5708 -0.6351
vn 0.5058 -0.2119 -0.8362
vn 0.3882 -0.8390 -0.3813
vn 0.6013 -0.7990 -0.0000
vn 0.5058 -0.2118 0.8362
vn 0.5204 -0.5709 0.6351
vn 0.3353 -0.5083 0.7932
vn 0.3086 -0.2046 0.9289
vn 0.3882 -0.8390 0.3813
vn 0.0937 -0.2070 -0.9738
vn 0.0972 -0.4331 -0.8961
vn 0.0780 -0.6248 -0.7769
vn 0.2044 -0.9589 -0.1965
vn 0.3969 -0.8937 -0.2092
vn 0.6075 -0.7943 -0.0000
vn 0.3969 -0.8937 0.2092
vn 0.2044 -0.9589 0.1965
vn 0.0017 -0.1886 -0.9820
vn 0.0014 -0.3105 -0.9506
vn 0.0070 -0.3326 -0.9431
vn 0.0084 -0.1941 -0.9809
vn 0.0008 -0.3207 -0.9472
vn 0.0047 -0.3614 -0.9324
vn 0.0284 -0.3747 -0.9267
vn 0.0305 -0.2023 -0.9789
vn 0.0208 -0.4568 -0.8893
vn 0.0067 -0.6284 -0.7779
vn -0.0000 1.0000 -0.0000
vn 0.0004 1.0000 -0.0000
vn -0.7071 0.7071 -0.0000
vn 0.0002 1.0000 -0.0000
vn -0.0002 1.0000 -0.0000
vn 0.7071 0.7071 -0.0000
vn -0.0004 1.0000 -0.0000
vn -0.0000 1.0000 -0.0001
vt 0.625000 0.268303
vt 0.625000 0.261289
vt 0.625000 0.262034
vt 0.625000 0.266566
vt 0.625000 0.268158
vt 0.625000 0.259807
vt 0.625000 0.254189
vt 0.625000 0.254177
vt 0.625000 0.254911
vt 0.625000 0.259524
vt 0.625000 0.255758
vt 0.625000 0.257834
vt 0.625000 0.259512
vt 0.625000 0.281370
vt 0.625000 0.268395
vt 0.625000 0.268517
vt 0.625000 0.268661
vt 0.625000 0.268783
vt 0.625000 0.276049
vt 0.625000 0.276198
vt 0.625000 0.276314
vt 0.625000 0.281208
vt 0.625000 0.259645
vt 0.625000 0.261025
vt 0.625000 0.261141
vt 0.625000 0.253407
vt 0.625000 0.250000
vt 0.625000 0.250000
vt 0.625000 0.253514
vt 0.625000 0.253565
vt 0.625000 0.253779
vt 0.625000 0.280073
vt 0.625000 0.276474
vt 0.625000 0.274486
vt 0.625000 0.276639
vt 0.625000 0.276761
vt 0.625000 0.951003
vt 0.625000 0.945385
vt 0.625000 0.946850
vt 0.625000 0.951145
vt 0.625000 0.951328
vt 0.625000 0.932148
vt 0.625000 0.928189
vt 0.625000 0.928193
vt 0.625000 0.931337
vt 0.625000 0.931978
vt 0.625000 0.968630
vt 0.625000 0.950899
vt 0.625000 0.951524
vt 0.625000 0.951641
vt 0.625000 0.951783
vt 0.625000 0.958871
vt 0.625000 0.958985
vt 0.625000 0.959130
vt 0.625000 0.966219
vt 0.625000 0.966330
vt 0.625000 0.966477
vt 0.625000 0.968793
vt 0.625000 0.932202
vt 0.625000 0.932595
vt 0.625000 0.932712
vt 0.625000 0.932816
vt 0.625000 0.938880
vt 0.625000 0.938990
vt 0.625000 0.939101
vt 0.625000 0.945164
vt 0.625000 0.945268
vt 0.625000 0.917411
vt 0.625000 0.917144
vt 0.625000 0.919172
vt 0.625000 0.919278
vt 0.625000 0.919328
vt 0.625000 0.923602
vt 0.625000 0.923701
vt 0.625000 0.923758
vt 0.625000 0.928033
vt 0.625000 0.928124
vt 0.625000 0.911399
vt 0.625000 0.911019
vt 0.625000 0.911083
vt 0.625000 0.911158
vt 0.625000 0.911143
vt 0.625000 0.912794
vt 0.625000 0.912865
vt 0.625000 0.912854
vt 0.625000 0.914505
vt 0.625000 0.914572
vt 0.625000 0.914565
vt 0.625000 0.916216
vt 0.625000 0.916280
vt 0.625000 0.916276
vt 0.625000 0.914601
vt 0.625000 0.915272
vt 0.625000 0.909825
vt 0.625000 0.910346
vt 0.625000 0.902086
vt 0.625000 0.902135
vt 0.625000 0.903385
vt 0.625000 0.969927
vt 0.625000 0.968760
vt 0.625000 0.973240
vt 0.625000 0.187500
vt 0.625000 0.125000
vt 0.625000 0.187500
vt 0.625000 0.062500
vt 0.625000 0.062500
vt 0.625000 0.187500
vt 0.625000 0.186712
vt 0.625000 0.124797
vt 0.625000 0.062475
vt 0.625000 0.000000
vt 0.625000 0.000000
vt 0.625000 0.000000
vt 0.625000 0.062500
vt 0.625000 0.187500
vt 0.625000 0.250000
vt 0.625000 0.995811
vt 0.625000 0.990193
vt 0.625000 0.990476
vt 0.625000 0.995089
vt 0.625000 0.995823
vt 0.625000 0.988975
vt 0.625000 0.990457
vt 0.625000 0.990488
vt 0.625000 1.000000
vt 0.625000 0.995806
vt 0.625000 0.996221
vt 0.625000 0.996358
vt 0.625000 0.996486
vt 0.625000 1.000000
vt 0.625000 0.990152
vt 0.625000 0.981580
vt 0.625000 0.981697
vt 0.625000 0.988711
vt 0.625000 0.988838
vt 0.625000 0.973686
vt 0.625000 0.973801
vt 0.625000 0.973951
vt 0.625000 0.981217
vt 0.625000 0.981336
vt 0.625000 0.981483
vt 0.625000 0.981842
vt 0.625000 1.000000
vt 0.625000 0.998930
vt 0.625000 0.997712
vt 0.625000 0.332856
vt 0.625000 0.330828
vt 0.625000 0.333277
vt 0.625000 0.334728
vt 0.625000 0.317852
vt 0.625000 0.317405
vt 0.625000 0.318022
vt 0.625000 0.338818
vt 0.625000 0.339654
vt 0.625000 0.338602
vt 0.625000 0.332589
vt 0.625000 0.333724
vt 0.625000 0.333721
vt 0.625000 0.333784
vt 0.625000 0.335435
vt 0.625000 0.335428
vt 0.625000 0.335495
vt 0.625000 0.337146
vt 0.625000 0.337135
vt 0.625000 0.337206
vt 0.625000 0.338857
vt 0.625000 0.338842
vt 0.625000 0.338917
vt 0.625000 0.338981
vt 0.625000 0.317798
vt 0.625000 0.321812
vt 0.625000 0.321876
vt 0.625000 0.321967
vt 0.625000 0.326242
vt 0.625000 0.326299
vt 0.625000 0.326398
vt 0.625000 0.330673
vt 0.625000 0.330723
vt 0.625000 0.299101
vt 0.625000 0.298997
vt 0.625000 0.304615
vt 0.625000 0.304732
vt 0.625000 0.304836
vt 0.625000 0.310899
vt 0.625000 0.311010
vt 0.625000 0.311120
vt 0.625000 0.317184
vt 0.625000 0.317289
vt 0.625000 0.283523
vt 0.625000 0.283670
vt 0.625000 0.283782
vt 0.625000 0.290870
vt 0.625000 0.291015
vt 0.625000 0.291129
vt 0.625000 0.298217
vt 0.625000 0.298359
vt 0.625000 0.298476
vt 0.625000 0.298672
vt 0.625000 0.346615
vt 0.625000 0.339599
vt 0.625000 0.339781
vt 0.625000 0.320168
vt 0.625000 0.318556
vt 0.625000 0.334769
vt 0.625000 0.299397
vt 0.625000 0.299196
vt 0.625000 0.317893
vt 0.625000 0.332861
vt 0.625000 0.299113
vt 0.625000 0.338981
vt 0.625000 0.341635
vt 0.625000 0.349597
vt 0.625000 0.981580
vt 0.625000 0.968630
vt 0.625000 0.125000
vt 0.625000 0.124797
vt 0.625000 0.186712
vt 0.625000 0.950603
vt 0.625000 0.929832
vt 0.625000 0.931444
vt 0.625000 0.950804
vt 0.625000 0.910219
vt 0.625000 0.915231
vt 0.625000 0.932107
vt 0.625000 0.950887
vt 0.625000 0.917139
vt 0.625000 0.900403
vt 0.625000 0.908365
vt 0.625000 0.911019
vt 0.625000 0.268420
vt 0.625000 0.259848
vt 0.625000 0.254194
vt 0.625000 0.268420
vt 0.625000 0.254194
vt 0.625000 0.259645
vt 0.625000 0.332589
vt 0.625000 0.317798
vt 0.625000 0.317798
vt 0.625000 0.332589
vt 0.625000 0.299101
vt 0.625000 0.317798
vt 0.625000 0.332589
vt 0.625000 0.299101
vt 0.625000 0.281370
vt 0.625000 0.338602
vt 0.625000 0.338602
vt 0.625000 0.990152
vt 0.625000 0.981580
vt 0.625000 0.990152
vt 0.625000 0.981580
vt 0.625000 0.968630
vt 0.625000 0.178746
vt 0.625000 0.122662
vt 0.625000 0.120934
vt 0.625000 0.173371
vt 0.625000 0.062208
vt 0.625000 0.061992
vt 0.625000 0.120223
vt 0.625000 0.171325
vt 0.625000 0.061903
vt 0.625000 0.222759
vt 0.625000 0.061890
vt 0.625000 0.120121
vt 0.625000 0.171033
vt 0.625000 0.211374
vt 0.625000 0.210967
vt 0.625000 0.214220
vt 0.625000 0.950899
vt 0.625000 0.932202
vt 0.625000 0.932202
vt 0.625000 0.917411
vt 0.625000 0.932202
vt 0.625000 0.950899
vt 0.625000 0.917411
vt 0.625000 0.911399
vt 0.625000 0.911399
vt 0.625000 0.950899
vt 0.625000 0.268128
vt 0.625000 0.257510
vt 0.625000 0.255782
vt 0.625000 0.267912
vt 0.625000 0.245440
vt 0.625000 0.240065
vt 0.625000 0.255071
vt 0.625000 0.267823
vt 0.625000 0.238020
vt 0.625000 0.237728
vt 0.625000 0.254969
vt 0.625000 0.267810
vt 0.625000 0.317798
vt 0.625000 0.338602
vt 0.625000 0.281370
vt 0.625000 0.338601
vt 0.625000 0.061992
vt 0.625000 0.214220
vt 0.625000 0.950899
vt 0.625000 0.917411
vt 0.625000 0.911399
vt 0.625000 0.911398
vt 0.625000 0.267912
vt 0.625000 0.240065
vt 0.625000 0.338602
vt 0.625000 0.267599
vt 0.625000 0.267335
vt 0.625000 0.262804
vt 0.625000 0.262110
vt 0.625000 0.255698
vt 0.625000 0.254605
vt 0.625000 0.259039
vt 0.625000 0.258533
vt 0.625000 0.256456
vt 0.625000 0.281370
vt 0.625000 0.277140
vt 0.625000 0.277024
vt 0.625000 0.276875
vt 0.625000 0.269608
vt 0.625000 0.269487
vt 0.625000 0.269343
vt 0.625000 0.280073
vt 0.625000 0.277279
vt 0.625000 0.276668
vt 0.625000 0.275210
vt 0.625000 0.269510
vt 0.625000 0.265679
vt 0.625000 0.265664
vt 0.625000 0.254185
vt 0.625000 0.253109
vt 0.625000 0.253407
vt 0.625000 0.254380
vt 0.625000 0.254340
vt 0.625000 0.261965
vt 0.625000 0.261846
vt 0.625000 0.951020
vt 0.625000 0.950981
vt 0.625000 0.932148
vt 0.625000 0.932140
vt 0.625000 0.932133
vt 0.625000 0.968792
vt 0.625000 0.965672
vt 0.625000 0.965525
vt 0.625000 0.965413
vt 0.625000 0.958324
vt 0.625000 0.958180
vt 0.625000 0.958066
vt 0.625000 0.969927
vt 0.625000 0.967936
vt 0.625000 0.973332
vt 0.625000 0.972478
vt 0.625000 0.980490
vt 0.625000 0.908907
vt 0.625000 0.901299
vt 0.625000 0.901250
vt 0.625000 0.909520
vt 0.625000 0.914390
vt 0.625000 0.916089
vt 0.625000 0.916093
vt 0.625000 0.916028
vt 0.625000 0.914378
vt 0.625000 0.914385
vt 0.625000 0.914317
vt 0.625000 0.912667
vt 0.625000 0.912678
vt 0.625000 0.912607
vt 0.625000 0.932062
vt 0.625000 0.931978
vt 0.625000 0.927703
vt 0.625000 0.927639
vt 0.625000 0.927547
vt 0.625000 0.923272
vt 0.625000 0.923216
vt 0.625000 0.923116
vt 0.625000 0.918842
vt 0.625000 0.918793
vt 0.625000 0.918686
vt 0.625000 0.950858
vt 0.625000 0.950760
vt 0.625000 0.944696
vt 0.625000 0.944580
vt 0.625000 0.944475
vt 0.625000 0.938412
vt 0.625000 0.938302
vt 0.625000 0.938191
vt 0.625000 0.187500
vt 0.625000 0.124797
vt 0.625000 0.995815
vt 0.625000 0.995660
vt 0.625000 0.990193
vt 0.625000 0.990476
vt 0.625000 0.989687
vt 0.625000 0.988154
vt 0.625000 0.990961
vt 0.625000 0.996891
vt 0.625000 0.998127
vt 0.625000 0.999318
vt 0.625000 0.982401
vt 0.625000 0.980657
vt 0.625000 0.980510
vt 0.625000 0.980392
vt 0.625000 0.973125
vt 0.625000 0.972975
vt 0.625000 0.972860
vt 0.625000 0.988016
vt 0.625000 0.987890
vt 0.625000 0.995533
vt 0.625000 0.995395
vt 0.625000 0.332856
vt 0.625000 0.334728
vt 0.625000 0.333811
vt 0.625000 0.331314
vt 0.625000 0.339654
vt 0.625000 0.339481
vt 0.625000 0.317852
vt 0.625000 0.317860
vt 0.625000 0.317190
vt 0.625000 0.312896
vt 0.625000 0.311809
vt 0.625000 0.337394
vt 0.625000 0.337322
vt 0.625000 0.337333
vt 0.625000 0.335683
vt 0.625000 0.335615
vt 0.625000 0.335622
vt 0.625000 0.333972
vt 0.625000 0.333908
vt 0.625000 0.333911
vt 0.625000 0.341398
vt 0.625000 0.340153
vt 0.625000 0.341093
vt 0.625000 0.298997
vt 0.625000 0.298980
vt 0.625000 0.297090
vt 0.625000 0.292242
vt 0.625000 0.291934
vt 0.625000 0.291820
vt 0.625000 0.291676
vt 0.625000 0.284587
vt 0.625000 0.284475
vt 0.625000 0.284328
vt 0.625000 0.311698
vt 0.625000 0.311588
vt 0.625000 0.305525
vt 0.625000 0.305420
vt 0.625000 0.305304
vt 0.625000 0.299240
vt 0.625000 0.299142
vt 0.625000 0.299019
vt 0.625000 0.331207
vt 0.625000 0.331158
vt 0.625000 0.326884
vt 0.625000 0.326784
vt 0.625000 0.326728
vt 0.625000 0.322453
vt 0.625000 0.322361
vt 0.625000 0.322297
vt 0.625000 0.318023
vt 0.625000 0.317938
vt 0.625000 0.317867
vt 0.625000 0.318232
vt 0.625000 0.319155
vt 0.625000 0.332856
vt 0.625000 0.317852
vt 0.625000 0.298264
vt 0.625000 0.296322
vt 0.625000 0.276668
vt 0.625000 0.995932
vt 0.625000 0.995846
vt 0.625000 0.991166
vt 0.625000 0.990193
vt 0.625000 0.982512
vt 0.625000 0.984656
vt 0.625000 0.981697
vt 0.625000 0.968792
vt 0.625000 0.186712
vt 0.625000 0.953678
vt 0.625000 0.951736
vt 0.625000 0.931768
vt 0.625000 0.930846
vt 0.625000 0.932148
vt 0.625000 0.915272
vt 0.625000 0.910346
vt 0.625000 0.265344
vt 0.625000 0.267488
vt 0.625000 0.258835
vt 0.625000 0.268303
vt 0.625000 0.259807
vt 0.625000 0.254154
vt 0.625000 0.254068
vt 0.625000 0.254189
vt 0.625000 0.268395
vt 0.625000 0.332589
vt 0.625000 0.299101
vt 0.625000 0.981580
vt 0.625000 0.981580
vt 0.625000 0.968630
vt 0.625000 0.178746
vt 0.625000 0.173371
vt 0.625000 0.120934
vt 0.625000 0.122662
vt 0.625000 0.062208
vt 0.625000 0.222759
vt 0.625000 0.211374
vt 0.625000 0.171033
vt 0.625000 0.950899
vt 0.625000 0.932202
vt 0.625000 0.268128
vt 0.625000 0.267912
vt 0.625000 0.267823
vt 0.625000 0.255071
vt 0.625000 0.240065
vt 0.625000 0.238020
vt 0.625000 0.267810
vt 0.625000 0.237727
vt 0.625000 0.317798
vt 0.625000 0.995806
vt 0.625000 0.061903
vt 0.625000 0.932202
vt 0.625000 0.917411
vt 0.625000 0.917411
vt 0.625000 0.268420
vt 0.625000 0.950952
vt 0.625000 0.952184
vt 0.625000 0.952126
vt 0.625000 0.948472
vt 0.625000 0.943342
vt 0.625000 0.943085
vt 0.625000 0.943027
vt 0.625000 0.940862
vt 0.625000 0.935732
vt 0.625000 0.933987
vt 0.625000 0.933929
vt 0.625000 0.933252
vt 0.868771 0.750000
vt 0.868209 0.687500
vt 0.868249 0.687500
vt 0.868804 0.750000
vt 0.625000 0.907648
vt 0.625000 0.893672
vt 0.625000 0.893624
vt 0.625000 0.906743
vt 0.625000 0.904870
vt 0.625000 0.886046
vt 0.625000 0.885997
vt 0.625000 0.903965
vt 0.625000 0.902092
vt 0.625000 0.878419
vt 0.625000 0.878371
vt 0.625000 0.901187
vt 0.375000 0.580685
vt 0.375000 0.675997
vt 0.383800 0.676047
vt 0.463672 0.676047
vt 0.543542 0.676047
vt 0.623414 0.676047
vt 0.623413 0.652194
vt 0.623413 0.628341
vt 0.623413 0.604488
vt 0.623414 0.580635
vt 0.543542 0.580635
vt 0.463671 0.580635
vt 0.383799 0.580635
vt 0.753351 0.625000
vt 0.753357 0.687500
vt 0.753406 0.687500
vt 0.753399 0.625000
vt 0.760932 0.625000
vt 0.760953 0.687500
vt 0.761001 0.687500
vt 0.760980 0.625000
vt 0.768513 0.625000
vt 0.768548 0.687500
vt 0.768596 0.687500
vt 0.768561 0.625000
vt 0.776094 0.625000
vt 0.776143 0.687500
vt 0.776191 0.687500
vt 0.776142 0.625000
vt 0.625000 0.370793
vt 0.625000 0.348508
vt 0.625000 0.347603
vt 0.625000 0.370745
vt 0.625000 0.363167
vt 0.625000 0.345731
vt 0.625000 0.344826
vt 0.625000 0.363118
vt 0.625000 0.355540
vt 0.625000 0.342953
vt 0.625000 0.342048
vt 0.625000 0.355492
vt 0.625000 0.347914
vt 0.625000 0.340175
vt 0.625000 0.347866
vt 0.375000 0.675998
vt 0.375000 0.580684
vt 0.366201 0.580635
vt 0.286329 0.580635
vt 0.206458 0.580635
vt 0.126586 0.580635
vt 0.126587 0.604488
vt 0.126587 0.628341
vt 0.126587 0.652194
vt 0.126586 0.676047
vt 0.206457 0.676047
vt 0.286329 0.676047
vt 0.366200 0.676047
vt 0.807964 0.625000
vt 0.808550 0.562500
vt 0.808602 0.562500
vt 0.808015 0.625000
vt 0.815928 0.625000
vt 0.816821 0.562500
vt 0.816873 0.562500
vt 0.815979 0.625000
vt 0.823892 0.625000
vt 0.825092 0.562500
vt 0.825144 0.562500
vt 0.823942 0.625000
vt 0.625000 0.315914
vt 0.625000 0.316461
vt 0.625000 0.312166
vt 0.625000 0.313434
vt 0.625000 0.308304
vt 0.625000 0.309806
vt 0.625000 0.305511
vt 0.625000 0.305824
vt 0.625000 0.300694
vt 0.625000 0.303150
vt 0.625000 0.298855
vt 0.625000 0.298214
vt 0.753371 0.500000
vt 0.753357 0.562500
vt 0.753406 0.562500
vt 0.753419 0.500000
vt 0.760998 0.500000
vt 0.760953 0.562500
vt 0.761001 0.562500
vt 0.761046 0.500000
vt 0.768624 0.500000
vt 0.768548 0.562500
vt 0.768596 0.562500
vt 0.768672 0.500000
vt 0.776250 0.500000
vt 0.776143 0.562500
vt 0.776191 0.562500
vt 0.776299 0.500000
vt 0.375000 0.580684
vt 0.375000 0.675998
vt 0.383799 0.676047
vt 0.419221 0.676047
vt 0.463671 0.676047
vt 0.543542 0.676047
vt 0.623414 0.652194
vt 0.623413 0.628341
vt 0.623413 0.604488
vt 0.543542 0.580635
vt 0.463672 0.580635
vt 0.419221 0.580635
vt 0.383800 0.580635
vt 0.625000 0.981399
vt 0.625000 0.986642
vt 0.625000 0.986627
vt 0.625000 0.979246
vt 0.625000 0.974790
vt 0.625000 0.984336
vt 0.625000 0.984321
vt 0.625000 0.994242
vt 0.625000 0.992166
vt 0.383799 0.676047
vt 0.463671 0.676047
vt 0.543542 0.676047
vt 0.623414 0.676047
vt 0.623412 0.652194
vt 0.623412 0.628341
vt 0.623412 0.604488
vt 0.623414 0.580635
vt 0.543543 0.580635
vt 0.383799 0.580635
vt 0.625000 0.950415
vt 0.625000 0.946120
vt 0.625000 0.943760
vt 0.625000 0.939465
vt 0.625000 0.937104
vt 0.625000 0.932810
vt 0.366200 0.580635
vt 0.286329 0.580635
vt 0.206458 0.580635
vt 0.126587 0.604488
vt 0.126587 0.628341
vt 0.126587 0.652194
vt 0.206458 0.676047
vt 0.286329 0.676047
vt 0.366199 0.676047
vt 0.754182 0.625000
vt 0.754190 0.562500
vt 0.754238 0.562500
vt 0.754230 0.625000
vt 0.761763 0.625000
vt 0.761785 0.562500
vt 0.761833 0.562500
vt 0.761811 0.625000
vt 0.769344 0.625000
vt 0.769380 0.562500
vt 0.769428 0.562500
vt 0.769392 0.625000
vt 0.776925 0.625000
vt 0.776976 0.562500
vt 0.777024 0.562500
vt 0.776973 0.625000
vt 0.848853 0.562500
vt 0.846613 0.625000
vt 0.846658 0.625000
vt 0.848895 0.562500
vt 0.855435 0.562500
vt 0.853746 0.625000
vt 0.853791 0.625000
vt 0.855477 0.562500
vt 0.375000 0.580635
vt 0.375000 0.676047
vt 0.383798 0.676047
vt 0.410946 0.676047
vt 0.463672 0.676047
vt 0.543542 0.676047
vt 0.623414 0.676047
vt 0.623414 0.652194
vt 0.623413 0.628341
vt 0.623415 0.604488
vt 0.623414 0.580635
vt 0.543542 0.580635
vt 0.463672 0.580635
vt 0.410947 0.580635
vt 0.849575 0.687500
vt 0.847395 0.625000
vt 0.847440 0.625000
vt 0.849616 0.687500
vt 0.856157 0.687500
vt 0.854527 0.625000
vt 0.854573 0.625000
vt 0.856199 0.687500
vt 0.861708 0.562500
vt 0.860658 0.625000
vt 0.860699 0.625000
vt 0.861744 0.562500
vt 0.861708 0.687500
vt 0.861744 0.687500
vt 0.862330 0.562500
vt 0.864717 0.500000
vt 0.864739 0.500000
vt 0.862366 0.562500
vt 0.625000 0.256229
vt 0.625000 0.256196
vt 0.366201 0.580635
vt 0.351993 0.580635
vt 0.286329 0.580635
vt 0.206457 0.580635
vt 0.126585 0.580635
vt 0.126585 0.604488
vt 0.126586 0.628341
vt 0.126586 0.652194
vt 0.126585 0.676047
vt 0.206458 0.676047
vt 0.286327 0.676047
vt 0.351991 0.676047
vt 0.366200 0.676047
vt 0.625000 0.273869
vt 0.625000 0.269128
vt 0.849575 0.562500
vt 0.849616 0.562500
vt 0.856157 0.562500
vt 0.856199 0.562500
vt 0.383800 0.676047
vt 0.463672 0.676047
vt 0.543542 0.676047
vt 0.543542 0.580635
vt 0.463671 0.580635
vt 0.383799 0.580635
vt 0.753371 0.750000
vt 0.753420 0.750000
vt 0.760997 0.750000
vt 0.761046 0.750000
vt 0.768624 0.750000
vt 0.768672 0.750000
vt 0.776250 0.750000
vt 0.776299 0.750000
vt 0.809926 0.750000
vt 0.808550 0.687500
vt 0.808602 0.687500
vt 0.809984 0.750000
vt 0.819025 0.750000
vt 0.816821 0.687500
vt 0.816873 0.687500
vt 0.819082 0.750000
vt 0.828123 0.750000
vt 0.825092 0.687500
vt 0.825144 0.687500
vt 0.828181 0.750000
vt 0.625000 0.263674
vt 0.625000 0.261803
vt 0.625000 0.259543
vt 0.375000 0.675998
vt 0.383800 0.676047
vt 0.463672 0.676047
vt 0.543542 0.676047
vt 0.623413 0.652194
vt 0.623414 0.628341
vt 0.623413 0.604488
vt 0.623414 0.580635
vt 0.543542 0.580635
vt 0.383800 0.580635
vt 0.366200 0.580635
vt 0.286329 0.580635
vt 0.206457 0.580635
vt 0.126586 0.580635
vt 0.126587 0.604488
vt 0.286329 0.676047
vt 0.366200 0.676047
vt 0.625000 0.894508
vt 0.625000 0.907952
vt 0.625000 0.907047
vt 0.625000 0.894460
vt 0.625000 0.886882
vt 0.625000 0.905175
vt 0.625000 0.904270
vt 0.625000 0.886833
vt 0.625000 0.879255
vt 0.625000 0.902397
vt 0.625000 0.901492
vt 0.625000 0.879207
vt 0.868209 0.562500
vt 0.868771 0.500000
vt 0.868804 0.500000
vt 0.868249 0.562500
vt 0.383800 0.676047
vt 0.402404 0.676047
vt 0.463672 0.676047
vt 0.623413 0.652194
vt 0.623413 0.628341
vt 0.623413 0.604488
vt 0.543542 0.580635
vt 0.463672 0.580635
vt 0.402404 0.580635
vt 0.383799 0.580635
vt 0.366201 0.580635
vt 0.286328 0.580635
vt 0.206458 0.580635
vt 0.206458 0.676047
vt 0.286328 0.676047
vt 0.366200 0.676047
vt 0.862330 0.687500
vt 0.861369 0.625000
vt 0.861410 0.625000
vt 0.862366 0.687500
vt 0.366201 0.580635
vt 0.286329 0.580635
vt 0.206458 0.580635
vt 0.126586 0.580635
vt 0.126585 0.676047
vt 0.206458 0.676047
vt 0.286329 0.676047
vt 0.366201 0.676047
vt 0.625000 0.913705
vt 0.625000 0.912460
vt 0.625000 0.911776
vt 0.625000 0.910531
vt 0.625000 0.909847
vt 0.625000 0.908602
vt 0.383800 0.676047
vt 0.543543 0.676047
vt 0.383800 0.676047
vt 0.463671 0.676047
vt 0.543543 0.676047
vt 0.623413 0.628341
vt 0.623413 0.604488
vt 0.543542 0.580635
vt 0.463671 0.580635
vt 0.383799 0.580635
vt 0.625000 0.334737
vt 0.625000 0.331549
vt 0.625000 0.328406
vt 0.625000 0.332764
vt 0.625000 0.328683
vt 0.625000 0.326678
vt 0.625000 0.323535
vt 0.625000 0.326711
vt 0.625000 0.322630
vt 0.625000 0.321807
vt 0.625000 0.318663
vt 0.625000 0.320657
vt 0.864717 0.750000
vt 0.864739 0.750000
vt 0.375000 0.675990
vt 0.375000 0.580692
vt 0.366202 0.580635
vt 0.286329 0.580635
vt 0.284939 0.580635
vt 0.206457 0.580635
vt 0.126586 0.580635
vt 0.126585 0.604488
vt 0.126586 0.628341
vt 0.126586 0.652194
vt 0.206458 0.676047
vt 0.284939 0.676047
vt 0.286327 0.676047
vt 0.366200 0.676047
vt 0.383800 0.676047
vt 0.452812 0.676047
vt 0.463670 0.676047
vt 0.543542 0.676047
vt 0.623415 0.676047
vt 0.623415 0.580635
vt 0.463670 0.580635
vt 0.452812 0.580635
vt 0.625000 0.965272
vt 0.625000 0.960423
vt 0.625000 0.957758
vt 0.625000 0.952910
vt 0.625000 0.987966
vt 0.625000 0.983435
vt 0.463672 0.676047
vt 0.543542 0.676047
vt 0.623412 0.652194
vt 0.623412 0.628341
vt 0.623413 0.604488
vt 0.463671 0.580635
vt 0.625000 0.993804
vt 0.625000 0.993771
vt 0.375000 0.675990
vt 0.375000 0.580692
vt 0.286329 0.580635
vt 0.206457 0.580635
vt 0.126587 0.652194
vt 0.206458 0.676047
vt 0.286329 0.676047
vt 0.366200 0.676047
vt 0.754190 0.687500
vt 0.754238 0.687500
vt 0.761785 0.687500
vt 0.761833 0.687500
vt 0.769380 0.687500
vt 0.769428 0.687500
vt 0.776976 0.687500
vt 0.777024 0.687500
vt 0.625000 0.332083
vt 0.625000 0.328940
vt 0.625000 0.327212
vt 0.625000 0.324069
vt 0.625000 0.322341
vt 0.625000 0.319197
vt 0.625000 0.974842
vt 0.625000 0.967895
vt 0.625000 0.965250
vt 0.625000 0.974771
vt 0.625000 0.963567
vt 0.625000 0.959777
vt 0.625000 0.957132
vt 0.625000 0.963496
vt 0.366200 0.580635
vt 0.286329 0.580635
vt 0.206458 0.676047
vt 0.286329 0.676047
vt 0.366201 0.676047
vt 0.625000 0.910401
vt 0.625000 0.274674
vt 0.625000 0.269934
vt 0.366202 0.580635
vt 0.286327 0.580635
vt 0.206458 0.580635
vt 0.133484 0.580635
vt 0.133485 0.604488
vt 0.133484 0.628341
vt 0.133485 0.652194
vt 0.133485 0.676047
vt 0.206458 0.676047
vt 0.286326 0.676047
vt 0.366201 0.676047
vt 0.625000 0.339469
vt 0.625000 0.338224
vt 0.625000 0.337539
vt 0.625000 0.336294
vt 0.625000 0.335610
vt 0.366200 0.580635
vt 0.286327 0.580635
vt 0.208635 0.580635
vt 0.206458 0.580635
vt 0.126585 0.580635
vt 0.126585 0.676047
vt 0.206458 0.676047
vt 0.208634 0.676047
vt 0.286328 0.676047
vt 0.366200 0.580635
vt 0.286327 0.580635
vt 0.126586 0.652194
vt 0.366200 0.676047
vt 0.625000 0.987196
vt 0.625000 0.987568
vt 0.625000 0.985697
vt 0.625000 0.982665
vt 0.833350 0.562500
vt 0.838495 0.500000
vt 0.838567 0.500000
vt 0.833402 0.562500
vt 0.841599 0.562500
vt 0.849771 0.500000
vt 0.849842 0.500000
vt 0.841651 0.562500
vt 0.625000 0.980067
vt 0.625000 0.975326
vt 0.625000 0.972721
vt 0.625000 0.264303
vt 0.625000 0.260665
vt 0.625000 0.260643
vt 0.625000 0.262433
vt 0.867954 0.625000
vt 0.867997 0.625000
vt 0.383800 0.676047
vt 0.463671 0.676047
vt 0.543543 0.676047
vt 0.543542 0.580635
vt 0.463671 0.580635
vt 0.383799 0.580635
vt 0.375000 0.675997
vt 0.375000 0.580685
vt 0.366200 0.580635
vt 0.206457 0.580635
vt 0.126585 0.580635
vt 0.126587 0.604488
vt 0.206457 0.676047
vt 0.286329 0.676047
vt 0.366200 0.676047
vt 0.383800 0.676047
vt 0.543543 0.676047
vt 0.463670 0.580635
vt 0.383800 0.580635
vt 0.625000 0.293757
vt 0.625000 0.291113
vt 0.625000 0.289577
vt 0.625000 0.285640
vt 0.625000 0.282995
vt 0.625000 0.284729
vt 0.625000 0.282064
vt 0.625000 0.277522
vt 0.864335 0.750000
vt 0.864357 0.750000
vt 0.463673 0.676047
vt 0.543542 0.676047
vt 0.623414 0.676047
vt 0.623413 0.652194
vt 0.623414 0.604488
vt 0.623414 0.580635
vt 0.543543 0.580635
vt 0.463670 0.580635
vt 0.383798 0.580635
vt 0.625000 0.251070
vt 0.625000 0.287740
vt 0.625000 0.287669
vt 0.625000 0.276465
vt 0.625000 0.276394
vt 0.286328 0.580635
vt 0.286329 0.676047
vt 0.366202 0.676047
vt 0.859574 0.750000
vt 0.859588 0.750000
vt 0.861880 0.750000
vt 0.861895 0.750000
vt 0.784800 0.562500
vt 0.785135 0.500000
vt 0.785186 0.500000
vt 0.784849 0.562500
vt 0.792630 0.562500
vt 0.793196 0.500000
vt 0.793247 0.500000
vt 0.792680 0.562500
vt 0.800461 0.562500
vt 0.801257 0.500000
vt 0.801309 0.500000
vt 0.800511 0.562500
vt 0.625000 0.951786
vt 0.625000 0.949306
vt 0.625000 0.944176
vt 0.625000 0.944489
vt 0.625000 0.940194
vt 0.625000 0.941697
vt 0.625000 0.936566
vt 0.625000 0.937834
vt 0.625000 0.933539
vt 0.625000 0.934087
vt 0.366201 0.580635
vt 0.206458 0.580635
vt 0.192172 0.580635
vt 0.192172 0.676047
vt 0.206457 0.676047
vt 0.366200 0.676047
vt 0.625000 0.348813
vt 0.625000 0.371629
vt 0.625000 0.371581
vt 0.625000 0.347908
vt 0.625000 0.346035
vt 0.625000 0.364003
vt 0.625000 0.363954
vt 0.625000 0.345130
vt 0.625000 0.343257
vt 0.625000 0.356376
vt 0.625000 0.356328
vt 0.625000 0.342352
vt 0.625000 0.340480
vt 0.625000 0.348750
vt 0.625000 0.348702
vt 0.366201 0.580635
vt 0.286327 0.580635
vt 0.286327 0.676047
vt 0.366201 0.580635
vt 0.286328 0.580635
vt 0.206458 0.580635
vt 0.206458 0.676047
vt 0.375000 0.580715
vt 0.375000 0.675967
vt 0.383801 0.676047
vt 0.393856 0.676047
vt 0.463674 0.676047
vt 0.543543 0.676047
vt 0.623413 0.652194
vt 0.623415 0.628341
vt 0.623413 0.604488
vt 0.463673 0.580635
vt 0.393857 0.580635
vt 0.286329 0.580635
vt 0.206458 0.580635
vt 0.126587 0.604488
vt 0.206458 0.676047
vt 0.286328 0.676047
vt 0.832446 0.687500
vt 0.837260 0.750000
vt 0.837331 0.750000
vt 0.832498 0.687500
vt 0.840695 0.687500
vt 0.848535 0.750000
vt 0.848606 0.750000
vt 0.840747 0.687500
vt 0.625000 0.260313
vt 0.625000 0.980872
vt 0.625000 0.976132
vt 0.625000 0.973526
vt 0.784800 0.687500
vt 0.784647 0.625000
vt 0.784696 0.625000
vt 0.784849 0.687500
vt 0.792630 0.687500
vt 0.792373 0.625000
vt 0.792422 0.625000
vt 0.792680 0.687500
vt 0.800461 0.687500
vt 0.800099 0.625000
vt 0.800148 0.625000
vt 0.800511 0.687500
vt 0.783941 0.687500
vt 0.784252 0.750000
vt 0.784303 0.750000
vt 0.783991 0.687500
vt 0.791772 0.687500
vt 0.792313 0.750000
vt 0.792364 0.750000
vt 0.791822 0.687500
vt 0.799603 0.687500
vt 0.800374 0.750000
vt 0.800425 0.750000
vt 0.799653 0.687500
vt 0.838496 0.750000
vt 0.833350 0.687500
vt 0.833402 0.687500
vt 0.838567 0.750000
vt 0.849771 0.750000
vt 0.841599 0.687500
vt 0.841651 0.687500
vt 0.849842 0.750000
vt 0.783941 0.562500
vt 0.783800 0.625000
vt 0.783849 0.625000
vt 0.783991 0.562500
vt 0.791772 0.562500
vt 0.791526 0.625000
vt 0.791575 0.625000
vt 0.791822 0.562500
vt 0.799603 0.562500
vt 0.799252 0.625000
vt 0.799301 0.625000
vt 0.799652 0.562500
vt 0.832446 0.562500
vt 0.830933 0.625000
vt 0.830983 0.625000
vt 0.832498 0.562500
vt 0.840695 0.562500
vt 0.838793 0.625000
vt 0.838843 0.625000
vt 0.840747 0.562500
vt 0.867516 0.562500
vt 0.867209 0.625000
vt 0.867252 0.625000
vt 0.867556 0.562500
vt 0.754207 0.750000
vt 0.754255 0.750000
vt 0.761833 0.750000
vt 0.761882 0.750000
vt 0.769460 0.750000
vt 0.769508 0.750000
vt 0.777086 0.750000
vt 0.777135 0.750000
vt 0.383798 0.676047
vt 0.385584 0.676047
vt 0.463670 0.676047
vt 0.543542 0.676047
vt 0.543543 0.580635
vt 0.463670 0.580635
vt 0.385585 0.580635
vt 0.383799 0.580635
vt 0.463672 0.676047
vt 0.623413 0.676047
vt 0.463672 0.580635
vt 0.625000 0.270030
vt 0.625000 0.267876
vt 0.286329 0.580635
vt 0.126587 0.604488
vt 0.126588 0.628341
vt 0.126588 0.652194
vt 0.206458 0.676047
vt 0.366201 0.676047
vt 0.383799 0.676047
vt 0.463672 0.676047
vt 0.623414 0.652194
vt 0.463672 0.580635
vt 0.383799 0.676047
vt 0.463672 0.676047
vt 0.543542 0.676047
vt 0.623414 0.676047
vt 0.623413 0.628341
vt 0.623414 0.580635
vt 0.543542 0.580635
vt 0.463671 0.580635
vt 0.383799 0.580635
vt 0.625000 0.993544
vt 0.625000 0.993225
vt 0.625000 0.993192
vt 0.625000 0.991467
vt 0.864335 0.500000
vt 0.864357 0.500000
vt 0.366201 0.580635
vt 0.286329 0.580635
vt 0.126586 0.676047
vt 0.286327 0.676047
vt 0.366200 0.676047
vt 0.867516 0.687500
vt 0.868192 0.750000
vt 0.868225 0.750000
vt 0.867556 0.687500
vt 0.625000 0.988197
vt 0.625000 0.986326
vt 0.366201 0.580635
vt 0.206458 0.580635
vt 0.126586 0.580635
vt 0.126586 0.676047
vt 0.206457 0.676047
vt 0.286329 0.676047
vt 0.366200 0.676047
vt 0.625000 0.315074
vt 0.625000 0.315016
vt 0.625000 0.305975
vt 0.625000 0.305918
vt 0.625000 0.296877
vt 0.625000 0.296819
vt 0.784251 0.500000
vt 0.784303 0.500000
vt 0.792313 0.500000
vt 0.792364 0.500000
vt 0.800374 0.500000
vt 0.800425 0.500000
vt 0.366200 0.580635
vt 0.286329 0.580635
vt 0.206457 0.580635
vt 0.126586 0.580635
vt 0.286329 0.676047
vt 0.366201 0.676047
vt 0.625000 0.252288
vt 0.625000 0.251873
vt 0.625000 0.250682
vt 0.366201 0.580635
vt 0.286329 0.580635
vt 0.206458 0.580635
vt 0.206458 0.676047
vt 0.286328 0.676047
vt 0.366200 0.676047
vt 0.625000 0.986895
vt 0.625000 0.982124
vt 0.625000 0.979970
vt 0.625000 0.986880
vt 0.625000 0.984589
vt 0.625000 0.975515
vt 0.625000 0.973361
vt 0.625000 0.984574
vt 0.625000 0.966095
vt 0.625000 0.961247
vt 0.625000 0.958582
vt 0.625000 0.953733
vt 0.625000 0.286505
vt 0.625000 0.292868
vt 0.625000 0.290223
vt 0.625000 0.286433
vt 0.625000 0.275229
vt 0.625000 0.284750
vt 0.625000 0.282105
vt 0.625000 0.275158
vt 0.848853 0.687500
vt 0.848895 0.687500
vt 0.855436 0.687500
vt 0.855477 0.687500
vt 0.874299 0.562500
vt 0.874290 0.625000
vt 0.875000 0.625000
vt 0.875000 0.562500
vt 0.625000 0.296267
vt 0.625000 0.291418
vt 0.625000 0.288753
vt 0.625000 0.283905
vt 0.625000 0.281240
vt 0.383798 0.676047
vt 0.463670 0.676047
vt 0.463670 0.580635
vt 0.383799 0.580635
vt 0.286328 0.580635
vt 0.206458 0.580635
vt 0.126585 0.652194
vt 0.206458 0.676047
vt 0.286329 0.676047
vt 0.366201 0.676047
vt 0.383799 0.676047
vt 0.463671 0.676047
vt 0.463671 0.580635
vt 0.383799 0.580635
vt 0.837260 0.500000
vt 0.837331 0.500000
vt 0.848535 0.500000
vt 0.848606 0.500000
vt 0.543543 0.676047
vt 0.809926 0.500000
vt 0.809984 0.500000
vt 0.819025 0.500000
vt 0.819082 0.500000
vt 0.828123 0.500000
vt 0.828181 0.500000
vt 0.383800 0.676047
vt 0.463672 0.676047
vt 0.543542 0.676047
vt 0.612636 0.676047
vt 0.612636 0.580635
vt 0.543542 0.580635
vt 0.463671 0.580635
vt 0.383799 0.580635
vt 0.874318 0.500000
vt 0.875000 0.500000
vt 0.625000 0.339865
vt 0.625000 0.339814
vt 0.625000 0.331804
vt 0.625000 0.331753
vt 0.625000 0.323743
vt 0.625000 0.323692
vt 0.383800 0.676047
vt 0.463670 0.676047
vt 0.543543 0.676047
vt 0.623413 0.676047
vt 0.623413 0.580635
vt 0.543543 0.580635
vt 0.463670 0.580635
vt 0.625000 0.930803
vt 0.625000 0.927659
vt 0.625000 0.925931
vt 0.625000 0.922788
vt 0.625000 0.921060
vt 0.625000 0.917917
vt 0.625000 0.916189
vt 0.366201 0.580635
vt 0.286328 0.580635
vt 0.126587 0.652194
vt 0.383799 0.676047
vt 0.419399 0.676047
vt 0.463671 0.676047
vt 0.543542 0.676047
vt 0.623413 0.652194
vt 0.623413 0.628341
vt 0.623413 0.604488
vt 0.463671 0.580635
vt 0.419399 0.580635
vt 0.366200 0.580635
vt 0.206458 0.580635
vt 0.206458 0.676047
vt 0.366201 0.676047
vt 0.286328 0.580635
vt 0.625000 0.989739
vt 0.625000 0.989717
vt 0.543542 0.676047
vt 0.543542 0.580635
vt 0.463671 0.580635
vt 0.366200 0.580635
vt 0.286328 0.580635
vt 0.206456 0.580635
vt 0.126586 0.580635
vt 0.126584 0.604488
vt 0.126586 0.628341
vt 0.126586 0.652194
vt 0.126587 0.676047
vt 0.206458 0.676047
vt 0.286327 0.676047
vt 0.366200 0.676047
vt 0.625000 0.270754
vt 0.625000 0.268601
vt 0.831795 0.625000
vt 0.831845 0.625000
vt 0.839655 0.625000
vt 0.839704 0.625000
vt 0.366202 0.580635
vt 0.286329 0.580635
vt 0.206458 0.580635
vt 0.126587 0.652194
vt 0.126586 0.676047
vt 0.206458 0.676047
vt 0.286329 0.676047
vt 0.625000 0.928679
vt 0.625000 0.926707
vt 0.625000 0.922626
vt 0.625000 0.920653
vt 0.625000 0.916572
vt 0.625000 0.914600
vt 0.625000 0.910519
vt 0.366200 0.580635
vt 0.286328 0.580635
vt 0.206457 0.676047
vt 0.625000 0.316748
vt 0.625000 0.316071
vt 0.625000 0.316014
vt 0.625000 0.314268
vt 0.625000 0.309138
vt 0.625000 0.306973
vt 0.625000 0.306915
vt 0.625000 0.306658
vt 0.625000 0.301528
vt 0.625000 0.297874
vt 0.625000 0.297817
vt 0.625000 0.299048
vt 0.383799 0.676047
vt 0.463671 0.676047
vt 0.543542 0.676047
vt 0.623413 0.652194
vt 0.543542 0.580635
vt 0.463672 0.580635
vt 0.383800 0.580635
vt 0.463673 0.676047
vt 0.463672 0.580635
vt 0.625000 0.913917
vt 0.625000 0.912672
vt 0.625000 0.911988
vt 0.625000 0.910743
vt 0.625000 0.910058
vt 0.625000 0.908813
vt 0.625000 0.263373
vt 0.625000 0.263358
vt 0.366201 0.580635
vt 0.206458 0.676047
vt 0.366201 0.676047
vt 0.625000 0.994302
vt 0.859574 0.500000
vt 0.859588 0.500000
vt 0.861880 0.500000
vt 0.861895 0.500000
vt 0.625000 0.265426
vt 0.625000 0.265412
vt 0.625000 0.263120
vt 0.625000 0.263105
vt 0.625000 0.953181
vt 0.625000 0.953123
vt 0.625000 0.944082
vt 0.625000 0.944025
vt 0.625000 0.934984
vt 0.625000 0.934926
vt 0.754207 0.500000
vt 0.754255 0.500000
vt 0.761833 0.500000
vt 0.761882 0.500000
vt 0.769460 0.500000
vt 0.769508 0.500000
vt 0.777086 0.500000
vt 0.777134 0.500000
vt 0.366200 0.580635
vt 0.206456 0.580635
vt 0.206458 0.676047
vt 0.366201 0.676047
vt 0.859321 0.750000
vt 0.859336 0.750000
vt 0.861627 0.750000
vt 0.861642 0.750000
vt 0.625000 0.989358
vt 0.625000 0.989335
vt 0.383800 0.676047
vt 0.463673 0.676047
vt 0.623414 0.676047
vt 0.543542 0.580635
vt 0.463672 0.580635
vt 0.383800 0.580635
vt 0.874299 0.687500
vt 0.874318 0.750000
vt 0.875000 0.750000
vt 0.875000 0.687500
vt 0.625000 0.310535
vt 0.625000 0.306240
vt 0.625000 0.303880
vt 0.625000 0.299585
vt 0.543543 0.676047
vt 0.596169 0.676047
vt 0.596170 0.580635
vt 0.543543 0.580635
vt 0.625000 0.967005
vt 0.625000 0.973606
vt 0.625000 0.973535
vt 0.625000 0.964360
vt 0.625000 0.958888
vt 0.625000 0.962331
vt 0.625000 0.962260
vt 0.625000 0.956243
vt 0.807643 0.562500
vt 0.807091 0.625000
vt 0.807142 0.625000
vt 0.807696 0.562500
vt 0.815914 0.562500
vt 0.815055 0.625000
vt 0.815106 0.625000
vt 0.815967 0.562500
vt 0.824185 0.562500
vt 0.823019 0.625000
vt 0.823070 0.625000
vt 0.824238 0.562500
vt 0.383800 0.676047
vt 0.463670 0.676047
vt 0.519864 0.676047
vt 0.623415 0.676047
vt 0.623415 0.652194
vt 0.623415 0.628341
vt 0.623416 0.604488
vt 0.623415 0.580635
vt 0.543543 0.580635
vt 0.519864 0.580635
vt 0.383800 0.580635
vt 0.463672 0.676047
vt 0.543543 0.676047
vt 0.623414 0.580635
vt 0.383799 0.580635
vt 0.625000 0.335400
vt 0.625000 0.333428
vt 0.625000 0.329347
vt 0.625000 0.327374
vt 0.625000 0.323293
vt 0.625000 0.321321
vt 0.625000 0.929343
vt 0.625000 0.927370
vt 0.625000 0.923289
vt 0.625000 0.926465
vt 0.625000 0.923322
vt 0.625000 0.921317
vt 0.625000 0.917236
vt 0.625000 0.921594
vt 0.625000 0.918451
vt 0.625000 0.915264
vt 0.625000 0.911183
vt 0.625000 0.916723
vt 0.625000 0.341187
vt 0.625000 0.339942
vt 0.625000 0.339257
vt 0.625000 0.338012
vt 0.625000 0.337328
vt 0.625000 0.336083
vt 0.625000 0.335399
vt 0.625000 0.256808
vt 0.625000 0.256775
vt 0.383799 0.676047
vt 0.385409 0.676047
vt 0.463671 0.676047
vt 0.623412 0.604488
vt 0.463671 0.580635
vt 0.385409 0.580635
vt 0.383799 0.580635
vt 0.808929 0.500000
vt 0.808986 0.500000
vt 0.818027 0.500000
vt 0.818085 0.500000
vt 0.827126 0.500000
vt 0.827184 0.500000
vt 0.625000 0.260283
vt 0.625000 0.260261
vt 0.625000 0.340749
vt 0.625000 0.340697
vt 0.625000 0.332687
vt 0.625000 0.332636
vt 0.625000 0.324626
vt 0.625000 0.324575
vt 0.868192 0.500000
vt 0.868225 0.500000
vt 0.625000 0.925425
vt 0.625000 0.925374
vt 0.625000 0.917364
vt 0.625000 0.917313
vt 0.625000 0.909303
vt 0.625000 0.909252
vt 0.625000 0.926309
vt 0.625000 0.926257
vt 0.625000 0.918247
vt 0.625000 0.918196
vt 0.625000 0.910186
vt 0.625000 0.910135
vt 0.807643 0.687500
vt 0.808929 0.750000
vt 0.808986 0.750000
vt 0.807696 0.687500
vt 0.815914 0.687500
vt 0.818027 0.750000
vt 0.818085 0.750000
vt 0.815967 0.687500
vt 0.824185 0.687500
vt 0.827126 0.750000
vt 0.827184 0.750000
vt 0.824238 0.687500
vt 0.859321 0.500000
vt 0.859336 0.500000
vt 0.861627 0.500000
vt 0.861642 0.500000
vt 0.785135 0.750000
vt 0.785186 0.750000
vt 0.793196 0.750000
vt 0.793247 0.750000
vt 0.801257 0.750000
vt 0.801309 0.750000
s 1
usemtl Material.004
f 3327/2268/1807 4699/2269/1808 4700/2270/1809 4680/2271/1809 4688/2272/1809
f 3328/2273/1810 3329/2274/1811 4726/2275/1809 4727/2276/1809 3330/2277/1809
f 3330/2277/1809 4727/2276/1809 4725/2278/1809 4706/2279/1809 4705/2280/1809
f 2911/2281/1812 3149/2282/1813 3327/2268/1807 4687/2283/1814 4668/2284/1815 4669/2285/1814 4664/2286/1814 4644/2287/1815 4645/2288/1814 2952/2289/1816
f 3149/2282/1813 3148/2290/1817 3328/2273/1810 4712/2291/1808 4698/2292/1818 4699/2269/1808 3327/2268/1807
f 3148/2290/1817 3147/2293/1819 3329/2274/1811 3328/2273/1810
f 3147/2293/1819 2908/2294/1820 2940/2295/1821 4740/2296/1822 4729/2297/1820 4728/2298/1822 3329/2274/1811
f 3329/2274/1811 4728/2298/1822 4726/2275/1809
f 2953/2299/1809 4641/2300/1809 4642/2301/1809 4636/2302/1809 4634/2303/1809
f 2952/2289/1816 4645/2288/1814 4641/2300/1809 2953/2299/1809
f 3331/2304/1823 4554/2305/1824 4556/2306/1825 4578/2307/1825 4565/2308/1825
f 3332/2309/1823 4489/2310/1824 4487/2311/1825 4494/2312/1825 4500/2313/1825
f 2910/2314/1826 3146/2315/1827 3331/2304/1823 4569/2316/1824 4570/2317/1828 4588/2318/1824 4591/2319/1824 4592/2320/1828 4612/2321/1824 4615/2322/1824 4616/2323/1828 4628/2324/1824 2950/2325/1823
f 3146/2315/1827 3145/2326/1827 3332/2309/1823 4502/2327/1824 4503/2328/1828 4506/2329/1824 4517/2330/1824 4518/2331/1828 4537/2332/1824 4541/2333/1824 4542/2334/1828 4554/2305/1824 3331/2304/1823
f 3145/2326/1827 3144/2335/1827 3333/2336/1823 4419/2337/1824 4422/2338/1828 4434/2339/1824 4452/2340/1824 4455/2341/1828 4458/2342/1824 4476/2343/1824 4479/2344/1828 4489/2310/1824 3332/2309/1823
f 3144/2335/1827 2909/2345/1827 2946/2346/1823 4326/2347/1824 4325/2348/1828 4336/2349/1824 4356/2350/1824 4355/2351/1828 4360/2352/1824 4373/2353/1824 4372/2354/1828 4384/2355/1824 4397/2356/1824 4396/2357/1828 4408/2358/1824 3333/2336/1823
f 3333/2336/1823 4408/2358/1824 4409/2359/1825 3334/2360/1825
f 3334/2360/1825 4409/2359/1825 4407/2361/1825 3335/2362/1825
f 3335/2362/1825 4407/2361/1825 4414/2363/1825 4427/2364/1825 4426/2365/1825
f 2951/2366/1825 4629/2367/1825 4630/2368/1825
f 2950/2325/1823 4628/2324/1824 4629/2367/1825 2951/2366/1825
f 3336/2369/1829 3337/2370/1830 3340/2370/1831 3339/2371/1831
f 3337/2370/1830 3338/2372/1832 3341/2373/1831 3340/2370/1831
f 3339/2371/1831 3340/2370/1831 3343/2370/1831 3342/2374/1831
f 3340/2370/1831 3341/2373/1831 3344/2373/1831 3343/2370/1831
f 2908/2294/1833 3143/2375/1834 3336/2369/1829 2940/2295/1835
f 3143/2375/1834 3142/2376/1836 3337/2370/1830 3336/2369/1829
f 3142/2376/1836 3141/2377/1837 3338/2372/1832 3337/2370/1830
f 3141/2377/1837 2913/2378/1838 3134/2379/1839 3338/2372/1832
f 3338/2372/1832 3134/2379/1839 3133/2379/1831 3341/2373/1831
f 3341/2373/1831 3133/2379/1831 3132/2380/1831 3344/2373/1831
f 3344/2373/1831 3132/2380/1831 4735/2380/1831 4738/2381/1831
f 3343/2370/1831 3344/2373/1831 4738/2381/1831 4736/2370/1831
f 3342/2374/1831 3343/2370/1831 4736/2370/1831 4737/2382/1831
f 2942/2383/1831 3342/2374/1831 4737/2382/1831 4733/2295/1831
f 2941/2295/1831 3339/2371/1831 3342/2374/1831 2942/2383/1831
f 2940/2295/1835 3336/2369/1829 3339/2371/1831 2941/2295/1831
f 3345/2384/1840 3346/2385/1841 3348/2386/1825 4717/2387/1825 4724/2388/1825
f 3346/2385/1841 4715/2389/1842 4713/2390/1825 3348/2386/1825
f 3348/2386/1825 4713/2390/1825 4714/2391/1825
f 2913/2392/1843 3140/2393/1844 3345/2384/1840 4730/2394/1845 4731/2395/1843 4742/2396/1845 3134/2397/1846
f 3140/2393/1844 3139/2398/1847 3346/2385/1841 3345/2384/1840
f 3139/2398/1847 3138/2399/1848 3347/2400/1849 4702/2401/1842 4703/2402/1850 4715/2389/1842 3346/2385/1841
f 3138/2399/1848 2910/2314/1826 2950/2325/1823 4643/2403/1851 4646/2404/1852 4662/2405/1851 4667/2406/1851 4670/2407/1852 4685/2408/1851 3347/2400/1849
f 3347/2400/1849 4685/2408/1851 4686/2409/1825
f 3132/2410/1825 4739/2411/1825 4735/2410/1825
f 3133/2397/1825 4741/2412/1825 4739/2411/1825 3132/2410/1825
f 3134/2397/1846 4742/2396/1845 4741/2412/1825 3133/2397/1825
f 3349/2413/1816 4421/2414/1853 4418/2415/1809 3352/2416/1809
f 3350/2417/1816 4505/2418/1853 4501/2419/1809
f 3352/2416/1809 4418/2415/1809 4417/2420/1809 3353/2421/1809
f 2912/2422/1854 3137/2423/1854 3349/2413/1816 4406/2424/1853 4393/2425/1855 4394/2426/1853 4382/2427/1853 4369/2428/1855 4370/2429/1853 4358/2430/1853 4352/2431/1855 4353/2432/1853 4334/2433/1853 4324/2434/1855 4323/2435/1853 3131/2436/1816
f 3137/2423/1854 3136/2437/1854 3350/2417/1816 4490/2438/1853 4477/2439/1855 4478/2440/1853 4459/2441/1853 4453/2442/1855 4454/2443/1853 4435/2444/1853 4420/2445/1855 4421/2414/1853 3349/2413/1816
f 3136/2437/1854 3135/2446/1854 3351/2447/1816 4557/2448/1853 4544/2449/1855 4545/2450/1853 4540/2451/1853 4520/2452/1855 4521/2453/1853 4509/2454/1853 4504/2455/1855 4505/2418/1853 3350/2417/1816
f 3135/2446/1854 2911/2281/1812 2952/2289/1816 4631/2456/1853 4619/2457/1855 4617/2458/1853 4614/2459/1853 4595/2460/1855 4593/2461/1853 4590/2462/1853 4572/2463/1855 4571/2464/1853 3351/2447/1816
f 3351/2447/1816 4571/2464/1853 4566/2465/1809
f 3353/2421/1809 4417/2420/1809 4428/2466/1809
f 3131/2436/1816 4323/2435/1853 4322/2467/1809
f 3354/2468/1809 3355/2469/1809 3358/2470/1809 3357/2471/1809
f 3355/2469/1809 3356/2472/1809 3359/2473/1809 3358/2470/1809
f 3357/2471/1809 3358/2470/1809 3361/2474/1856 3360/2475/1856
f 3358/2470/1809 3359/2473/1809 3362/2476/1856 3361/2474/1856
f 3356/2472/1809 2969/2281/1809 2970/2281/1809 3359/2473/1809
f 3359/2473/1809 2970/2281/1809 2971/2281/1857 3362/2476/1856
f 3362/2476/1856 2971/2281/1857 2883/2281/1858 2972/2446/1859
f 3361/2474/1856 3362/2476/1856 2972/2446/1859 2973/2437/1859
f 3360/2475/1856 3361/2474/1856 2973/2437/1859 2974/2423/1859
f 2943/2477/1856 3360/2475/1856 2974/2423/1859 2879/2422/1859
f 2944/2478/1809 3357/2471/1809 3360/2475/1856 2943/2477/1856
f 2945/2479/1809 3354/2468/1809 3357/2471/1809 2944/2478/1809
f 3363/2393/1825 3364/2398/1825 3367/2398/1825 3366/2393/1825
f 3364/2398/1825 3365/2480/1825 3368/2480/1825 3367/2398/1825
f 3366/2393/1825 3367/2398/1825 3370/2398/1860 3369/2393/1861
f 3367/2398/1825 3368/2480/1825 3371/2399/1862 3370/2398/1860
f 3365/2480/1825 2966/2481/1825 2967/2481/1825 3368/2480/1825
f 3368/2480/1825 2967/2481/1825 2968/2314/1863 3371/2399/1862
f 3371/2399/1862 2968/2314/1863 2882/2314/1864 2975/2399/1865
f 3370/2398/1860 3371/2399/1862 2975/2399/1865 2976/2398/1866
f 3369/2393/1861 3370/2398/1860 2976/2398/1866 2977/2393/1867
f 2947/2397/1868 3369/2393/1861 2977/2393/1867 2881/2392/1869
f 2948/2397/1825 3366/2393/1825 3369/2393/1861 2947/2397/1868
f 2949/2397/1825 3363/2393/1825 3366/2393/1825 2948/2397/1825
f 3372/2369/1831 3373/2370/1831 3376/2370/1831 3375/2369/1831
f 3373/2370/1831 3374/2372/1831 3377/2372/1831 3376/2370/1831
f 3375/2369/1831 3376/2370/1831 3379/2482/1870 3378/2382/1871
f 3376/2370/1831 3377/2372/1831 3380/2372/1872 3379/2482/1870
f 3374/2372/1831 2949/2379/1831 2948/2379/1831 3377/2372/1831
f 3377/2372/1831 2948/2379/1831 2947/2379/1873 3380/2372/1872
f 3380/2372/1872 2947/2379/1873 2881/2378/1874 2978/2377/1875
f 3379/2482/1870 3380/2372/1872 2978/2377/1875 2979/2483/1876
f 3378/2382/1871 3379/2482/1870 2979/2483/1876 2980/2484/1877
f 2956/2295/1878 3378/2382/1871 2980/2484/1877 2878/2294/1879
f 2955/2295/1831 3375/2369/1831 3378/2382/1871 2956/2295/1878
f 2954/2295/1831 3372/2369/1831 3375/2369/1831 2955/2295/1831
f 3381/2485/1825 3382/2486/1825 3385/2487/1825 3384/2488/1825
f 3382/2486/1825 3383/2489/1825 3386/2490/1825 3385/2487/1825
f 3384/2488/1825 3385/2487/1825 3388/2491/1880 3387/2492/1880
f 3385/2487/1825 3386/2490/1825 3389/2493/1880 3388/2491/1880
f 3383/2489/1825 2960/2494/1825 2961/2495/1825 3386/2490/1825
f 3386/2490/1825 2961/2495/1825 2962/2496/1880 3389/2493/1880
f 3389/2493/1880 2962/2496/1880 2880/2345/1881 2981/2335/1881
f 3388/2491/1880 3389/2493/1880 2981/2335/1881 2982/2326/1881
f 3387/2492/1880 3388/2491/1880 2982/2326/1881 2983/2315/1881
f 2968/2314/1863 3387/2492/1880 2983/2315/1881 2882/2314/1864
f 2967/2481/1825 3384/2488/1825 3387/2492/1880 2968/2314/1863
f 2966/2481/1825 3381/2485/1825 3384/2488/1825 2967/2481/1825
f 3390/2497/1809 3391/2498/1809 3394/2498/1809 3393/2497/1809
f 3391/2498/1809 3392/2499/1809 3395/2499/1809 3394/2498/1809
f 3393/2497/1809 3394/2498/1809 3397/2498/1882 3396/2500/1883
f 3394/2498/1809 3395/2499/1809 3398/2501/1884 3397/2498/1882
f 3392/2499/1809 2954/2295/1809 2955/2295/1809 3395/2499/1809
f 3395/2499/1809 2955/2295/1809 2956/2295/1885 3398/2501/1884
f 3398/2501/1884 2956/2295/1885 2878/2294/1886 2984/2293/1887
f 3397/2498/1882 3398/2501/1884 2984/2293/1887 2985/2502/1888
f 3396/2500/1883 3397/2498/1882 2985/2502/1888 2986/2282/1889
f 2971/2281/1857 3396/2500/1883 2986/2282/1889 2883/2281/1858
f 2970/2281/1809 3393/2497/1809 3396/2500/1883 2971/2281/1857
f 2969/2281/1809 3390/2497/1809 3393/2497/1809 2970/2281/1809
f 3399/2503/1890 3400/2504/1890 3403/2505/1891 3402/2506/1891
f 3400/2504/1890 3401/2507/1890 3404/2446/1891 3403/2505/1891
f 3402/2506/1891 3403/2505/1891 3406/2508/1892 3405/2509/1892
f 3403/2505/1891 3404/2446/1891 3407/2510/1892 3406/2508/1892
f 2879/2422/1893 2974/2423/1893 3399/2503/1890 2959/2422/1890
f 2974/2423/1893 2973/2437/1893 3400/2504/1890 3399/2503/1890
f 2973/2437/1893 2972/2446/1893 3401/2507/1890 3400/2504/1890
f 2972/2446/1893 2883/2281/1894 2996/2281/1895 3401/2507/1890
f 3401/2507/1890 2996/2281/1895 2997/2281/1896 3404/2446/1891
f 3404/2446/1891 2997/2281/1896 2998/2511/1897 3407/2510/1892
f 3407/2510/1892 2998/2511/1897 2887/2281/1898 3005/2507/1899
f 3406/2508/1892 3407/2510/1892 3005/2507/1899 3006/2505/1899
f 3405/2509/1892 3406/2508/1892 3006/2505/1899 3007/2506/1899
f 2957/2512/1892 3405/2509/1892 3007/2506/1899 2888/2513/1899
f 2958/2513/1891 3402/2506/1891 3405/2509/1892 2957/2512/1892
f 2959/2422/1890 3399/2503/1890 3402/2506/1891 2958/2513/1891
f 3408/2393/1900 3409/2514/1901 3412/2514/1902 3411/2393/1903
f 3409/2514/1901 3410/2480/1904 3413/2515/1905 3412/2514/1902
f 3411/2393/1903 3412/2514/1902 3415/2516/1906 3414/2393/1907
f 3412/2514/1902 3413/2515/1905 3416/2517/1908 3415/2516/1906
f 2881/2392/1909 2977/2393/1910 3408/2393/1900 2965/2397/1911
f 2977/2393/1910 2976/2398/1912 3409/2514/1901 3408/2393/1900
f 2976/2398/1912 2975/2399/1913 3410/2480/1904 3409/2514/1901
f 2975/2399/1913 2882/2314/1914 2993/2314/1915 3410/2480/1904
f 3410/2480/1904 2993/2314/1915 2994/2314/1916 3413/2515/1905
f 3413/2515/1905 2994/2314/1916 2995/2518/1917 3416/2517/1908
f 3416/2517/1908 2995/2518/1917 2886/2314/1918 3008/2515/1919
f 3415/2516/1906 3416/2517/1908 3008/2515/1919 3009/2514/1920
f 3414/2393/1907 3415/2516/1906 3009/2514/1920 3010/2393/1921
f 2963/2397/1922 3414/2393/1907 3010/2393/1921 2889/2392/1923
f 2964/2397/1924 3411/2393/1903 3414/2393/1907 2963/2397/1922
f 2965/2397/1911 3408/2393/1900 3411/2393/1903 2964/2397/1924
f 3417/2519/1925 3418/2520/1926 3421/2521/1927 3420/2522/1928
f 3418/2520/1926 3419/2523/1929 3422/2524/1930 3421/2521/1927
f 3420/2522/1928 3421/2521/1927 3424/2525/1931 3423/2526/1932
f 3421/2521/1927 3422/2524/1930 3425/2527/1933 3424/2525/1931
f 2878/2294/1934 2980/2484/1935 3417/2519/1925 2987/2528/1936
f 2980/2484/1935 2979/2483/1876 3418/2520/1926 3417/2519/1925
f 2979/2483/1876 2978/2377/1875 3419/2523/1929 3418/2520/1926
f 2978/2377/1875 2881/2378/1909 2965/2379/1911 3419/2523/1929
f 3419/2523/1929 2965/2379/1911 2964/2379/1924 3422/2524/1930
f 3422/2524/1930 2964/2379/1924 2963/2379/1922 3425/2527/1933
f 3425/2527/1933 2963/2379/1922 2889/2378/1923 3011/2529/1937
f 3424/2525/1931 3425/2527/1933 3011/2529/1937 3012/2530/1938
f 3423/2526/1932 3424/2525/1931 3012/2530/1938 3013/2531/1939
f 2989/2532/1940 3423/2526/1932 3013/2531/1939 2884/2533/1941
f 2988/2534/1942 3420/2522/1928 3423/2526/1932 2989/2532/1940
f 2987/2528/1936 3417/2519/1925 3420/2522/1928 2988/2534/1942
f 3426/2535/1943 3427/2536/1943 3430/2537/1944 3429/2535/1944
f 3427/2536/1943 3428/2538/1943 3431/2335/1944 3430/2537/1944
f 3429/2535/1944 3430/2537/1944 3433/2539/1945 3432/2540/1945
f 3430/2537/1944 3431/2335/1944 3434/2541/1945 3433/2539/1945
f 2882/2314/1914 2983/2315/1946 3426/2535/1943 2993/2314/1915
f 2983/2315/1946 2982/2326/1946 3427/2536/1943 3426/2535/1943
f 2982/2326/1946 2981/2335/1946 3428/2538/1943 3427/2536/1943
f 2981/2335/1946 2880/2345/1946 2990/2345/1943 3428/2538/1943
f 3428/2538/1943 2990/2345/1943 2991/2345/1944 3431/2335/1944
f 3431/2335/1944 2991/2345/1944 2992/2542/1945 3434/2541/1945
f 3434/2541/1945 2992/2542/1945 2885/2543/1947 3014/2335/1947
f 3433/2539/1945 3434/2541/1945 3014/2335/1947 3015/2537/1947
f 3432/2540/1945 3433/2539/1945 3015/2537/1947 3016/2544/1947
f 2995/2518/1917 3432/2540/1945 3016/2544/1947 2886/2314/1918
f 2994/2314/1916 3429/2535/1944 3432/2540/1945 2995/2518/1917
f 2993/2314/1915 3426/2535/1943 3429/2535/1944 2994/2314/1916
f 3435/2545/1948 3436/2546/1949 3439/2547/1950 3438/2548/1951
f 3436/2546/1949 3437/2549/1952 3440/2550/1953 3439/2547/1950
f 3438/2548/1951 3439/2547/1950 3442/2551/1954 3441/2552/1955
f 3439/2547/1950 3440/2550/1953 3443/2553/1956 3442/2551/1954
f 2883/2281/1894 2986/2282/1957 3435/2545/1948 2996/2281/1895
f 2986/2282/1957 2985/2502/1958 3436/2546/1949 3435/2545/1948
f 2985/2502/1958 2984/2293/1959 3437/2549/1952 3436/2546/1949
f 2984/2293/1959 2878/2294/1934 2987/2528/1936 3437/2549/1952
f 3437/2549/1952 2987/2528/1936 2988/2534/1942 3440/2550/1953
f 3440/2550/1953 2988/2534/1942 2989/2532/1940 3443/2553/1956
f 3443/2553/1956 2989/2532/1940 2884/2533/1941 3017/2554/1960
f 3442/2551/1954 3443/2553/1956 3017/2554/1960 3018/2555/1961
f 3441/2552/1955 3442/2551/1954 3018/2555/1961 3019/2556/1962
f 2998/2511/1897 3441/2552/1955 3019/2556/1962 2887/2281/1898
f 2997/2281/1896 3438/2548/1951 3441/2552/1955 2998/2511/1897
f 2996/2281/1895 3435/2545/1948 3438/2548/1951 2997/2281/1896
f 3444/2509/1963 3445/2508/1963 3448/2504/1964 3447/2506/1965
f 3445/2508/1963 3446/2510/1963 3449/2446/1964 3448/2504/1964
f 3447/2506/1965 3448/2504/1964 3451/2557/1966 3450/2423/1966
f 3448/2504/1964 3449/2446/1964 3452/2446/1966 3451/2557/1966
f 2888/2513/1899 3007/2506/1899 3444/2509/1963 3001/2558/1963
f 3007/2506/1899 3006/2505/1899 3445/2508/1963 3444/2509/1963
f 3006/2505/1899 3005/2507/1899 3446/2510/1963 3445/2508/1963
f 3005/2507/1899 2887/2281/1898 3029/2511/1967 3446/2510/1963
f 3446/2510/1963 3029/2511/1967 3030/2281/1968 3449/2446/1964
f 3449/2446/1964 3030/2281/1968 3031/2559/1969 3452/2446/1966
f 3452/2446/1966 3031/2559/1969 2893/2281/1970 3038/2446/1971
f 3451/2557/1966 3452/2446/1966 3038/2446/1971 3039/2437/1971
f 3450/2423/1966 3451/2557/1966 3039/2437/1971 3040/2423/1971
f 2999/2560/1966 3450/2423/1966 3040/2423/1971 2894/2422/1971
f 3000/2422/1965 3447/2506/1965 3450/2423/1966 2999/2560/1966
f 3001/2558/1963 3444/2509/1963 3447/2506/1965 3000/2422/1965
f 3453/2393/1972 3454/2516/1973 3457/2398/1974 3456/2393/1975
f 3454/2516/1973 3455/2517/1976 3458/2480/1977 3457/2398/1974
f 3456/2393/1975 3457/2398/1974 3460/2514/1978 3459/2393/1979
f 3457/2398/1974 3458/2480/1977 3461/2399/1980 3460/2514/1978
f 2889/2392/1923 3010/2393/1921 3453/2393/1972 3004/2397/1981
f 3010/2393/1921 3009/2514/1920 3454/2516/1973 3453/2393/1972
f 3009/2514/1920 3008/2515/1919 3455/2517/1976 3454/2516/1973
f 3008/2515/1919 2886/2314/1918 3026/2518/1982 3455/2517/1976
f 3455/2517/1976 3026/2518/1982 3027/2481/1983 3458/2480/1977
f 3458/2480/1977 3027/2481/1983 3028/2314/1984 3461/2399/1980
f 3461/2399/1980 3028/2314/1984 2892/2314/1985 3041/2399/1986
f 3460/2514/1978 3461/2399/1980 3041/2399/1986 3042/2398/1987
f 3459/2393/1979 3460/2514/1978 3042/2398/1987 3043/2393/1988
f 3002/2397/1989 3459/2393/1979 3043/2393/1988 2895/2392/1990
f 3003/2397/1991 3456/2393/1975 3459/2393/1979 3002/2397/1989
f 3004/2397/1981 3453/2393/1972 3456/2393/1975 3003/2397/1991
f 3462/2526/1992 3463/2525/1993 3466/2521/1994 3465/2522/1995
f 3463/2525/1993 3464/2527/1996 3467/2561/1997 3466/2521/1994
f 3465/2522/1995 3466/2521/1994 3469/2520/1998 3468/2519/1999
f 3466/2521/1994 3467/2561/1997 3470/2523/2000 3469/2520/1998
f 2884/2533/1941 3013/2531/1939 3462/2526/1992 3020/2532/2001
f 3013/2531/1939 3012/2530/1938 3463/2525/1993 3462/2526/1992
f 3012/2530/1938 3011/2529/1937 3464/2527/1996 3463/2525/1993
f 3011/2529/1937 2889/2378/1923 3004/2379/1981 3464/2527/1996
f 3464/2527/1996 3004/2379/1981 3003/2379/1991 3467/2561/1997
f 3467/2561/1997 3003/2379/1991 3002/2379/1989 3470/2523/2000
f 3470/2523/2000 3002/2379/1989 2895/2378/1990 3044/2377/2002
f 3469/2520/1998 3470/2523/2000 3044/2377/2002 3045/2376/2003
f 3468/2519/1999 3469/2520/1998 3045/2376/2003 3046/2375/2004
f 3022/2528/2005 3468/2519/1999 3046/2375/2004 2890/2294/2006
f 3021/2562/2007 3465/2522/1995 3468/2519/1999 3022/2528/2005
f 3020/2532/2001 3462/2526/1992 3465/2522/1995 3021/2562/2007
f 3471/2563/2008 3472/2539/2008 3475/2537/2009 3474/2535/2009
f 3472/2539/2008 3473/2541/2008 3476/2564/2010 3475/2537/2009
f 3474/2535/2009 3475/2537/2009 3478/2537/2011 3477/2315/2011
f 3475/2537/2009 3476/2564/2010 3479/2538/2011 3478/2537/2011
f 2886/2314/1918 3016/2544/1947 3471/2563/2008 3026/2518/1982
f 3016/2544/1947 3015/2537/1947 3472/2539/2008 3471/2563/2008
f 3015/2537/1947 3014/2335/1947 3473/2541/2008 3472/2539/2008
f 3014/2335/1947 2885/2543/1947 3023/2565/2008 3473/2541/2008
f 3473/2541/2008 3023/2565/2008 3024/2566/2009 3476/2564/2010
f 3476/2564/2010 3024/2566/2009 3025/2543/2011 3479/2538/2011
f 3479/2538/2011 3025/2543/2011 2891/2543/2012 3047/2564/2012
f 3478/2537/2011 3479/2538/2011 3047/2564/2012 3048/2326/2012
f 3477/2315/2011 3478/2537/2011 3048/2326/2012 3049/2315/2012
f 3028/2314/1984 3477/2315/2011 3049/2315/2012 2892/2314/1985
f 3027/2481/1983 3474/2535/2009 3477/2315/2011 3028/2314/1984
f 3026/2518/1982 3471/2563/2008 3474/2535/2009 3027/2481/1983
f 3480/2552/2013 3481/2551/2014 3484/2547/2015 3483/2567/2016
f 3481/2551/2014 3482/2553/2017 3485/2568/2018 3484/2547/2015
f 3483/2567/2016 3484/2547/2015 3487/2546/2019 3486/2545/2020
f 3484/2547/2015 3485/2568/2018 3488/2549/2021 3487/2546/2019
f 2887/2281/1898 3019/2556/1962 3480/2552/2013 3029/2511/1967
f 3019/2556/1962 3018/2555/1961 3481/2551/2014 3480/2552/2013
f 3018/2555/1961 3017/2554/1960 3482/2553/2017 3481/2551/2014
f 3017/2554/1960 2884/2533/1941 3020/2532/2001 3482/2553/2017
f 3482/2553/2017 3020/2532/2001 3021/2562/2007 3485/2568/2018
f 3485/2568/2018 3021/2562/2007 3022/2528/2005 3488/2549/2021
f 3488/2549/2021 3022/2528/2005 2890/2294/2006 3050/2293/2022
f 3487/2546/2019 3488/2549/2021 3050/2293/2022 3051/2290/2023
f 3486/2545/2020 3487/2546/2019 3051/2290/2023 3052/2282/2024
f 3031/2559/1969 3486/2545/2020 3052/2282/2024 2893/2281/1970
f 3030/2281/1968 3483/2567/2016 3486/2545/2020 3031/2559/1969
f 3029/2511/1967 3480/2552/2013 3483/2567/2016 3030/2281/1968
f 3489/2503/2025 3490/2504/2025 3493/2505/1809 3492/2503/1809
f 3490/2504/2025 3491/2446/2025 3494/2446/1809 3493/2505/1809
f 3492/2503/1809 3493/2505/1809 3496/2437/2026 3495/2423/2026
f 3493/2505/1809 3494/2446/1809 3497/2446/2026 3496/2437/2026
f 2894/2422/1971 3040/2423/1971 3489/2503/2025 3034/2422/2025
f 3040/2423/1971 3039/2437/1971 3490/2504/2025 3489/2503/2025
f 3039/2437/1971 3038/2446/1971 3491/2446/2025 3490/2504/2025
f 3038/2446/1971 2893/2281/1970 3062/2281/2025 3491/2446/2025
f 3491/2446/2025 3062/2281/2025 3063/2281/1809 3494/2446/1809
f 3494/2446/1809 3063/2281/1809 3064/2281/2026 3497/2446/2026
f 3497/2446/2026 3064/2281/2026 2899/2281/2027 3071/2446/2028
f 3496/2437/2026 3497/2446/2026 3071/2446/2028 3072/2437/2028
f 3495/2423/2026 3496/2437/2026 3072/2437/2028 3073/2423/2028
f 3032/2422/2026 3495/2423/2026 3073/2423/2028 2900/2422/2028
f 3033/2569/1809 3492/2503/1809 3495/2423/2026 3032/2422/2026
f 3034/2422/2025 3489/2503/2025 3492/2503/1809 3033/2569/1809
f 3498/2393/2029 3499/2398/2030 3502/2398/1825 3501/2393/1825
f 3499/2398/2030 3500/2480/2031 3503/2480/1825 3502/2398/1825
f 3501/2393/1825 3502/2398/1825 3505/2398/2032 3504/2393/2033
f 3502/2398/1825 3503/2480/1825 3506/2399/2034 3505/2398/2032
f 2895/2392/2035 3043/2393/2036 3498/2393/2029 3037/2397/2037
f 3043/2393/2036 3042/2398/2038 3499/2398/2030 3498/2393/2029
f 3042/2398/2038 3041/2399/1986 3500/2480/2031 3499/2398/2030
f 3041/2399/1986 2892/2314/1985 3059/2481/2039 3500/2480/2031
f 3500/2480/2031 3059/2481/2039 3060/2481/1825 3503/2480/1825
f 3503/2480/1825 3060/2481/1825 3061/2314/2040 3506/2399/2034
f 3506/2399/2034 3061/2314/2040 2898/2314/2041 3074/2399/2042
f 3505/2398/2032 3506/2399/2034 3074/2399/2042 3075/2398/2043
f 3504/2393/2033 3505/2398/2032 3075/2398/2043 3076/2393/2044
f 3035/2397/2045 3504/2393/2033 3076/2393/2044 2901/2392/2046
f 3036/2397/1825 3501/2393/1825 3504/2393/2033 3035/2397/2045
f 3037/2397/2037 3498/2393/2029 3501/2393/1825 3036/2397/1825
f 3507/2369/2047 3508/2370/2048 3511/2370/1831 3510/2369/1831
f 3508/2370/2048 3509/2372/2049 3512/2372/1831 3511/2370/1831
f 3510/2369/1831 3511/2370/1831 3514/2482/2050 3513/2382/2051
f 3511/2370/1831 3512/2372/1831 3515/2372/2052 3514/2482/2050
f 2890/2294/2053 3046/2375/2054 3507/2369/2047 3053/2295/2055
f 3046/2375/2054 3045/2376/2003 3508/2370/2048 3507/2369/2047
f 3045/2376/2003 3044/2377/2002 3509/2372/2049 3508/2370/2048
f 3044/2377/2002 2895/2378/2056 3037/2379/2057 3509/2372/2049
f 3509/2372/2049 3037/2379/2057 3036/2379/1831 3512/2372/1831
f 3512/2372/1831 3036/2379/1831 3035/2379/2058 3515/2372/2052
f 3515/2372/2052 3035/2379/2058 2901/2378/2059 3077/2377/2060
f 3514/2482/2050 3515/2372/2052 3077/2377/2060 3078/2483/2061
f 3513/2382/2051 3514/2482/2050 3078/2483/2061 3079/2484/2062
f 3055/2295/2063 3513/2382/2051 3079/2484/2062 2896/2294/2064
f 3054/2295/1831 3510/2369/1831 3513/2382/2051 3055/2295/2063
f 3053/2295/2055 3507/2369/2047 3510/2369/1831 3054/2295/1831
f 3516/2535/2039 3517/2537/2039 3520/2537/1825 3519/2535/1825
f 3517/2537/2039 3518/2564/2039 3521/2564/1825 3520/2537/1825
f 3519/2535/1825 3520/2537/1825 3523/2326/2040 3522/2315/2040
f 3520/2537/1825 3521/2564/1825 3524/2335/2040 3523/2326/2040
f 2892/2314/1985 3049/2315/2012 3516/2535/2039 3059/2481/2039
f 3049/2315/2012 3048/2326/2012 3517/2537/2039 3516/2535/2039
f 3048/2326/2012 3047/2564/2012 3518/2564/2039 3517/2537/2039
f 3047/2564/2012 2891/2543/2012 3056/2566/2039 3518/2564/2039
f 3518/2564/2039 3056/2566/2039 3057/2566/1825 3521/2564/1825
f 3521/2564/1825 3057/2566/1825 3058/2543/2040 3524/2335/2040
f 3524/2335/2040 3058/2543/2040 2897/2345/2065 3080/2335/2065
f 3523/2326/2040 3524/2335/2040 3080/2335/2065 3081/2326/2065
f 3522/2315/2040 3523/2326/2040 3081/2326/2065 3082/2315/2065
f 3061/2314/2040 3522/2315/2040 3082/2315/2065 2898/2314/2041
f 3060/2481/1825 3519/2535/1825 3522/2315/2040 3061/2314/2040
f 3059/2481/2039 3516/2535/2039 3519/2535/1825 3060/2481/1825
f 3525/2497/2066 3526/2498/2067 3529/2498/1809 3528/2497/1809
f 3526/2498/2067 3527/2499/2068 3530/2499/1809 3529/2498/1809
f 3528/2497/1809 3529/2498/1809 3532/2498/2069 3531/2500/2070
f 3529/2498/1809 3530/2499/1809 3533/2501/2071 3532/2498/2069
f 2893/2281/1970 3052/2282/2024 3525/2497/2066 3062/2281/2025
f 3052/2282/2024 3051/2290/2072 3526/2498/2067 3525/2497/2066
f 3051/2290/2072 3050/2293/2073 3527/2499/2068 3526/2498/2067
f 3050/2293/2073 2890/2294/2074 3053/2295/2075 3527/2499/2068
f 3527/2499/2068 3053/2295/2075 3054/2295/1809 3530/2499/1809
f 3530/2499/1809 3054/2295/1809 3055/2295/2076 3533/2501/2071
f 3533/2501/2071 3055/2295/2076 2896/2294/2077 3083/2293/2078
f 3532/2498/2069 3533/2501/2071 3083/2293/2078 3084/2502/2079
f 3531/2500/2070 3532/2498/2069 3084/2502/2079 3085/2282/2080
f 3064/2281/2026 3531/2500/2070 3085/2282/2080 2899/2281/2027
f 3063/2281/1809 3528/2497/1809 3531/2500/2070 3064/2281/2026
f 3062/2281/2025 3525/2497/2066 3528/2497/1809 3063/2281/1809
f 3534/2503/2081 3535/2504/2081 3538/2505/2082 3537/2506/2082
f 3535/2504/2081 3536/2507/2081 3539/2446/2083 3538/2505/2082
f 3537/2506/2082 3538/2505/2082 3541/2508/2084 3540/2509/2084
f 3538/2505/2082 3539/2446/2083 3542/2510/2084 3541/2508/2084
f 2900/2422/2085 3073/2423/2086 3534/2503/2081 3067/2422/2081
f 3073/2423/2086 3072/2437/2086 3535/2504/2081 3534/2503/2081
f 3072/2437/2086 3071/2446/2086 3536/2507/2081 3535/2504/2081
f 3071/2446/2086 2899/2281/2087 3095/2281/2088 3536/2507/2081
f 3536/2507/2081 3095/2281/2088 3096/2281/2089 3539/2446/2083
f 3539/2446/2083 3096/2281/2089 3097/2511/2090 3542/2510/2084
f 3542/2510/2084 3097/2511/2090 2905/2281/2091 3104/2507/1883
f 3541/2508/2084 3542/2510/2084 3104/2507/1883 3105/2505/1883
f 3540/2509/2084 3541/2508/2084 3105/2505/1883 3106/2506/1883
f 3065/2512/2084 3540/2509/2084 3106/2506/1883 2906/2513/1883
f 3066/2513/2082 3537/2506/2082 3540/2509/2084 3065/2512/2084
f 3067/2422/2081 3534/2503/2081 3537/2506/2082 3066/2513/2082
f 3543/2393/2092 3544/2514/2093 3547/2514/2094 3546/2393/2095
f 3544/2514/2093 3545/2480/2096 3548/2515/2097 3547/2514/2094
f 3546/2393/2095 3547/2514/2094 3550/2516/2098 3549/2393/2099
f 3547/2514/2094 3548/2515/2097 3551/2517/2100 3550/2516/2098
f 2901/2392/2101 3076/2393/2102 3543/2393/2092 3070/2397/2103
f 3076/2393/2102 3075/2398/2104 3544/2514/2093 3543/2393/2092
f 3075/2398/2104 3074/2399/2105 3545/2480/2096 3544/2514/2093
f 3074/2399/2105 2898/2314/2106 3092/2314/2107 3545/2480/2096
f 3545/2480/2096 3092/2314/2107 3093/2314/2108 3548/2515/2097
f 3548/2515/2097 3093/2314/2108 3094/2518/2109 3551/2517/2100
f 3551/2517/2100 3094/2518/2109 2904/2314/2110 3107/2515/2111
f 3550/2516/2098 3551/2517/2100 3107/2515/2111 3108/2514/2112
f 3549/2393/2099 3550/2516/2098 3108/2514/2112 3109/2393/2113
f 3068/2397/2114 3549/2393/2099 3109/2393/2113 2907/2392/2115
f 3069/2397/2116 3546/2393/2095 3549/2393/2099 3068/2397/2114
f 3070/2397/2103 3543/2393/2092 3546/2393/2095 3069/2397/2116
f 3552/2519/2117 3553/2520/2118 3556/2521/2119 3555/2522/2120
f 3553/2520/2118 3554/2523/2121 3557/2524/2122 3556/2521/2123
f 3555/2522/2120 3556/2521/2124 3559/2525/2125 3558/2526/2126
f 3556/2521/2127 3557/2524/2122 3560/2527/2128 3559/2525/2129
f 2896/2294/2130 3079/2484/2131 3552/2519/2117 3086/2528/2132
f 3079/2484/2131 3078/2483/2133 3553/2520/2118 3552/2519/2117
f 3078/2483/2133 3077/2377/2134 3554/2523/2121 3553/2520/2118
f 3077/2377/2134 2901/2378/2101 3070/2379/2103 3554/2523/2121
f 3554/2523/2121 3070/2379/2103 3069/2379/2116 3557/2524/2122
f 3557/2524/2122 3069/2379/2116 3068/2379/2114 3560/2527/2128
f 3560/2527/2128 3068/2379/2114 2907/2378/2115 3110/2529/2135
f 3559/2525/2129 3560/2527/2128 3110/2529/2135 3111/2530/2136
f 3558/2526/2126 3559/2525/2125 3111/2530/2137 3112/2531/2138
f 3088/2532/2139 3558/2526/2126 3112/2531/2138 2902/2533/2140
f 3087/2534/2141 3555/2522/2120 3558/2526/2126 3088/2532/2139
f 3086/2528/2132 3552/2519/2117 3555/2522/2120 3087/2534/2141
f 3561/2535/2142 3562/2536/2142 3565/2537/2143 3564/2535/2143
f 3562/2536/2142 3563/2538/2142 3566/2335/2144 3565/2537/2143
f 3564/2535/2143 3565/2537/2143 3568/2539/2145 3567/2540/2145
f 3565/2537/2143 3566/2335/2144 3569/2541/2145 3568/2539/2145
f 2898/2314/2106 3082/2315/2146 3561/2535/2142 3092/2314/2107
f 3082/2315/2146 3081/2326/2146 3562/2536/2142 3561/2535/2142
f 3081/2326/2146 3080/2335/2146 3563/2538/2142 3562/2536/2142
f 3080/2335/2146 2897/2345/2147 3089/2345/2142 3563/2538/2142
f 3563/2538/2142 3089/2345/2142 3090/2345/2144 3566/2335/2144
f 3566/2335/2144 3090/2345/2144 3091/2542/2145 3569/2541/2145
f 3569/2541/2145 3091/2542/2145 2903/2543/1862 3113/2335/1862
f 3568/2539/2145 3569/2541/2145 3113/2335/1862 3114/2537/1862
f 3567/2540/2145 3568/2539/2145 3114/2537/1862 3115/2544/1862
f 3094/2518/2109 3567/2540/2145 3115/2544/1862 2904/2314/2110
f 3093/2314/2108 3564/2535/2143 3567/2540/2145 3094/2518/2109
f 3092/2314/2107 3561/2535/2142 3564/2535/2143 3093/2314/2108
f 3570/2545/2148 3571/2546/2149 3574/2547/2150 3573/2548/2151
f 3571/2546/2149 3572/2549/2152 3575/2550/2153 3574/2547/2150
f 3573/2548/2151 3574/2547/2150 3577/2551/2154 3576/2552/2155
f 3574/2547/2150 3575/2550/2153 3578/2553/2156 3577/2551/2154
f 2899/2281/2087 3085/2282/2157 3570/2545/2148 3095/2281/2088
f 3085/2282/2157 3084/2502/2158 3571/2546/2149 3570/2545/2148
f 3084/2502/2158 3083/2293/2159 3572/2549/2152 3571/2546/2149
f 3083/2293/2159 2896/2294/2130 3086/2528/2132 3572/2549/2152
f 3572/2549/2152 3086/2528/2132 3087/2534/2141 3575/2550/2153
f 3575/2550/2153 3087/2534/2141 3088/2532/2139 3578/2553/2156
f 3578/2553/2156 3088/2532/2139 2902/2533/2140 3116/2554/2160
f 3577/2551/2154 3578/2553/2156 3116/2554/2160 3117/2555/2161
f 3576/2552/2155 3577/2551/2154 3117/2555/2161 3118/2556/2162
f 3097/2511/2090 3576/2552/2155 3118/2556/2162 2905/2281/2091
f 3096/2281/2089 3573/2548/2151 3576/2552/2155 3097/2511/2090
f 3095/2281/2088 3570/2545/2148 3573/2548/2151 3096/2281/2089
f 3579/2509/2163 3580/2508/2163 3583/2504/2164 3582/2506/2164
f 3580/2508/2163 3581/2510/2163 3584/2446/2164 3583/2504/2164
f 3582/2506/2164 3583/2504/2164 3586/2557/2165 3585/2423/2165
f 3583/2504/2164 3584/2446/2164 3587/2446/2165 3586/2557/2165
f 2906/2513/1883 3106/2506/1883 3579/2509/2163 3100/2558/2163
f 3106/2506/1883 3105/2505/1883 3580/2508/2163 3579/2509/2163
f 3105/2505/1883 3104/2507/1883 3581/2510/2163 3580/2508/2163
f 3104/2507/1883 2905/2281/2091 3128/2511/2166 3581/2510/2163
f 3581/2510/2163 3128/2511/2166 3129/2281/2167 3584/2446/2164
f 3584/2446/2164 3129/2281/2167 3130/2559/2168 3587/2446/2165
f 3587/2446/2165 3130/2559/2168 2911/2281/1812 3135/2446/1854
f 3586/2557/2165 3587/2446/2165 3135/2446/1854 3136/2437/1854
f 3585/2423/2165 3586/2557/2165 3136/2437/1854 3137/2423/1854
f 3098/2560/2165 3585/2423/2165 3137/2423/1854 2912/2422/1854
f 3099/2422/2164 3582/2506/2164 3585/2423/2165 3098/2560/2165
f 3100/2558/2163 3579/2509/2163 3582/2506/2164 3099/2422/2164
f 3588/2393/2169 3589/2516/2170 3592/2398/2171 3591/2393/2172
f 3589/2516/2170 3590/2517/2173 3593/2480/2174 3592/2398/2171
f 3591/2393/2172 3592/2398/2171 3595/2514/2175 3594/2393/2176
f 3592/2398/2171 3593/2480/2174 3596/2399/2177 3595/2514/2175
f 2907/2392/2115 3109/2393/2113 3588/2393/2169 3103/2397/2178
f 3109/2393/2113 3108/2514/2112 3589/2516/2170 3588/2393/2169
f 3108/2514/2112 3107/2515/2111 3590/2517/2173 3589/2516/2170
f 3107/2515/2111 2904/2314/2110 3125/2518/2179 3590/2517/2173
f 3590/2517/2173 3125/2518/2179 3126/2481/2180 3593/2480/2174
f 3593/2480/2174 3126/2481/2180 3127/2314/2181 3596/2399/2177
f 3596/2399/2177 3127/2314/2181 2910/2314/1826 3138/2399/1848
f 3595/2514/2175 3596/2399/2177 3138/2399/1848 3139/2398/1847
f 3594/2393/2176 3595/2514/2175 3139/2398/1847 3140/2393/1844
f 3101/2397/2182 3594/2393/2176 3140/2393/1844 2913/2392/2183
f 3102/2397/2184 3591/2393/2172 3594/2393/2176 3101/2397/2182
f 3103/2397/2178 3588/2393/2169 3591/2393/2172 3102/2397/2184
f 3597/2526/2185 3598/2525/2186 3601/2521/2187 3600/2522/2188
f 3598/2525/2189 3599/2527/2190 3602/2561/2191 3601/2521/2192
f 3600/2522/2188 3601/2521/2187 3604/2520/2193 3603/2519/2194
f 3601/2521/2192 3602/2561/2191 3605/2523/2195 3604/2520/2193
f 2902/2533/2140 3112/2531/2138 3597/2526/2185 3119/2532/2196
f 3112/2531/2138 3111/2530/2137 3598/2525/2186 3597/2526/2185
f 3111/2530/2136 3110/2529/2135 3599/2527/2190 3598/2525/2189
f 3110/2529/2135 2907/2378/2115 3103/2379/2178 3599/2527/2190
f 3599/2527/2190 3103/2379/2178 3102/2379/2184 3602/2561/2191
f 3602/2561/2191 3102/2379/2184 3101/2379/2182 3605/2523/2195
f 3605/2523/2195 3101/2379/2197 2913/2378/2197 3141/2377/2198
f 3604/2520/2193 3605/2523/2195 3141/2377/2198 3142/2376/2199
f 3603/2519/2194 3604/2520/2193 3142/2376/2199 3143/2375/2200
f 3121/2528/2201 3603/2519/2194 3143/2375/2200 2908/2294/2201
f 3120/2562/2202 3600/2522/2188 3603/2519/2194 3121/2528/2203
f 3119/2532/2196 3597/2526/2185 3600/2522/2188 3120/2562/2202
f 3606/2563/2204 3607/2539/2205 3610/2537/2206 3609/2535/2206
f 3607/2539/2205 3608/2541/2205 3611/2564/2206 3610/2537/2206
f 3609/2535/2206 3610/2537/2206 3613/2536/2207 3612/2315/2207
f 3610/2537/2206 3611/2564/2206 3614/2335/2207 3613/2536/2207
f 2904/2314/2110 3115/2544/1862 3606/2563/2204 3125/2518/2179
f 3115/2544/1862 3114/2537/1862 3607/2539/2205 3606/2563/2204
f 3114/2537/1862 3113/2335/1862 3608/2541/2205 3607/2539/2205
f 3113/2335/1862 2903/2543/1862 3122/2565/2204 3608/2541/2205
f 3608/2541/2205 3122/2565/2204 3123/2345/2206 3611/2564/2206
f 3611/2564/2206 3123/2345/2206 3124/2543/2207 3614/2335/2207
f 3614/2335/2207 3124/2543/2207 2909/2345/1827 3144/2335/1827
f 3613/2536/2207 3614/2335/2207 3144/2335/1827 3145/2326/1827
f 3612/2315/2207 3613/2536/2207 3145/2326/1827 3146/2315/1827
f 3127/2314/2181 3612/2315/2207 3146/2315/1827 2910/2314/1826
f 3126/2481/2180 3609/2535/2206 3612/2315/2207 3127/2314/2181
f 3125/2518/2179 3606/2563/2204 3609/2535/2206 3126/2481/2180
f 3615/2552/2208 3616/2551/2209 3619/2547/2210 3618/2567/2211
f 3616/2551/2209 3617/2553/2212 3620/2568/2213 3619/2547/2210
f 3618/2567/2211 3619/2547/2210 3622/2546/2214 3621/2545/2215
f 3619/2547/2210 3620/2568/2213 3623/2549/2216 3622/2546/2214
f 2905/2281/2091 3118/2556/2162 3615/2552/2208 3128/2511/2166
f 3118/2556/2162 3117/2555/2161 3616/2551/2209 3615/2552/2208
f 3117/2555/2161 3116/2554/2160 3617/2553/2212 3616/2551/2209
f 3116/2554/2160 2902/2533/2140 3119/2532/2196 3617/2553/2212
f 3617/2553/2212 3119/2532/2196 3120/2562/2202 3620/2568/2213
f 3620/2568/2213 3120/2562/2202 3121/2528/2203 3623/2549/2216
f 3623/2549/2216 3121/2528/2203 2908/2294/2217 3147/2293/1819
f 3622/2546/2214 3623/2549/2216 3147/2293/1819 3148/2290/1817
f 3621/2545/2215 3622/2546/2214 3148/2290/1817 3149/2282/1813
f 3130/2559/2168 3621/2545/2215 3149/2282/1813 2911/2281/1812
f 3129/2281/2167 3618/2567/2211 3621/2545/2215 3130/2559/2168
f 3128/2511/2166 3615/2552/2208 3618/2567/2211 3129/2281/2167
f 3624/2268/1807 3975/2570/1809 3974/2571/1809 3967/2572/1809 3969/2573/2218
f 3625/2273/2219 3626/2277/1809 3942/2574/1809 3938/2575/2220
f 3626/2277/1809 3955/2576/1809 3956/2577/1809 3943/2578/1809 3942/2574/1809
f 2938/2579/1812 3162/2289/1816 4021/2580/1814 4000/2581/1815 4001/2582/1814 3990/2583/1814 3976/2584/1815 3977/2585/1814 3624/2268/1807 3326/2282/2221
f 3162/2289/1816 3163/2586/1809 4014/2587/1809 4021/2580/1814
f 3163/2586/1809 3164/2588/1809 4016/2589/1809 4014/2587/1809
f 3164/2588/1809 4035/2590/1809 4029/2591/1809 4012/2592/1809 4016/2589/1809
f 3627/2274/2222 3922/2593/1809 3923/2594/1809 3154/2295/1809 3153/2295/2223
f 3324/2595/2224 3627/2274/2222 3153/2295/2223 2936/2294/2225
f 3325/2290/2226 3625/2273/2219 3938/2575/2220 3927/2596/2227 3928/2597/2220 3627/2274/2222 3324/2595/2224
f 3326/2282/2221 3624/2268/1807 3969/2573/2218 3958/2598/2228 3959/2599/2218 3625/2273/2219 3325/2290/2226
f 3628/2304/1823 4080/2600/1825 4084/2601/1824
f 3629/2602/1823 4149/2603/1825 4152/2604/1824
f 2937/2314/1826 3159/2605/1823 4025/2606/1824 4024/2607/1828 4046/2608/1824 4051/2609/1824 4050/2610/1828 4070/2611/1824 3628/2304/1823 3323/2315/1827
f 3159/2605/1823 3160/2612/1825 4036/2613/1825 4025/2606/1824
f 3160/2612/1825 3161/2614/1825 4037/2615/1825 4036/2613/1825
f 3161/2614/1825 4031/2616/1825 4037/2615/1825
f 3632/2362/1825 4240/2617/1825 4244/2618/1825 4257/2619/1825 4253/2620/1825
f 3631/2360/1825 3632/2362/1825 4253/2620/1825 4254/2621/1825
f 3630/2336/1823 3631/2360/1825 4254/2621/1825 4248/2622/1824
f 3321/2335/1827 3630/2336/1823 4248/2622/1824 4247/2623/1828 4269/2624/1824 4272/2625/1824 4271/2626/1828 4286/2627/1824 4296/2628/1824 4295/2629/1828 4317/2630/1824 2946/2346/1823 2909/2345/1827
f 3322/2326/1827 3629/2602/1823 4152/2604/1824 4151/2631/1828 4164/2632/1824 4183/2633/1824 4182/2634/1828 4188/2635/1824 4200/2636/1824 4199/2637/1828 4219/2638/1824 4223/2639/1824 4224/2640/1828 4236/2641/1824 3630/2336/1823 3321/2335/1827
f 3323/2315/1827 3628/2304/1823 4084/2601/1824 4087/2642/1828 4096/2643/1824 4102/2644/1824 4101/2645/1828 4113/2646/1824 4126/2647/1824 4125/2648/1828 4137/2649/1824 3629/2602/1823 3322/2326/1827
f 3633/2650/2229 3634/2371/2230 3637/2370/2230 3636/2370/2231
f 3634/2371/2230 3635/2374/2230 3638/2370/2230 3637/2370/2230
f 3636/2370/2231 3637/2370/2230 3640/2372/2230 3639/2372/2232
f 3637/2370/2230 3638/2370/2230 3641/2373/2230 3640/2372/2230
f 2936/2294/2233 3153/2295/2234 3633/2650/2229 3320/2375/2235
f 3153/2295/2234 3154/2295/2230 3634/2371/2230 3633/2650/2229
f 3154/2295/2230 3155/2383/2230 3635/2374/2230 3634/2371/2230
f 3155/2383/2230 2915/2295/2230 3152/2382/2230 3635/2374/2230
f 3635/2374/2230 3152/2382/2230 3151/2370/2230 3638/2370/2230
f 3638/2370/2230 3151/2370/2230 3150/2381/2230 3641/2373/2230
f 3641/2373/2230 3150/2381/2230 2914/2379/2230 3309/2380/2230
f 3640/2372/2230 3641/2373/2230 3309/2380/2230 3310/2379/2230
f 3639/2372/2232 3640/2372/2230 3310/2379/2230 3311/2379/2236
f 3318/2377/2237 3639/2372/2232 3311/2379/2236 2939/2378/2238
f 3319/2651/2239 3636/2370/2231 3639/2372/2232 3318/2377/2237
f 3320/2375/2235 3633/2650/2229 3636/2370/2231 3319/2651/2239
f 3642/2384/2240 3921/2652/1825 3926/2653/2241
f 3643/2654/2242 3644/2655/1825 3954/2656/1825 3960/2657/2243
f 3644/2655/1825 3952/2658/1825 3954/2656/1825
f 2939/2392/2244 3311/2397/2245 3642/2384/2240 3317/2393/2246
f 3311/2397/2245 3310/2397/1825 3932/2659/1825 3921/2652/1825 3642/2384/2240
f 3310/2397/1825 3309/2410/1825 3933/2660/1825 3932/2659/1825
f 3309/2410/1825 2914/2397/1825 3934/2661/1825 3933/2660/1825
f 3645/2400/1849 3987/2662/1825 3979/2663/1851
f 3315/2399/2247 3645/2400/1849 3979/2663/1851 3978/2664/1852 3991/2665/1851 4004/2666/1851 4003/2667/1852 4022/2668/1851 3159/2605/1823 2937/2314/1826
f 3316/2398/2248 3643/2654/2242 3960/2657/2243 3961/2669/2249 3972/2670/2243 3645/2400/1849 3315/2399/2247
f 3317/2393/2246 3642/2384/2240 3926/2653/2241 3925/2671/2250 3937/2672/2241 3643/2654/2242 3316/2398/2248
f 3646/2673/1816 3647/2674/1809 4239/2675/1809 4237/2676/1853
f 3647/2674/1809 3648/2677/1809 4238/2678/1809 4239/2675/1809
f 3649/2679/1816 4150/2680/1809 4148/2681/1809 4142/2682/1809 4138/2683/1853
f 2912/2422/1854 3131/2436/1816 4318/2684/1853 4297/2685/1855 4298/2686/1853 4287/2687/1853 4273/2688/1855 4274/2689/1853 4270/2690/1853 4249/2691/1855 4250/2692/1853 3646/2673/1816 3314/2423/1854
f 3131/2436/1816 4322/2467/1809 4321/2693/1809 4314/2694/1809 4318/2684/1853
f 3648/2677/1809 4241/2695/1809 4238/2678/1809
f 3650/2696/1816 4083/2697/1809 4082/2698/1809 4068/2699/1809 4072/2700/1853
f 3312/2507/1854 3650/2696/1816 4072/2700/1853 4053/2701/1855 4054/2702/1853 4048/2703/1853 4027/2704/1855 4028/2705/1853 3162/2289/1816 2938/2579/1812
f 3313/2557/1854 3649/2679/1816 4138/2683/1853 4127/2706/1855 4128/2707/1853 4114/2708/1853 4103/2709/1855 4104/2710/1853 4097/2711/1853 4085/2712/1855 4086/2713/1853 3650/2696/1816 3312/2507/1854
f 3314/2423/1854 3646/2673/1816 4237/2676/1853 4226/2714/1855 4225/2715/1853 4220/2716/1853 4202/2717/1855 4201/2718/1853 4189/2719/1853 4185/2720/1855 4184/2721/1853 4165/2722/1853 4154/2723/1855 4153/2724/1853 3649/2679/1816 3313/2557/1854
f 3651/2677/1809 3652/2674/1809 3655/2725/1809 3654/2726/1809
f 3652/2674/1809 3653/2727/1856 3656/2728/1856 3655/2725/1809
f 3654/2726/1809 3655/2725/1809 3658/2729/1809 3657/2730/1809
f 3655/2725/1809 3656/2728/1856 3659/2696/1856 3658/2729/1809
f 2945/2479/1809 2944/2478/1809 3652/2674/1809 3651/2677/1809
f 2944/2478/1809 2943/2477/1856 3653/2727/1856 3652/2674/1809
f 2943/2477/1856 2879/2422/1859 3179/2423/1859 3653/2727/1856
f 3653/2727/1856 3179/2423/1859 3178/2557/1859 3656/2728/1856
f 3656/2728/1856 3178/2557/1859 3177/2507/1859 3659/2696/1856
f 3659/2696/1856 3177/2507/1859 2919/2579/1858 3176/2289/1857
f 3658/2729/1809 3659/2696/1856 3176/2289/1857 3175/2299/1809
f 3657/2730/1809 3658/2729/1809 3175/2299/1809 3174/2731/1809
f 3660/2732/1825 3661/2733/1825 3664/2655/1825 3663/2734/1825
f 3661/2733/1825 3662/2384/2251 3665/2735/2252 3664/2655/1825
f 3663/2734/1825 3664/2655/1825 3667/2736/1825 3666/2737/1825
f 3664/2655/1825 3665/2735/2252 3668/2738/1862 3667/2736/1825
f 3158/2397/1825 3157/2397/1825 3661/2733/1825 3660/2732/1825
f 3157/2397/1825 3156/2397/2253 3662/2384/2251 3661/2733/1825
f 3156/2397/2253 2917/2392/2254 3182/2393/2255 3662/2384/2251
f 3662/2384/2251 3182/2393/2255 3181/2398/2256 3665/2735/2252
f 3665/2735/2252 3181/2398/2256 3180/2399/1865 3668/2738/1862
f 3668/2738/1862 3180/2399/1865 2918/2314/1864 3173/2739/1863
f 3667/2736/1825 3668/2738/1862 3173/2739/1863 3172/2612/1825
f 3666/2737/1825 3667/2736/1825 3172/2612/1825 3171/2614/1825
f 3669/2650/2230 3670/2650/2230 3673/2370/2230 3672/2370/2230
f 3670/2650/2230 3671/2382/2257 3674/2370/2258 3673/2370/2230
f 3672/2370/2230 3673/2370/2230 3676/2372/2230 3675/2372/2230
f 3673/2370/2230 3674/2370/2258 3677/2372/2259 3676/2372/2230
f 3165/2295/2260 3166/2295/2260 3670/2650/2230 3669/2650/2230
f 3166/2295/2260 3167/2295/2261 3671/2382/2257 3670/2650/2230
f 3167/2295/2261 2916/2294/2262 3185/2740/2263 3671/2382/2257
f 3671/2382/2257 3185/2740/2263 3184/2483/2264 3674/2370/2258
f 3674/2370/2258 3184/2483/2264 3183/2377/2265 3677/2372/2259
f 3677/2372/2259 3183/2377/2265 2917/2378/2266 3156/2379/2267
f 3676/2372/2230 3677/2372/2259 3156/2379/2267 3157/2379/2268
f 3675/2372/2230 3676/2372/2230 3157/2379/2268 3158/2379/2268
f 3678/2741/1825 3679/2742/1825 3682/2743/1825 3681/2744/1825
f 3679/2742/1825 3680/2304/1880 3683/2745/1880 3682/2743/1825
f 3681/2744/1825 3682/2743/1825 3685/2746/1825 3684/2747/1825
f 3682/2743/1825 3683/2745/1880 3686/2336/1880 3685/2746/1825
f 3171/2614/1825 3172/2612/1825 3679/2742/1825 3678/2741/1825
f 3172/2612/1825 3173/2739/1863 3680/2304/1880 3679/2742/1825
f 3173/2739/1863 2918/2314/1864 3188/2315/1881 3680/2304/1880
f 3680/2304/1880 3188/2315/1881 3187/2326/1881 3683/2745/1880
f 3683/2745/1880 3187/2326/1881 3186/2335/1881 3686/2336/1880
f 3686/2336/1880 3186/2335/1881 2880/2345/1881 2962/2496/1880
f 3685/2746/1825 3686/2336/1880 2962/2496/1880 2961/2495/1825
f 3684/2747/1825 3685/2746/1825 2961/2495/1825 2960/2494/1825
f 3687/2748/1809 3688/2749/1809 3691/2277/1809 3690/2750/1809
f 3688/2749/1809 3689/2751/1883 3692/2752/2269 3691/2277/1809
f 3690/2750/1809 3691/2277/1809 3694/2753/1809 3693/2754/1809
f 3691/2277/1809 3692/2752/2269 3695/2755/2270 3694/2753/1809
f 3174/2731/1809 3175/2299/1809 3688/2749/1809 3687/2748/1809
f 3175/2299/1809 3176/2289/1857 3689/2751/1883 3688/2749/1809
f 3176/2289/1857 2919/2579/1858 3191/2756/1889 3689/2751/1883
f 3689/2751/1883 3191/2756/1889 3190/2502/2271 3692/2752/2269
f 3692/2752/2269 3190/2502/2271 3189/2293/2272 3695/2755/2270
f 3695/2755/2270 3189/2293/2272 2916/2294/2273 3167/2295/2274
f 3694/2753/1809 3695/2755/2270 3167/2295/2274 3166/2295/1809
f 3693/2754/1809 3694/2753/1809 3166/2295/1809 3165/2295/1809
f 3696/2506/1890 3697/2509/1891 3700/2505/1891 3699/2505/1890
f 3697/2509/1891 3698/2757/1892 3701/2505/1892 3700/2505/1891
f 3699/2505/1890 3700/2505/1891 3703/2510/1891 3702/2446/1890
f 3700/2505/1891 3701/2505/1892 3704/2758/1892 3703/2510/1891
f 2879/2422/1893 2959/2422/1890 3696/2506/1890 3179/2423/1893
f 2959/2422/1890 2958/2513/1891 3697/2509/1891 3696/2506/1890
f 2958/2513/1891 2957/2512/1892 3698/2757/1892 3697/2509/1891
f 2957/2512/1892 2888/2513/1899 3206/2509/1899 3698/2757/1892
f 3698/2757/1892 3206/2509/1899 3205/2505/1899 3701/2505/1892
f 3701/2505/1892 3205/2505/1899 3204/2510/1899 3704/2758/1892
f 3704/2758/1892 3204/2510/1899 2922/2281/2275 3200/2559/2276
f 3703/2510/1891 3704/2758/1892 3200/2559/2276 3199/2281/2277
f 3702/2446/1890 3703/2510/1891 3199/2281/2277 3198/2281/2278
f 3177/2507/2279 3702/2446/1890 3198/2281/2278 2919/2579/1894
f 3178/2557/2279 3699/2505/1890 3702/2446/1890 3177/2507/2279
f 3179/2423/1893 3696/2506/1890 3699/2505/1890 3178/2557/2279
f 3705/2393/2280 3706/2393/2281 3709/2514/2282 3708/2514/2283
f 3706/2393/2281 3707/2393/2284 3710/2398/2285 3709/2514/2282
f 3708/2514/2283 3709/2514/2282 3712/2759/2286 3711/2515/2287
f 3709/2514/2282 3710/2398/2285 3713/2517/2288 3712/2759/2286
f 2917/2392/2289 3170/2397/2290 3705/2393/2280 3182/2393/2291
f 3170/2397/2290 3169/2397/2292 3706/2393/2281 3705/2393/2280
f 3169/2397/2292 3168/2397/2293 3707/2393/2284 3706/2393/2281
f 3168/2397/2293 2923/2392/2294 3209/2393/2295 3707/2393/2284
f 3707/2393/2284 3209/2393/2295 3208/2514/2296 3710/2398/2285
f 3710/2398/2285 3208/2514/2296 3207/2760/2297 3713/2517/2288
f 3713/2517/2288 3207/2760/2297 2921/2314/2298 3197/2761/2299
f 3712/2759/2286 3713/2517/2288 3197/2761/2299 3196/2314/2300
f 3711/2515/2287 3712/2759/2286 3196/2314/2300 3195/2481/2301
f 3180/2399/2302 3711/2515/2287 3195/2481/2301 2918/2314/1914
f 3181/2398/2303 3708/2514/2283 3711/2515/2287 3180/2399/2302
f 3182/2393/2291 3705/2393/2280 3708/2514/2283 3181/2398/2303
f 3714/2762/2304 3715/2763/2305 3718/2764/2306 3717/2765/2307
f 3715/2763/2305 3716/2526/2308 3719/2525/2309 3718/2764/2310
f 3717/2765/2307 3718/2764/2311 3721/2561/2312 3720/2766/2313
f 3718/2764/2314 3719/2525/2315 3722/2527/2316 3721/2561/2312
f 2916/2294/2317 3192/2767/2318 3714/2762/2304 3185/2740/2319
f 3192/2767/2318 3193/2534/2320 3715/2763/2305 3714/2762/2304
f 3193/2534/2320 3194/2768/2321 3716/2526/2308 3715/2763/2305
f 3194/2768/2321 2920/2533/2322 3212/2769/2323 3716/2526/2308
f 3716/2526/2308 3212/2769/2323 3211/2530/2324 3719/2525/2309
f 3719/2525/2315 3211/2530/2325 3210/2529/2326 3722/2527/2316
f 3722/2527/2316 3210/2529/2326 2923/2378/2294 3168/2379/2293
f 3721/2561/2312 3722/2527/2316 3168/2379/2293 3169/2379/2292
f 3720/2766/2313 3721/2561/2312 3169/2379/2292 3170/2379/2290
f 3183/2377/2327 3720/2766/2313 3170/2379/2290 2917/2378/2289
f 3184/2483/2328 3717/2765/2307 3720/2766/2313 3183/2377/2327
f 3185/2740/2319 3714/2762/2304 3717/2765/2307 3184/2483/2328
f 3723/2535/1943 3724/2770/1944 3727/2537/1944 3726/2537/1943
f 3724/2770/1944 3725/2563/1945 3728/2771/1945 3727/2537/1944
f 3726/2537/1943 3727/2537/1944 3730/2541/1944 3729/2538/1943
f 3727/2537/1944 3728/2771/1945 3731/2541/1945 3730/2541/1944
f 2918/2314/1914 3195/2481/2301 3723/2535/1943 3188/2315/1946
f 3195/2481/2301 3196/2314/2300 3724/2770/1944 3723/2535/1943
f 3196/2314/2300 3197/2761/2299 3725/2563/1945 3724/2770/1944
f 3197/2761/2299 2921/2314/2298 3215/2770/1947 3725/2563/1945
f 3725/2563/1945 3215/2770/1947 3214/2536/1947 3728/2771/1945
f 3728/2771/1945 3214/2536/1947 3213/2541/1947 3731/2541/1945
f 3731/2541/1945 3213/2541/1947 2885/2543/1947 2992/2542/1945
f 3730/2541/1944 3731/2541/1945 2992/2542/1945 2991/2345/1944
f 3729/2538/1943 3730/2541/1944 2991/2345/1944 2990/2345/1943
f 3186/2335/1946 3729/2538/1943 2990/2345/1943 2880/2345/1946
f 3187/2326/1946 3726/2537/1943 3729/2538/1943 3186/2335/1946
f 3188/2315/1946 3723/2535/1943 3726/2537/1943 3187/2326/1946
f 3732/2772/2329 3733/2773/2330 3736/2547/2331 3735/2546/2332
f 3733/2773/2330 3734/2774/2333 3737/2775/2334 3736/2547/2331
f 3735/2546/2332 3736/2547/2331 3739/2776/2335 3738/2549/2336
f 3736/2547/2331 3737/2775/2334 3740/2777/2337 3739/2776/2335
f 2919/2579/1894 3198/2281/2278 3732/2772/2329 3191/2756/2338
f 3198/2281/2278 3199/2281/2277 3733/2773/2330 3732/2772/2329
f 3199/2281/2277 3200/2559/2276 3734/2774/2333 3733/2773/2330
f 3200/2559/2276 2922/2281/2275 3218/2778/2339 3734/2774/2333
f 3734/2774/2333 3218/2778/2339 3217/2555/2340 3737/2775/2334
f 3737/2775/2334 3217/2555/2340 3216/2779/2341 3740/2777/2337
f 3740/2777/2337 3216/2779/2341 2920/2533/2322 3194/2768/2321
f 3739/2776/2335 3740/2777/2337 3194/2768/2321 3193/2534/2320
f 3738/2549/2336 3739/2776/2335 3193/2534/2320 3192/2767/2318
f 3189/2293/2342 3738/2549/2336 3192/2767/2318 2916/2294/2317
f 3190/2502/2343 3735/2546/2332 3738/2549/2336 3189/2293/2342
f 3191/2756/2338 3732/2772/2329 3735/2546/2332 3190/2502/2343
f 3741/2757/1963 3742/2506/1965 3745/2504/1965 3744/2780/1963
f 3742/2506/1965 3743/2503/1966 3746/2557/1966 3745/2504/1965
f 3744/2780/1963 3745/2504/1965 3748/2446/1965 3747/2758/1963
f 3745/2504/1965 3746/2557/1966 3749/2446/1966 3748/2446/1965
f 2888/2513/1899 3001/2558/1963 3741/2757/1963 3206/2509/1899
f 3001/2558/1963 3000/2422/1965 3742/2506/1965 3741/2757/1963
f 3000/2422/1965 2999/2560/1966 3743/2503/1966 3742/2506/1965
f 2999/2560/1966 2894/2422/1971 3233/2423/1971 3743/2503/1966
f 3743/2503/1966 3233/2423/1971 3232/2557/1971 3746/2557/1966
f 3746/2557/1966 3232/2557/1971 3231/2507/1971 3749/2446/1966
f 3749/2446/1966 3231/2507/1971 2926/2579/1970 3227/2281/2344
f 3748/2446/1965 3749/2446/1966 3227/2281/2344 3226/2559/2345
f 3747/2758/1963 3748/2446/1965 3226/2559/2345 3225/2559/2346
f 3204/2510/1899 3747/2758/1963 3225/2559/2346 2922/2281/2275
f 3205/2505/1899 3744/2780/1963 3747/2758/1963 3204/2510/1899
f 3206/2509/1899 3741/2757/1963 3744/2780/1963 3205/2505/1899
f 3750/2393/2347 3751/2393/2348 3754/2514/2349 3753/2398/2350
f 3751/2393/2348 3752/2781/2351 3755/2398/2352 3754/2514/2349
f 3753/2398/2350 3754/2514/2349 3757/2515/2353 3756/2517/2354
f 3754/2514/2349 3755/2398/2352 3758/2515/2355 3757/2515/2353
f 2923/2392/2294 3203/2397/2356 3750/2393/2347 3209/2393/2295
f 3203/2397/2356 3202/2397/2357 3751/2393/2348 3750/2393/2347
f 3202/2397/2357 3201/2397/2358 3752/2781/2351 3751/2393/2348
f 3201/2397/2358 2927/2392/2359 3236/2393/2360 3752/2781/2351
f 3752/2781/2351 3236/2393/2360 3235/2398/2361 3755/2398/2352
f 3755/2398/2352 3235/2398/2361 3234/2399/2362 3758/2515/2355
f 3758/2515/2355 3234/2399/2362 2925/2314/1985 3224/2314/2363
f 3757/2515/2353 3758/2515/2355 3224/2314/2363 3223/2481/2364
f 3756/2517/2354 3757/2515/2353 3223/2481/2364 3222/2761/2365
f 3207/2760/2297 3756/2517/2354 3222/2761/2365 2921/2314/2298
f 3208/2514/2296 3753/2398/2350 3756/2517/2354 3207/2760/2297
f 3209/2393/2295 3750/2393/2347 3753/2398/2350 3208/2514/2296
f 3759/2526/2366 3760/2522/2367 3763/2764/2368 3762/2525/2369
f 3760/2522/2367 3761/2519/2370 3764/2520/2371 3763/2764/2368
f 3762/2525/2372 3763/2764/2373 3766/2561/2374 3765/2782/2375
f 3763/2764/2373 3764/2520/2371 3767/2523/2376 3766/2561/2374
f 2920/2533/2322 3219/2768/2377 3759/2526/2366 3212/2769/2323
f 3219/2768/2377 3220/2534/2378 3760/2522/2367 3759/2526/2366
f 3220/2534/2378 3221/2528/2379 3761/2519/2370 3760/2522/2367
f 3221/2528/2379 2924/2294/2380 3239/2375/2381 3761/2519/2370
f 3761/2519/2370 3239/2375/2381 3238/2651/2382 3764/2520/2371
f 3764/2520/2371 3238/2651/2382 3237/2377/2383 3767/2523/2376
f 3767/2523/2376 3237/2377/2383 2927/2378/2359 3201/2379/2358
f 3766/2561/2374 3767/2523/2376 3201/2379/2358 3202/2379/2357
f 3765/2782/2375 3766/2561/2374 3202/2379/2357 3203/2379/2356
f 3210/2529/2326 3765/2782/2375 3203/2379/2356 2923/2378/2294
f 3211/2530/2325 3762/2525/2372 3765/2782/2375 3210/2529/2326
f 3212/2769/2323 3759/2526/2366 3762/2525/2369 3211/2530/2324
f 3768/2563/2008 3769/2535/2010 3772/2537/2010 3771/2783/2008
f 3769/2535/2010 3770/2535/2011 3773/2326/2011 3772/2537/2010
f 3771/2783/2008 3772/2537/2010 3775/2538/2009 3774/2784/2008
f 3772/2537/2010 3773/2326/2011 3776/2335/2011 3775/2538/2009
f 2921/2314/2298 3222/2761/2365 3768/2563/2008 3215/2770/1947
f 3222/2761/2365 3223/2481/2364 3769/2535/2010 3768/2563/2008
f 3223/2481/2364 3224/2314/2363 3770/2535/2011 3769/2535/2010
f 3224/2314/2363 2925/2314/1985 3242/2315/2012 3770/2535/2011
f 3770/2535/2011 3242/2315/2012 3241/2326/2012 3773/2326/2011
f 3773/2326/2011 3241/2326/2012 3240/2538/2012 3776/2335/2011
f 3776/2335/2011 3240/2538/2012 2891/2543/2012 3025/2543/2011
f 3775/2538/2009 3776/2335/2011 3025/2543/2011 3024/2566/2009
f 3774/2784/2008 3775/2538/2009 3024/2566/2009 3023/2565/2008
f 3213/2541/1947 3774/2784/2008 3023/2565/2008 2885/2543/1947
f 3214/2536/1947 3771/2783/2008 3774/2784/2008 3213/2541/1947
f 3215/2770/1947 3768/2563/2008 3771/2783/2008 3214/2536/1947
f 3777/2774/2384 3778/2548/2385 3781/2547/2386 3780/2775/2387
f 3778/2548/2385 3779/2545/2388 3782/2546/2389 3781/2547/2386
f 3780/2775/2387 3781/2547/2386 3784/2550/2390 3783/2777/2391
f 3781/2547/2386 3782/2546/2389 3785/2549/2392 3784/2550/2390
f 2922/2281/2275 3225/2559/2346 3777/2774/2384 3218/2778/2339
f 3225/2559/2346 3226/2559/2345 3778/2548/2385 3777/2774/2384
f 3226/2559/2345 3227/2281/2344 3779/2545/2388 3778/2548/2385
f 3227/2281/2344 2926/2579/1970 3245/2282/2393 3779/2545/2388
f 3779/2545/2388 3245/2282/2393 3244/2290/2394 3782/2546/2389
f 3782/2546/2389 3244/2290/2394 3243/2595/2395 3785/2549/2392
f 3785/2549/2392 3243/2595/2395 2924/2294/2380 3221/2528/2379
f 3784/2550/2390 3785/2549/2392 3221/2528/2379 3220/2534/2378
f 3783/2777/2391 3784/2550/2390 3220/2534/2378 3219/2768/2377
f 3216/2779/2341 3783/2777/2391 3219/2768/2377 2920/2533/2322
f 3217/2555/2340 3780/2775/2387 3783/2777/2391 3216/2779/2341
f 3218/2778/2339 3777/2774/2384 3780/2775/2387 3217/2555/2340
f 3786/2506/2025 3787/2506/1809 3790/2505/1809 3789/2505/2025
f 3787/2506/1809 3788/2423/2026 3791/2557/2026 3790/2505/1809
f 3789/2505/2025 3790/2505/1809 3793/2446/1809 3792/2446/2025
f 3790/2505/1809 3791/2557/2026 3794/2507/2026 3793/2446/1809
f 2894/2422/1971 3034/2422/2025 3786/2506/2025 3233/2423/1971
f 3034/2422/2025 3033/2569/1809 3787/2506/1809 3786/2506/2025
f 3033/2569/1809 3032/2422/2026 3788/2423/2026 3787/2506/1809
f 3032/2422/2026 2900/2422/2028 3260/2423/2028 3788/2423/2026
f 3788/2423/2026 3260/2423/2028 3259/2557/2028 3791/2557/2026
f 3791/2557/2026 3259/2557/2028 3258/2507/2028 3794/2507/2026
f 3794/2507/2026 3258/2507/2028 2930/2579/2027 3254/2579/2026
f 3793/2446/1809 3794/2507/2026 3254/2579/2026 3253/2281/1809
f 3792/2446/2025 3793/2446/1809 3253/2281/1809 3252/2281/2025
f 3231/2507/1971 3792/2446/2025 3252/2281/2025 2926/2579/1970
f 3232/2557/1971 3789/2505/2025 3792/2446/2025 3231/2507/1971
f 3233/2423/1971 3786/2506/2025 3789/2505/2025 3232/2557/1971
f 3795/2393/2396 3796/2393/1825 3799/2514/1825 3798/2514/2397
f 3796/2393/1825 3797/2781/2398 3800/2398/2399 3799/2514/1825
f 3798/2514/2397 3799/2514/1825 3802/2515/1825 3801/2515/2031
f 3799/2514/1825 3800/2398/2399 3803/2515/2034 3802/2515/1825
f 2927/2392/2400 3230/2397/2401 3795/2393/2396 3236/2393/2402
f 3230/2397/2401 3229/2397/1825 3796/2393/1825 3795/2393/2396
f 3229/2397/1825 3228/2397/2403 3797/2781/2398 3796/2393/1825
f 3228/2397/2403 2931/2392/2404 3263/2393/2405 3797/2781/2398
f 3797/2781/2398 3263/2393/2405 3262/2398/2406 3800/2398/2399
f 3800/2398/2399 3262/2398/2406 3261/2399/2042 3803/2515/2034
f 3803/2515/2034 3261/2399/2042 2929/2314/2041 3251/2314/2040
f 3802/2515/1825 3803/2515/2034 3251/2314/2040 3250/2481/1825
f 3801/2515/2031 3802/2515/1825 3250/2481/1825 3249/2481/2039
f 3234/2399/2362 3801/2515/2031 3249/2481/2039 2925/2314/1985
f 3235/2398/2407 3798/2514/2397 3801/2515/2031 3234/2399/2362
f 3236/2393/2402 3795/2393/2396 3798/2514/2397 3235/2398/2407
f 3804/2650/2408 3805/2650/2230 3808/2370/2230 3807/2370/2409
f 3805/2650/2230 3806/2382/2410 3809/2370/2411 3808/2370/2230
f 3807/2370/2409 3808/2370/2230 3811/2372/2230 3810/2372/2412
f 3808/2370/2230 3809/2370/2411 3812/2372/2413 3811/2372/2230
f 2924/2294/2414 3246/2295/2415 3804/2650/2408 3239/2375/2416
f 3246/2295/2415 3247/2295/2260 3805/2650/2230 3804/2650/2408
f 3247/2295/2260 3248/2295/2417 3806/2382/2410 3805/2650/2230
f 3248/2295/2417 2928/2294/2418 3266/2740/2419 3806/2382/2410
f 3806/2382/2410 3266/2740/2419 3265/2483/2420 3809/2370/2411
f 3809/2370/2411 3265/2483/2420 3264/2377/2421 3812/2372/2413
f 3812/2372/2413 3264/2377/2421 2931/2378/2422 3228/2379/2423
f 3811/2372/2230 3812/2372/2413 3228/2379/2423 3229/2379/2268
f 3810/2372/2412 3811/2372/2230 3229/2379/2268 3230/2379/2424
f 3237/2377/2425 3810/2372/2412 3230/2379/2424 2927/2378/2426
f 3238/2651/2427 3807/2370/2409 3810/2372/2412 3237/2377/2425
f 3239/2375/2416 3804/2650/2408 3807/2370/2409 3238/2651/2427
f 3813/2535/2039 3814/2535/1825 3817/2537/1825 3816/2537/2039
f 3814/2535/1825 3815/2535/2040 3818/2326/2040 3817/2537/1825
f 3816/2537/2039 3817/2537/1825 3820/2538/1825 3819/2538/2039
f 3817/2537/1825 3818/2326/2040 3821/2785/2040 3820/2538/1825
f 2925/2314/1985 3249/2481/2039 3813/2535/2039 3242/2315/2012
f 3249/2481/2039 3250/2481/1825 3814/2535/1825 3813/2535/2039
f 3250/2481/1825 3251/2314/2040 3815/2535/2040 3814/2535/1825
f 3251/2314/2040 2929/2314/2041 3269/2315/2065 3815/2535/2040
f 3815/2535/2040 3269/2315/2065 3268/2326/2065 3818/2326/2040
f 3818/2326/2040 3268/2326/2065 3267/2335/2065 3821/2785/2040
f 3821/2785/2040 3267/2335/2065 2897/2345/2065 3058/2543/2040
f 3820/2538/1825 3821/2785/2040 3058/2543/2040 3057/2566/1825
f 3819/2538/2039 3820/2538/1825 3057/2566/1825 3056/2566/2039
f 3240/2538/2012 3819/2538/2039 3056/2566/2039 2891/2543/2012
f 3241/2326/2012 3816/2537/2039 3819/2538/2039 3240/2538/2012
f 3242/2315/2012 3813/2535/2039 3816/2537/2039 3241/2326/2012
f 3822/2497/2066 3823/2497/1809 3826/2498/1809 3825/2498/2428
f 3823/2497/1809 3824/2786/2070 3827/2498/2429 3826/2498/1809
f 3825/2498/2428 3826/2498/1809 3829/2499/1809 3828/2499/2430
f 3826/2498/1809 3827/2498/2429 3830/2501/2431 3829/2499/1809
f 2926/2579/1970 3252/2281/2025 3822/2497/2066 3245/2282/2393
f 3252/2281/2025 3253/2281/1809 3823/2497/1809 3822/2497/2066
f 3253/2281/1809 3254/2579/2026 3824/2786/2070 3823/2497/1809
f 3254/2579/2026 2930/2579/2027 3272/2756/2080 3824/2786/2070
f 3824/2786/2070 3272/2756/2080 3271/2502/2432 3827/2498/2429
f 3827/2498/2429 3271/2502/2432 3270/2293/2433 3830/2501/2431
f 3830/2501/2431 3270/2293/2433 2928/2294/2434 3248/2295/2435
f 3829/2499/1809 3830/2501/2431 3248/2295/2435 3247/2295/1809
f 3828/2499/2430 3829/2499/1809 3247/2295/1809 3246/2295/2436
f 3243/2595/2437 3828/2499/2430 3246/2295/2436 2924/2294/2438
f 3244/2290/2439 3825/2498/2428 3828/2499/2430 3243/2595/2437
f 3245/2282/2393 3822/2497/2066 3825/2498/2428 3244/2290/2439
f 3831/2506/2081 3832/2509/2082 3835/2505/2082 3834/2505/2081
f 3832/2509/2082 3833/2757/2440 3836/2505/2084 3835/2505/2082
f 3834/2505/2081 3835/2505/2082 3838/2510/2082 3837/2446/2081
f 3835/2505/2082 3836/2505/2084 3839/2758/2084 3838/2510/2082
f 2900/2422/2085 3067/2422/2081 3831/2506/2081 3260/2423/2085
f 3067/2422/2081 3066/2513/2082 3832/2509/2082 3831/2506/2081
f 3066/2513/2082 3065/2512/2084 3833/2757/2440 3832/2509/2082
f 3065/2512/2084 2906/2513/1883 3287/2509/1883 3833/2757/2440
f 3833/2757/2440 3287/2509/1883 3286/2505/1883 3836/2505/2084
f 3836/2505/2084 3286/2505/1883 3285/2510/1883 3839/2758/2084
f 3839/2758/2084 3285/2510/1883 2934/2281/2441 3281/2559/2442
f 3838/2510/2082 3839/2758/2084 3281/2559/2442 3280/2281/2443
f 3837/2446/2081 3838/2510/2082 3280/2281/2443 3279/2281/2444
f 3258/2507/2085 3837/2446/2081 3279/2281/2444 2930/2579/2087
f 3259/2557/2085 3834/2505/2081 3837/2446/2081 3258/2507/2085
f 3260/2423/2085 3831/2506/2081 3834/2505/2081 3259/2557/2085
f 3840/2393/2445 3841/2393/2446 3844/2514/2447 3843/2514/2448
f 3841/2393/2446 3842/2393/2449 3845/2398/2450 3844/2514/2447
f 3843/2514/2448 3844/2514/2447 3847/2759/2451 3846/2515/2452
f 3844/2514/2447 3845/2398/2450 3848/2517/2453 3847/2759/2451
f 2931/2392/2454 3257/2397/2455 3840/2393/2445 3263/2393/2456
f 3257/2397/2455 3256/2397/2457 3841/2393/2446 3840/2393/2445
f 3256/2397/2457 3255/2397/2458 3842/2393/2449 3841/2393/2446
f 3255/2397/2458 2935/2392/2459 3290/2393/2460 3842/2393/2449
f 3842/2393/2449 3290/2393/2460 3289/2514/2461 3845/2398/2450
f 3845/2398/2450 3289/2514/2461 3288/2760/2462 3848/2517/2453
f 3848/2517/2453 3288/2760/2462 2933/2314/2463 3278/2761/2464
f 3847/2759/2451 3848/2517/2453 3278/2761/2464 3277/2314/2465
f 3846/2515/2452 3847/2759/2451 3277/2314/2465 3276/2481/2466
f 3261/2399/2467 3846/2515/2452 3276/2481/2466 2929/2314/2106
f 3262/2398/2468 3843/2514/2448 3846/2515/2452 3261/2399/2467
f 3263/2393/2456 3840/2393/2445 3843/2514/2448 3262/2398/2468
f 3849/2762/2469 3850/2763/2470 3853/2764/2471 3852/2765/2472
f 3850/2763/2470 3851/2526/2473 3854/2525/2474 3853/2764/2475
f 3852/2765/2472 3853/2764/2476 3856/2561/2477 3855/2766/2478
f 3853/2764/2479 3854/2525/2480 3857/2527/2481 3856/2561/2477
f 2928/2294/2482 3273/2767/2483 3849/2762/2469 3266/2740/2484
f 3273/2767/2483 3274/2534/2485 3850/2763/2470 3849/2762/2469
f 3274/2534/2485 3275/2768/2486 3851/2526/2473 3850/2763/2470
f 3275/2768/2486 2932/2533/2487 3293/2769/2488 3851/2526/2473
f 3851/2526/2473 3293/2769/2488 3292/2530/2489 3854/2525/2474
f 3854/2525/2480 3292/2530/2490 3291/2529/2491 3857/2527/2481
f 3857/2527/2481 3291/2529/2491 2935/2378/2459 3255/2379/2458
f 3856/2561/2477 3857/2527/2481 3255/2379/2458 3256/2379/2457
f 3855/2766/2478 3856/2561/2477 3256/2379/2457 3257/2379/2455
f 3264/2377/2492 3855/2766/2478 3257/2379/2455 2931/2378/2454
f 3265/2483/2493 3852/2765/2472 3855/2766/2478 3264/2377/2492
f 3266/2740/2484 3849/2762/2469 3852/2765/2472 3265/2483/2493
f 3858/2535/2142 3859/2770/2143 3862/2537/2143 3861/2537/2142
f 3859/2770/2143 3860/2563/2145 3863/2771/2145 3862/2537/2143
f 3861/2537/2142 3862/2537/2143 3865/2541/2143 3864/2538/2142
f 3862/2537/2143 3863/2771/2145 3866/2541/2145 3865/2541/2143
f 2929/2314/2106 3276/2481/2466 3858/2535/2142 3269/2315/2147
f 3276/2481/2466 3277/2314/2465 3859/2770/2143 3858/2535/2142
f 3277/2314/2465 3278/2761/2464 3860/2563/2145 3859/2770/2143
f 3278/2761/2464 2933/2314/2463 3296/2770/1862 3860/2563/2145
f 3860/2563/2145 3296/2770/1862 3295/2536/1862 3863/2771/2145
f 3863/2771/2145 3295/2536/1862 3294/2541/1862 3866/2541/2145
f 3866/2541/2145 3294/2541/1862 2903/2543/1862 3091/2542/2145
f 3865/2541/2143 3866/2541/2145 3091/2542/2145 3090/2345/2144
f 3864/2538/2142 3865/2541/2143 3090/2345/2144 3089/2345/2142
f 3267/2335/2147 3864/2538/2142 3089/2345/2142 2897/2345/2147
f 3268/2326/2147 3861/2537/2142 3864/2538/2142 3267/2335/2147
f 3269/2315/2147 3858/2535/2142 3861/2537/2142 3268/2326/2147
f 3867/2772/2494 3868/2773/2495 3871/2547/2496 3870/2546/2497
f 3868/2773/2495 3869/2774/2498 3872/2775/2499 3871/2547/2496
f 3870/2546/2497 3871/2547/2496 3874/2776/2500 3873/2549/2501
f 3871/2547/2496 3872/2775/2499 3875/2777/2502 3874/2776/2500
f 2930/2579/2087 3279/2281/2444 3867/2772/2494 3272/2756/2503
f 3279/2281/2444 3280/2281/2443 3868/2773/2495 3867/2772/2494
f 3280/2281/2443 3281/2559/2442 3869/2774/2498 3868/2773/2495
f 3281/2559/2442 2934/2281/2441 3299/2778/2504 3869/2774/2498
f 3869/2774/2498 3299/2778/2504 3298/2555/2505 3872/2775/2499
f 3872/2775/2499 3298/2555/2505 3297/2779/2506 3875/2777/2502
f 3875/2777/2502 3297/2779/2506 2932/2533/2487 3275/2768/2486
f 3874/2776/2500 3875/2777/2502 3275/2768/2486 3274/2534/2485
f 3873/2549/2501 3874/2776/2500 3274/2534/2485 3273/2767/2483
f 3270/2293/2507 3873/2549/2501 3273/2767/2483 2928/2294/2482
f 3271/2502/2508 3870/2546/2497 3873/2549/2501 3270/2293/2507
f 3272/2756/2503 3867/2772/2494 3870/2546/2497 3271/2502/2508
f 3876/2757/2163 3877/2506/2164 3880/2504/2164 3879/2780/2163
f 3877/2506/2164 3878/2503/2165 3881/2557/2165 3880/2504/2164
f 3879/2780/2163 3880/2504/2164 3883/2446/2164 3882/2758/2163
f 3880/2504/2164 3881/2557/2165 3884/2446/2165 3883/2446/2164
f 2906/2513/1883 3100/2558/2163 3876/2757/2163 3287/2509/1883
f 3100/2558/2163 3099/2422/2164 3877/2506/2164 3876/2757/2163
f 3099/2422/2164 3098/2560/2165 3878/2503/2165 3877/2506/2164
f 3098/2560/2165 2912/2422/1854 3314/2423/1854 3878/2503/2165
f 3878/2503/2165 3314/2423/1854 3313/2557/1854 3881/2557/2165
f 3881/2557/2165 3313/2557/1854 3312/2507/1854 3884/2446/2165
f 3884/2446/2165 3312/2507/1854 2938/2579/1812 3308/2281/2509
f 3883/2446/2164 3884/2446/2165 3308/2281/2509 3307/2559/2510
f 3882/2758/2163 3883/2446/2164 3307/2559/2510 3306/2559/2511
f 3285/2510/1883 3882/2758/2163 3306/2559/2511 2934/2281/2441
f 3286/2505/1883 3879/2780/2163 3882/2758/2163 3285/2510/1883
f 3287/2509/1883 3876/2757/2163 3879/2780/2163 3286/2505/1883
f 3885/2393/2512 3886/2393/2513 3889/2514/2514 3888/2398/2515
f 3886/2393/2513 3887/2781/2516 3890/2398/2517 3889/2514/2514
f 3888/2398/2515 3889/2514/2514 3892/2515/2518 3891/2517/2519
f 3889/2514/2514 3890/2398/2517 3893/2515/2520 3892/2515/2518
f 2935/2392/2459 3284/2397/2521 3885/2393/2512 3290/2393/2460
f 3284/2397/2521 3283/2397/2522 3886/2393/2513 3885/2393/2512
f 3283/2397/2522 3282/2397/2523 3887/2781/2516 3886/2393/2513
f 3282/2397/2523 2939/2392/2524 3317/2393/2246 3887/2781/2516
f 3887/2781/2516 3317/2393/2246 3316/2398/2248 3890/2398/2517
f 3890/2398/2517 3316/2398/2248 3315/2399/2247 3893/2515/2520
f 3893/2515/2520 3315/2399/2247 2937/2314/1826 3305/2314/2525
f 3892/2515/2518 3893/2515/2520 3305/2314/2525 3304/2481/2526
f 3891/2517/2519 3892/2515/2518 3304/2481/2526 3303/2761/2527
f 3288/2760/2462 3891/2517/2519 3303/2761/2527 2933/2314/2463
f 3289/2514/2461 3888/2398/2515 3891/2517/2519 3288/2760/2462
f 3290/2393/2460 3885/2393/2512 3888/2398/2515 3289/2514/2461
f 3894/2526/2528 3895/2522/2529 3898/2764/2530 3897/2525/2531
f 3895/2522/2529 3896/2519/2532 3899/2520/2533 3898/2764/2530
f 3897/2525/2534 3898/2764/2535 3901/2561/2536 3900/2782/2537
f 3898/2764/2535 3899/2520/2533 3902/2523/2538 3901/2561/2536
f 2932/2533/2487 3300/2768/2539 3894/2526/2528 3293/2769/2488
f 3300/2768/2539 3301/2534/2540 3895/2522/2529 3894/2526/2528
f 3301/2534/2540 3302/2528/2541 3896/2519/2532 3895/2522/2529
f 3302/2528/2542 2936/2294/2542 3320/2375/2543 3896/2519/2532
f 3896/2519/2532 3320/2375/2543 3319/2651/2544 3899/2520/2533
f 3899/2520/2533 3319/2651/2544 3318/2377/2545 3902/2523/2538
f 3902/2523/2538 3318/2377/2545 2939/2378/2546 3282/2379/2546
f 3901/2561/2536 3902/2523/2538 3282/2379/2523 3283/2379/2522
f 3900/2782/2537 3901/2561/2536 3283/2379/2522 3284/2379/2521
f 3291/2529/2491 3900/2782/2537 3284/2379/2521 2935/2378/2459
f 3292/2530/2490 3897/2525/2534 3900/2782/2537 3291/2529/2491
f 3293/2769/2488 3894/2526/2528 3897/2525/2531 3292/2530/2489
f 3903/2563/2205 3904/2535/2206 3907/2537/2206 3906/2783/2205
f 3904/2535/2206 3905/2535/2207 3908/2326/2207 3907/2537/2206
f 3906/2783/2205 3907/2537/2206 3910/2538/2206 3909/2784/2204
f 3907/2537/2206 3908/2326/2207 3911/2335/2207 3910/2538/2206
f 2933/2314/2463 3303/2761/2527 3903/2563/2205 3296/2770/1862
f 3303/2761/2527 3304/2481/2526 3904/2535/2206 3903/2563/2205
f 3304/2481/2526 3305/2314/2525 3905/2535/2207 3904/2535/2206
f 3305/2314/2525 2937/2314/1826 3323/2315/1827 3905/2535/2207
f 3905/2535/2207 3323/2315/1827 3322/2326/1827 3908/2326/2207
f 3908/2326/2207 3322/2326/1827 3321/2335/1827 3911/2335/2207
f 3911/2335/2207 3321/2335/1827 2909/2345/1827 3124/2543/2207
f 3910/2538/2206 3911/2335/2207 3124/2543/2207 3123/2345/2206
f 3909/2784/2204 3910/2538/2206 3123/2345/2206 3122/2565/2204
f 3294/2541/1862 3909/2784/2204 3122/2565/2204 2903/2543/1862
f 3295/2536/1862 3906/2783/2205 3909/2784/2204 3294/2541/1862
f 3296/2770/1862 3903/2563/2205 3906/2783/2205 3295/2536/1862
f 3912/2774/2547 3913/2548/2548 3916/2547/2549 3915/2775/2550
f 3913/2548/2548 3914/2545/2551 3917/2546/2552 3916/2547/2549
f 3915/2775/2550 3916/2547/2549 3919/2550/2553 3918/2777/2554
f 3916/2547/2549 3917/2546/2552 3920/2549/2555 3919/2550/2553
f 2934/2281/2441 3306/2559/2511 3912/2774/2547 3299/2778/2504
f 3306/2559/2511 3307/2559/2510 3913/2548/2548 3912/2774/2547
f 3307/2559/2510 3308/2281/2509 3914/2545/2551 3913/2548/2548
f 3308/2281/2509 2938/2579/1812 3326/2282/2221 3914/2545/2551
f 3914/2545/2551 3326/2282/2221 3325/2290/2226 3917/2546/2552
f 3917/2546/2552 3325/2290/2226 3324/2595/2224 3920/2549/2555
f 3920/2549/2555 3324/2595/2224 2936/2294/2556 3302/2528/2541
f 3919/2550/2553 3920/2549/2555 3302/2528/2541 3301/2534/2540
f 3918/2777/2554 3919/2550/2553 3301/2534/2540 3300/2768/2539
f 3297/2779/2506 3918/2777/2554 3300/2768/2539 2932/2533/2487
f 3298/2555/2505 3915/2775/2550 3918/2777/2554 3297/2779/2506
f 3299/2778/2504 3912/2774/2547 3915/2775/2550 3298/2555/2505
f 4095/2787/1825 4092/2788/1825 4108/2789/1825 4105/2790/1825
f 4112/2791/1825 4120/2792/1825 4132/2793/1825 4129/2794/1825
f 4136/2795/1825 4144/2796/1825 4158/2797/1825 4155/2798/1825
f 4710/2799/2557 4707/2800/2558 4719/2801/2558 4722/2802/2557
f 4267/2803/1825 4262/2804/1825 4281/2805/1825 4277/2806/1825
f 4284/2807/1825 4290/2808/1825 4305/2809/1825 4301/2810/1825
f 4315/2811/1825 4310/2812/1825 4331/2813/1825 4327/2814/1825
s 0
f 4668/2815/2559 4670/2816/2559 4667/2817/2559 4673/2818/2559 4674/2819/2559 4677/2820/2559 4672/2821/2559 4671/2822/2559 4675/2823/2559 4676/2824/2559 4666/2825/2559 4665/2826/2559 4669/2827/2559
s 1
f 4332/2828/2557 4333/2829/2560 4312/2830/2560 4311/2831/2557
f 4306/2832/2557 4307/2833/2561 4292/2834/2561 4291/2835/2557
f 4282/2836/2557 4283/2837/2557 4264/2838/2557 4263/2839/2557
f 4258/2840/2557 4259/2841/2557 4246/2842/2557 4245/2843/2557
f 4338/2844/1809 4344/2845/1809 4357/2846/1809 4345/2847/1809
f 4362/2848/1809 4368/2849/1809 4374/2850/1809 4375/2851/1809
f 4386/2852/1809 4392/2853/1809 4398/2854/1809 4399/2855/1809
f 4410/2856/1809 4416/2857/1809 3353/2421/1809 4428/2466/1809 4423/2858/1809
s 0
f 4247/2859/2562 4249/2860/2562 4270/2861/2562 4266/2862/2562 4265/2863/2562 4260/2864/2562 4261/2865/2562 4263/2866/2562 4264/2867/2562 4262/2868/2562 4267/2869/2562 4268/2870/2562 4269/2871/2562
s 1
f 4515/2872/2557 4513/2873/2557 4527/2874/2557 4529/2875/2557
f 4535/2876/2557 4533/2877/2557 4551/2878/2557 4553/2879/2557
f 4563/2880/2561 4561/2881/2561 4577/2882/2561 4579/2883/2561
f 4516/2884/1809 4514/2885/1809 4519/2886/1809 4522/2887/1809
f 4536/2888/1809 4534/2889/1809 4543/2890/1809 4546/2891/1809
f 4564/2892/1809 4562/2893/1809 4567/2894/1809 4568/2895/1809
f 4329/2896/2557 4330/2897/2561 4309/2898/2561 4308/2899/2557
f 4303/2900/2557 4304/2901/2560 4289/2902/2560 4288/2903/2557
f 4279/2904/2557 4280/2905/2557 4261/2906/2557 4260/2907/2557
f 4255/2908/2557 4256/2909/2557 4243/2910/2557 4242/2911/2557
s 0
f 4572/2912/2559 4570/2913/2559 4569/2914/2559 4565/2915/2559 4578/2916/2559 4575/2917/2559 4573/2820/2559 4576/2918/2559 4579/2919/2559 4577/2920/2559 4574/2824/2559 4568/2921/2559 4567/2922/2559 4566/2923/2559 4571/2924/2559
s 1
f 3989/2925/1825 3993/2926/1825 4008/2927/1825 4007/2928/1825
f 4020/2929/1825 4013/2930/1825 4030/2931/1825 4031/2616/1825 3161/2614/1825
f 4718/2932/1825 4717/2387/1825 3348/2386/1825 4714/2391/1825 4716/2933/1825
s 0
f 4127/2860/2559 4125/2913/2559 4126/2934/2559 4135/2935/2559 4129/2936/2559 4132/2937/2559 4133/2938/2559 4130/2939/2559 4131/2940/2559 4134/2941/2559 4123/2942/2559 4124/2826/2559 4128/2943/2559
s 1
f 4096/2643/1824 4098/2944/1825 4111/2945/1825 4102/2644/1824
f 4113/2646/1824 4115/2946/1825 4135/2947/1825 4126/2647/1824
f 4137/2649/1824 4139/2948/1825 4161/2949/1825 4149/2603/1825 3629/2602/1823
s 0
f 3978/2816/2562 3976/2815/2562 3990/2950/2562 3994/2951/2562 3996/2952/2562 3992/2864/2562 3995/2953/2562 3997/2954/2562 3998/2955/2562 3993/2868/2562 3989/2956/2562 3988/2957/2562 3991/2958/2562
s 1
f 4341/2959/2557 4339/2960/2560 4346/2961/2560 4347/2962/2557
f 4365/2963/2557 4363/2964/2561 4376/2965/2561 4377/2966/2557
f 4389/2967/2557 4387/2968/2557 4400/2969/2557 4401/2970/2557
f 4413/2971/2557 4411/2972/2557 4424/2973/2557 4425/2974/2557
f 4032/2975/2561 4033/2976/2563 4017/2977/2563 4015/2978/2561
f 4009/2979/2557 4010/2980/2557 3997/2981/2557 3995/2982/2557
s 0
f 4729/2983/2559 4731/2984/2559 4730/2985/2559 4724/2986/2559 4717/2987/2559 4718/2988/2559 4722/2989/2559 4719/2990/2559 4721/2991/2559 4720/2992/2559 4723/2993/2559 4725/2994/2559 4727/2995/2559 4726/2996/2559 4728/2827/2559
s 1
f 4637/2997/2557 4635/2998/2561 4647/2999/2561 4648/3000/2557
f 4657/3001/2557 4655/3002/2561 4671/3003/2561 4672/3004/2557
f 3982/3005/2557 3984/3006/2557 3968/3007/2557 3965/3008/2557
f 3984/3006/2557 3983/3009/2557 3966/3010/2557 3968/3007/2557
f 4679/3011/2561 4683/3012/2557 4696/3013/2557 4693/3014/2561
f 4711/3015/1809 4706/2279/1809 4725/2278/1809 4723/3016/1809
s 0
f 4670/2816/2562 4668/2815/2562 4687/3017/2562 4688/3018/2562 4680/3019/2562 4682/3020/2562 4683/3021/2562 4679/3022/2562 4678/3023/2562 4681/3024/2562 4684/3025/2562 4689/3026/2562 4690/3027/2562 4686/3028/2562 4685/3029/2562
s 1
f 4654/3030/1809 4664/2286/1814 4669/2285/1814 4665/3031/1809
f 4688/2272/1809 4687/2283/1814 3327/2268/1807
f 4635/2998/2561 4638/3032/2561 4651/3033/2561 4647/2999/2561
f 4655/3002/2561 4658/3034/2561 4675/3035/2561 4671/3003/2561
s 0
f 4453/2860/2559 4455/2859/2559 4452/3036/2559 4446/3037/2559 4447/3038/2559 4448/2820/2559 4444/2821/2559 4445/2919/2559 4449/2920/2559 4443/2824/2559 4450/3039/2559 4451/3040/2559 4454/3041/2559
s 1
f 4333/2829/2560 4331/3042/2557 4310/3043/2557 4312/2830/2560
f 4307/2833/2561 4305/3044/2557 4290/3045/2557 4292/2834/2561
f 4283/2837/2557 4281/3046/2557 4262/3047/2557 4264/2838/2557
f 4259/2841/2557 4257/3048/2557 4244/3049/2557 4246/2842/2557
f 4510/3050/2557 4512/3051/2557 4526/3052/2557 4523/3053/2557
f 4530/3054/2557 4532/3055/2557 4550/3056/2557 4547/3057/2557
f 4558/3058/2557 4560/3059/2557 4576/3060/2557 4573/3061/2557
f 4682/3062/1809 4680/2271/1809 4700/2270/1809 4701/3063/1809
f 4705/2280/1809 4704/3064/1809 3330/2277/1809
s 0
f 4619/2860/2559 4616/3065/2559 4615/3066/2559 4622/3067/2559 4621/3068/2559 4626/2937/2559 4623/3069/2559 4624/3070/2559 4627/3071/2559 4625/3072/2559 4618/3073/2559 4620/2922/2559 4617/3074/2559
f 4024/3065/2562 4027/2860/2562 4048/3075/2562 4044/3076/2562 4038/3077/2562 4040/3078/2562 4042/3079/2562 4043/2954/2562 4039/2955/2562 4041/2868/2562 4047/2869/2562 4045/3080/2562 4046/3081/2562
s 1
f 4403/3082/1825 4402/3083/1825 4383/3084/1825 4390/3085/1825
f 4379/3086/1825 4378/3087/1825 4359/3088/1825 4366/3089/1825
f 4349/3090/1825 4348/3091/1825 4335/3092/1825 4342/3093/1825
f 4708/3094/2557 4711/3095/2564 4723/3096/2564 4720/3097/2557
s 0
f 4324/2860/2559 4325/2859/2559 4326/3098/2559 4319/3099/2559 4328/3100/2559 4327/2819/2559 4331/2937/2559 4333/3101/2559 4332/3102/2559 4330/3103/2559 4329/2941/2559 4320/3104/2559 4321/3105/2559 4322/3106/2559 4323/3107/2559
s 1
f 4330/2897/2561 4332/2828/2557 4311/2831/2557 4309/2898/2561
f 4304/2901/2560 4306/2832/2557 4291/2835/2557 4289/2902/2560
f 4280/2905/2557 4282/2836/2557 4263/2839/2557 4261/2906/2557
f 4256/2909/2557 4258/2840/2557 4245/2843/2557 4243/2910/2557
s 0
f 4295/2859/2562 4297/2860/2562 4318/3108/2562 4314/3109/2562 4313/3110/2562 4308/2864/2562 4309/3079/2562 4311/2954/2562 4312/2955/2562 4310/2868/2562 4315/3111/2562 4316/3112/2562 4317/3113/2562
s 1
f 4681/3114/2561 4678/3115/2563 4692/3116/2563 4694/3117/2561
s 0
f 4479/2913/2562 4477/2912/2562 4490/3118/2562 4481/3119/2562 4480/3120/2562 4482/3121/2562 4486/2865/2562 4484/2866/2562 4483/2867/2562 4485/3122/2562 4488/3123/2562 4487/3124/2562 4489/3125/2562
s 1
f 4268/3126/1825 4267/2803/1825 4277/2806/1825 4278/3127/1825
f 4285/3128/1825 4284/2807/1825 4301/2810/1825 4302/3129/1825
f 4316/3130/1825 4315/2811/1825 4327/2814/1825 4328/3131/1825
f 4704/3064/1809 4712/2291/1808 3328/2273/1810 3330/2277/1809
s 0
f 4202/2860/2559 4199/2859/2559 4200/3132/2559 4204/2935/2559 4205/3133/2559 4208/2820/2559 4207/2821/2559 4206/2919/2559 4203/2920/2559 4209/2824/2559 4197/3104/2559 4198/3040/2559 4201/3107/2559
f 4273/2860/2559 4271/2859/2559 4272/3134/2559 4278/3135/2559 4277/3136/2559 4281/2937/2559 4283/3101/2559 4282/3137/2559 4280/3138/2559 4279/3072/2559 4275/3139/2559 4276/3140/2559 4274/3141/2559
s 1
f 4678/3115/2563 4679/3011/2561 4693/3014/2561 4692/3116/2563
f 4436/3142/1809 4437/3143/1809 4451/3144/1809 4450/3145/1809
f 4460/3146/1809 4461/3147/1809 4475/3148/1809 4474/3149/1809
f 4480/3150/1809 4481/3151/1809 4499/3152/1809 4498/3153/1809
f 4684/3154/2557 4681/3114/2561 4694/3117/2561 4697/3155/2557
s 0
f 4703/3156/2562 4698/3157/2562 4712/3158/2562 4704/3159/2562 4705/3160/2562 4706/3161/2562 4711/3162/2562 4708/3163/2562 4709/3164/2562 4707/3165/2562 4710/2868/2562 4716/3166/2562 4714/3167/2562 4713/3168/2562 4715/3169/2562
f 3976/2815/2559 3978/2816/2559 3979/3170/2559 3987/3171/2559 3986/3172/2559 3985/3173/2559 3981/3174/2559 3983/2821/2559 3984/2822/2559 3982/2823/2559 3980/3175/2559 3973/2942/2559 3974/3176/2559 3975/3177/2559 3977/2943/2559
s 1
f 4046/2608/1824 4045/3178/1825 4055/3179/1825 4051/2609/1824
f 4070/2611/1824 4069/3180/1825 4073/3181/1825 4080/2600/1825 3628/2304/1823
f 4695/3182/1825 4702/2401/1842 3347/2400/1849 4686/2409/1825 4690/3183/1825
s 0
f 4393/2912/2559 4396/2859/2559 4397/3132/2559 4404/3184/2559 4402/3185/2559 4403/2937/2559 4405/3186/2559 4401/3187/2559 4400/3188/2559 4399/3072/2559 4398/3139/2559 4395/3189/2559 4394/3107/2559
s 1
f 4722/3190/1825 4718/2932/1825 4716/2933/1825 4710/3191/1825
s 0
f 3961/3192/2562 3958/3193/2562 3969/3075/2562 3967/3194/2562 3964/3195/2562 3962/3162/2562 3965/2865/2562 3968/2954/2562 3966/3196/2562 3963/2868/2562 3970/3197/2562 3971/3198/2562 3972/3199/2562
s 1
f 4343/3200/2560 4341/2959/2557 4347/2962/2557 4351/3201/2560
f 4367/3202/2561 4365/2963/2557 4377/2966/2557 4381/3203/2561
f 4391/3204/2557 4389/2967/2557 4401/2970/2557 4405/3205/2557
f 4415/3206/2557 4413/2971/2557 4425/2974/2557 4429/3207/2557
f 4724/2388/1825 4730/2394/1845 3345/2384/1840
f 4225/2715/1853 4222/3208/1809 4214/3209/1809 4220/2716/1853
f 4201/2718/1853 4198/3210/1809 4194/3211/1809 4189/2719/1853
f 4184/2721/1853 4181/3212/1809 4170/3213/1809 4165/2722/1853
f 4153/2724/1853 4150/2680/1809 3649/2679/1816
f 4626/3214/1825 4621/3215/1825 4611/3216/1825 4608/3217/1825
f 4602/3218/1825 4597/3219/1825 4587/3220/1825 4584/3221/1825
s 0
f 4050/3065/2562 4053/2860/2562 4072/3222/2562 4068/3223/2562 4062/3077/2562 4064/3078/2562 4066/3079/2562 4067/2954/2562 4063/2955/2562 4065/2868/2562 4071/3224/2562 4069/3225/2562 4070/3226/2562
s 1
f 4269/2624/1824 4268/3126/1825 4278/3127/1825 4272/2625/1824
f 4286/2627/1824 4285/3128/1825 4302/3129/1825 4296/2628/1824
f 4317/2630/1824 4316/3130/1825 4328/3131/1825 4319/3227/1825 2946/2346/1823
f 4001/2582/1814 3999/3228/1809 3994/3229/1809 3990/2583/1814
f 3977/2585/1814 3975/2570/1809 3624/2268/1807
s 0
f 4731/2984/2562 4729/2983/2562 4740/3230/2562 4734/3231/2562 4732/3232/2562 4733/3233/2562 4737/3234/2562 4736/3235/2562 4738/3236/2562 4735/3237/2562 4739/3238/2562 4741/3239/2562 4742/3240/2562
s 1
f 4298/2686/1853 4300/3241/1809 4294/3242/1809 4287/2687/1853
f 4274/2689/1853 4276/3243/1809 4266/3244/1809 4270/2690/1853
f 4250/2692/1853 4252/3245/1809 3647/2674/1809 3646/2673/1816
s 0
f 4616/3065/2562 4619/2860/2562 4631/3246/2562 4633/3247/2562 4634/3248/2562 4636/3249/2562 4639/3250/2562 4638/2865/2562 4635/2866/2562 4637/2867/2562 4640/3251/2562 4632/3252/2562 4630/3253/2562 4629/3254/2562 4628/3199/2562
f 4592/2859/2562 4595/2860/2562 4614/3255/2562 4610/3256/2562 4606/3020/2562 4607/3250/2562 4609/2865/2562 4605/2866/2562 4604/3257/2562 4608/3122/2562 4611/3026/2562 4613/2870/2562 4612/3258/2562
s 1
f 3971/3259/1825 3970/3260/1825 3985/3261/1825 3986/3262/1825
f 4585/3263/2557 4583/3264/2557 4601/3265/2557 4603/3266/2557
f 4609/3267/2563 4607/3268/2563 4625/3269/2563 4627/3270/2563
f 3991/2665/1851 3988/3271/1825 4006/3272/1825 4004/2666/1851
f 4022/2668/1851 4019/3273/1825 3160/2612/1825 3159/2605/1823
f 3973/3274/1809 3980/3275/1809 3962/3276/1809 3964/3277/1809
f 4709/3278/2558 4708/3094/2557 4720/3097/2557 4721/3279/2558
s 0
f 4226/2912/2559 4224/3065/2559 4223/3280/2559 4228/3281/2559 4229/3282/2559 4232/2820/2559 4231/3101/2559 4230/3137/2559 4227/3138/2559 4233/3072/2559 4221/3283/2559 4222/3284/2559 4225/3285/2559
f 4003/3286/2562 4000/3287/2562 4021/3288/2562 4014/3194/2562 4016/3289/2562 4012/3290/2562 4015/3291/2562 4017/2866/2562 4018/2955/2562 4013/3251/2562 4020/3292/2562 4019/3293/2562 4022/3294/2562
f 4000/3287/2559 4003/3286/2559 4004/3295/2559 4006/3172/2559 4007/3296/2559 4008/3174/2559 4011/2938/2559 4010/2822/2559 4009/2823/2559 4005/3175/2559 4002/2942/2559 3999/3297/2559 4001/3298/2559
s 1
f 4082/2698/1809 4081/3299/1809 4062/3300/1809 4068/2699/1809
f 4052/3301/1809 4049/3302/1809 4038/3303/1809 4044/3304/1809
f 4026/3305/1809 4023/3306/1809 3164/2588/1809 3163/2586/1809
f 3983/3009/2557 3981/3307/2557 3963/3308/2557 3966/3010/2557
s 0
f 4698/3157/2559 4703/3156/2559 4702/3280/2559 4695/3309/2559 4691/3310/2559 4697/3311/2559 4694/3312/2559 4692/3137/2559 4693/3313/2559 4696/3314/2559 4701/3315/2559 4700/3316/2559 4699/3317/2559
s 1
f 4733/2295/1809 4732/3318/1809 2942/2383/1809
f 4081/3299/1809 4075/3319/1809 4064/3320/1809 4062/3300/1809
f 4049/3302/1809 4057/3321/1809 4040/3322/1809 4038/3303/1809
f 4023/3306/1809 4035/2590/1809 3164/2588/1809
s 0
f 4570/2913/2562 4572/2912/2562 4590/3255/2562 4586/3323/2562 4582/2952/2562 4583/3250/2562 4585/2865/2562 4581/2866/2562 4580/3257/2562 4584/3025/2562 4587/3026/2562 4589/3324/2562 4588/3325/2562
s 1
f 4640/3326/2557 4637/2997/2557 4648/3000/2557 4653/3327/2557
f 4660/3328/2557 4657/3001/2557 4672/3004/2557 4677/3329/2557
f 4442/3330/2557 4438/3331/2557 4443/3332/2557 4449/3333/2557
f 4466/3334/2557 4462/3335/2557 4467/3336/2557 4473/3337/2557
f 4486/3338/2557 4482/3339/2557 4491/3340/2557 4497/3341/2557
f 4575/3342/1825 4578/2307/1825 4556/2306/1825 4555/3343/1825
f 4549/3344/1825 4552/3345/1825 4539/3346/1825 4538/3347/1825
f 4525/3348/1825 4528/3349/1825 4508/3350/1825 4507/3351/1825
s 0
f 4224/3065/2562 4226/2912/2562 4237/3352/2562 4239/3194/2562 4238/3353/2562 4241/3354/2562 4242/2864/2562 4243/3079/2562 4245/2954/2562 4246/2955/2562 4244/2868/2562 4240/3355/2562 4235/3356/2562 4234/3198/2562 4236/3357/2562
s 1
f 4320/3358/1809 4329/3359/1809 4308/3360/1809 4313/3361/1809
f 4299/3362/1809 4303/3363/1809 4288/3364/1809 4293/3365/1809
f 4275/3366/1809 4279/3367/1809 4260/3368/1809 4265/3369/1809
f 4251/3370/1809 4255/3371/1809 4242/3372/1809 4241/2695/1809 3648/2677/1809
s 0
f 4325/2859/2562 4324/2860/2562 4334/3373/2562 4340/3374/2562 4344/2863/2562 4338/2864/2562 4339/3079/2562 4341/2954/2562 4343/2955/2562 4342/2868/2562 4335/3111/2562 4337/3375/2562 4336/2871/2562
f 4355/2859/2562 4352/2912/2562 4358/3376/2562 4364/3377/2562 4368/3378/2562 4362/3078/2562 4363/3079/2562 4365/2954/2562 4367/2955/2562 4366/2868/2562 4359/3379/2562 4361/3112/2562 4360/3199/2562
f 3927/3380/2559 3925/3381/2559 3926/3382/2559 3921/3383/2559 3932/3384/2559 3933/3385/2559 3934/2937/2559 3935/3386/2559 3931/3387/2559 3930/3388/2559 3929/3072/2559 3924/3073/2559 3923/3389/2559 3922/3390/2559 3928/2924/2559
f 4422/2859/2562 4420/2860/2562 4435/3108/2562 4437/3391/2562 4436/3392/2562 4438/2864/2562 4442/3393/2562 4440/2954/2562 4439/2955/2562 4441/2868/2562 4433/3394/2562 4432/3395/2562 4434/3113/2562
s 1
f 4074/3396/2557 4076/3397/2557 4065/3398/2557 4063/3399/2557
f 4056/3400/2561 4058/3401/2563 4041/3402/2563 4039/3403/2561
f 3959/2599/2218 3957/3404/1809 3626/2277/1809 3625/2273/2219
f 4673/3405/1825 4667/2406/1851 4662/2405/1851 4661/3406/1825
f 4649/3407/1825 4643/2403/1851 2950/2325/1823 2951/2366/1825
f 4439/3408/2557 4440/3409/2557 4445/3410/2557 4444/3411/2557
f 4463/3412/2557 4464/3413/2557 4469/3414/2557 4468/3415/2557
f 4483/3416/2557 4484/3417/2557 4493/3418/2557 4492/3419/2557
f 4231/3420/2557 4232/3421/2557 4215/3422/2557 4213/3423/2557
f 4207/3424/2557 4208/3425/2557 4195/3426/2557 4193/3427/2557
f 4177/3428/2557 4178/3429/2557 4171/3430/2557 4169/3431/2557
f 4584/3432/2557 4580/3433/2557 4599/3434/2557 4602/3435/2557
f 4608/3436/2563 4604/3437/2561 4623/3438/2561 4626/3439/2563
f 4227/3440/2560 4230/3441/2560 4211/3442/2560 4210/3443/2560
f 4203/3444/2557 4206/3445/2557 4191/3446/2557 4190/3447/2557
f 4173/3448/2557 4176/3449/2557 4167/3450/2557 4166/3451/2557
f 4077/3452/2557 4078/3453/2557 4067/3454/2557 4066/3455/2557
f 4059/3456/2561 4060/3457/2557 4043/3458/2557 4042/3459/2561
f 4707/2800/2558 4709/3278/2558 4721/3279/2558 4719/2801/2558
f 4078/3453/2557 4074/3396/2557 4063/3399/2557 4067/3454/2557
f 4060/3457/2557 4056/3400/2561 4039/3403/2561 4043/3458/2557
f 3988/3271/1825 3989/2925/1825 4007/2928/1825 4006/3272/1825
f 4019/3273/1825 4020/2929/1825 3161/2614/1825 3160/2612/1825
f 3953/3460/2561 3947/3461/2557 3940/3462/2557 3946/3463/2561
f 4342/3464/2558 4343/3200/2560 4351/3201/2560 4349/3465/2558
f 4366/3466/2563 4367/3202/2561 4381/3203/2561 4379/3467/2563
f 4390/3468/2557 4391/3204/2557 4405/3205/2557 4403/3469/2557
f 4414/3470/2557 4415/3206/2557 4429/3207/2557 4427/3471/2557
f 4552/3345/1825 4541/2333/1824 4537/2332/1824 4539/3346/1825
f 4528/3349/1825 4517/2330/1824 4506/2329/1824 4508/3350/1825
f 4500/2313/1825 4502/2327/1824 3332/2309/1823
s 0
f 4085/2860/2559 4087/2859/2559 4084/3472/2559 4080/3473/2559 4073/3474/2559 4079/3475/2559 4076/2937/2559 4074/2821/2559 4078/2919/2559 4077/2920/2559 4075/2941/2559 4081/3476/2559 4082/3477/2559 4083/3478/2559 4086/3479/2559
f 4369/2912/2559 4372/2859/2559 4373/3098/2559 4380/3480/2559 4378/2819/2559 4379/3481/2559 4381/3101/2559 4377/3102/2559 4376/3103/2559 4375/2993/2559 4374/3104/2559 4371/3482/2559 4370/2827/2559
s 1
f 4656/3483/1809 4654/3030/1809 4665/3031/1809 4666/3484/1809
s 0
f 4151/2859/2562 4154/2860/2562 4165/3108/2562 4170/3485/2562 4168/3353/2562 4172/2864/2562 4166/3486/2562 4167/3487/2562 4169/3488/2562 4171/2868/2562 4163/3489/2562 4162/3198/2562 4164/3490/2562
f 4595/2860/2559 4592/2859/2559 4591/3491/2559 4598/3492/2559 4597/3038/2559 4602/2820/2559 4599/3493/2559 4600/2919/2559 4603/2920/2559 4601/2824/2559 4594/3104/2559 4596/3494/2559 4593/2924/2559
f 4477/2912/2559 4479/2913/2559 4476/3495/2559 4470/3496/2559 4471/3497/2559 4472/3498/2559 4468/2821/2559 4469/3499/2559 4473/2920/2559 4467/3500/2559 4474/3501/2559 4475/3502/2559 4478/3503/2559
s 1
f 3939/3504/1825 3944/3505/1825 3949/3506/1825 3951/3507/1825
f 4514/2885/1809 4509/2454/1853 4521/2453/1853 4519/2886/1809
f 4534/2889/1809 4540/2451/1853 4545/2450/1853 4543/2890/1809
f 4562/2893/1809 4557/2448/1853 3351/2447/1816 4566/2465/1809 4567/2894/1809
f 4230/3441/2560 4231/3420/2557 4213/3423/2557 4211/3442/2560
f 4206/3445/2557 4207/3424/2557 4193/3427/2557 4191/3446/2557
f 4176/3449/2557 4177/3428/2557 4169/3431/2557 4167/3450/2557
f 3980/3508/2557 3982/3005/2557 3965/3008/2557 3962/3509/2557
f 3928/2597/2220 3922/2593/1809 3627/2274/2222
s 0
f 4396/2859/2562 4393/2912/2562 4406/3510/2562 4412/3511/2562 4416/2863/2562 4410/3121/2562 4411/2865/2562 4413/2866/2562 4415/2867/2562 4414/3512/2562 4407/3111/2562 4409/3513/2562 4408/3514/2562
s 1
f 3948/3515/2558 3949/3516/2558 3944/3517/2558 3941/3518/2558
f 4691/3519/1825 4695/3182/1825 4690/3183/1825 4689/3520/1825
s 0
f 4199/2859/2562 4202/2860/2562 4220/3521/2562 4214/3223/2562 4212/3522/2562 4216/3523/2562 4210/3486/2562 4211/3487/2562 4213/3488/2562 4215/3524/2562 4218/3525/2562 4217/3526/2562 4219/3527/2562
s 1
f 3974/2571/1809 3973/3274/1809 3964/3277/1809 3967/2572/1809
f 3957/3404/1809 3955/2576/1809 3626/2277/1809
f 4511/3528/1809 4516/2884/1809 4522/2887/1809 4524/3529/1809
f 4531/3530/1809 4536/2888/1809 4546/2891/1809 4548/3531/1809
f 4559/3532/1809 4564/2892/1809 4568/2895/1809 4574/3533/1809
f 4233/3534/2557 4227/3440/2560 4210/3443/2560 4216/3535/2557
f 4209/3536/2557 4203/3444/2557 4190/3447/2557 4196/3537/2557
f 4179/3538/2557 4173/3448/2557 4166/3451/2557 4172/3539/2557
s 0
f 4101/2913/2562 4103/2912/2562 4114/3540/2562 4118/3541/2562 4116/3542/2562 4122/3543/2562 4119/3393/2562 4117/2954/2562 4121/2955/2562 4120/3524/2562 4112/3026/2562 4115/3544/2562 4113/3545/2562
s 1
f 4054/2702/1853 4052/3301/1809 4044/3304/1809 4048/2703/1853
f 4028/2705/1853 4026/3305/1809 3163/2586/1809 3162/2289/1816
f 4732/3318/1809 4734/3546/1809 2941/2295/1809 2942/2383/1809
f 3924/3547/1809 3929/3548/1809 2915/2295/1809 3155/2383/1809
s 0
f 4455/2859/2562 4453/2860/2562 4459/3549/2562 4461/3550/2562 4460/3551/2562 4462/3250/2562 4466/2865/2562 4464/2866/2562 4463/2867/2562 4465/3251/2562 4457/3552/2562 4456/3553/2562 4458/3554/2562
s 1
f 4677/3555/1825 4674/3556/1825 4663/3557/1825 4660/3558/1825
f 4653/3559/1825 4650/3560/1825 4632/3561/1825 4640/3562/1825
f 4621/3215/1825 4622/3563/1825 4613/3564/1825 4611/3216/1825
f 4597/3219/1825 4598/3565/1825 4589/3566/1825 4587/3220/1825
f 4583/3567/1809 4582/3568/1809 4594/3569/1809 4601/3570/1809
f 4607/3571/1809 4606/3572/1809 4618/3573/1809 4625/3574/1809
f 4033/2976/2563 4034/3575/2561 4018/3576/2561 4017/2977/2563
f 4010/2980/2557 4011/3577/2557 3998/3578/2557 3997/2981/2557
f 4437/3143/1809 4435/2444/1853 4454/2443/1853 4451/3144/1809
f 4461/3147/1809 4459/2441/1853 4478/2440/1853 4475/3148/1809
f 4481/3151/1809 4490/2438/1853 3350/2417/1816 4501/2419/1809 4499/3152/1809
f 3930/3579/2557 3931/3580/2557 3151/3581/2557 3152/3582/2557
f 4582/3568/1809 4586/3583/1809 4596/3584/1809 4594/3569/1809
f 4606/3572/1809 4610/3585/1809 4620/3586/1809 4618/3573/1809
f 4634/2303/1809 4633/3587/1809 2953/2299/1809
f 3923/2594/1809 3924/3547/1809 3155/2383/1809 3154/2295/1809
s 0
f 4103/2912/2559 4101/2913/2559 4102/3588/2559 4111/3589/2559 4105/2936/2559 4108/2937/2559 4109/2821/2559 4106/2919/2559 4107/2920/2559 4110/3072/2559 4099/3476/2559 4100/3590/2559 4104/3591/2559
f 4542/2859/2562 4544/2860/2562 4557/3246/2562 4562/3592/2562 4564/3593/2562 4559/3250/2562 4561/2865/2562 4563/2866/2562 4560/3594/2562 4558/3251/2562 4555/3595/2562 4556/3596/2562 4554/3597/2562
f 4372/2859/2562 4369/2912/2562 4382/3510/2562 4388/3511/2562 4392/2863/2562 4386/2864/2562 4387/3079/2562 4389/2954/2562 4391/2955/2562 4390/2868/2562 4383/3111/2562 4385/3513/2562 4384/3514/2562
f 4520/2860/2559 4518/2859/2559 4517/3598/2559 4528/3599/2559 4525/2917/2559 4523/2820/2559 4526/2821/2559 4529/3499/2559 4527/2920/2559 4524/2824/2559 4522/3501/2559 4519/3600/2559 4521/3601/2559
s 1
f 4075/3602/2557 4077/3452/2557 4066/3455/2557 4064/3603/2557
f 4057/3604/2563 4059/3456/2561 4042/3459/2561 4040/3605/2563
s 0
f 4249/2860/2559 4247/2859/2559 4248/2817/2559 4254/3281/2559 4253/3606/2559 4257/2937/2559 4259/3101/2559 4258/3137/2559 4256/3138/2559 4255/3072/2559 4251/3139/2559 4252/3189/2559 4250/3141/2559
s 1
f 4513/2873/2557 4511/3607/2557 4524/3608/2557 4527/2874/2557
f 4533/2877/2557 4531/3609/2557 4548/3610/2557 4551/2878/2557
f 4561/2881/2561 4559/3611/2557 4574/3612/2557 4577/2882/2561
f 3947/3461/2557 3948/3515/2558 3941/3518/2558 3940/3462/2557
s 0
f 4420/2860/2559 4422/2859/2559 4419/3613/2559 4430/3614/2559 4431/3615/2559 4426/3616/2559 4427/2937/2559 4429/3186/2559 4425/3187/2559 4424/3188/2559 4423/3072/2559 4428/3617/2559 4417/3618/2559 4418/3619/2559 4421/3620/2559
s 1
f 3929/3621/2557 3930/3579/2557 3152/3582/2557 2915/3622/2557
f 4438/3623/1809 4436/3142/1809 4450/3145/1809 4443/3624/1809
f 4462/3625/1809 4460/3146/1809 4474/3149/1809 4467/3626/1809
f 4482/3627/1809 4480/3150/1809 4498/3153/1809 4491/3628/1809
s 0
f 4053/2860/2559 4050/3065/2559 4051/3629/2559 4055/3630/2559 4061/3631/2559 4058/3632/2559 4056/2821/2559 4060/2939/2559 4059/2940/2559 4057/3633/2559 4049/3634/2559 4052/3635/2559 4054/3074/2559
s 1
f 4512/3051/2557 4515/2872/2557 4529/2875/2557 4526/3052/2557
f 4532/3055/2557 4535/2876/2557 4553/2879/2557 4550/3056/2557
f 4560/3059/2557 4563/2880/2561 4579/2883/2561 4576/3060/2557
f 4164/2632/1824 4162/3636/1825 4174/3637/1825 4183/2633/1824
f 4188/2635/1824 4186/3638/1825 4204/3639/1825 4200/2636/1824
f 4219/2638/1824 4217/3640/1825 4228/3641/1825 4223/2639/1824
f 4236/2641/1824 4234/3642/1825 3631/2360/1825 3630/2336/1823
s 0
f 4646/2816/2562 4644/3287/2562 4664/3643/2562 4654/3644/2562 4656/2952/2562 4659/3021/2562 4658/2865/2562 4655/2866/2562 4657/3645/2562 4660/3025/2562 4663/3026/2562 4661/3112/2562 4662/3029/2562
f 4504/2912/2559 4503/3065/2559 4502/3646/2559 4500/3647/2559 4494/3648/2559 4495/3649/2559 4496/2820/2559 4492/3650/2559 4493/3651/2559 4497/3652/2559 4491/3500/2559 4498/3139/2559 4499/3653/2559 4501/3654/2559 4505/3620/2559
s 1
f 3972/2670/2243 3971/3259/1825 3986/3262/1825 3987/2662/1825 3645/2400/1849
f 4440/3409/2557 4442/3330/2557 4449/3333/2557 4445/3410/2557
f 4464/3413/2557 4466/3334/2557 4473/3337/2557 4469/3414/2557
f 4484/3417/2557 4486/3338/2557 4497/3341/2557 4493/3418/2557
s 0
f 4125/2913/2562 4127/2860/2562 4138/3655/2562 4142/3541/2562 4140/3656/2562 4146/3523/2562 4143/3079/2562 4141/2954/2562 4145/2955/2562 4144/3524/2562 4136/3657/2562 4139/3080/2562 4137/3658/2562
f 4271/2859/2562 4273/2860/2562 4287/2861/2562 4294/3659/2562 4293/2863/2562 4288/3121/2562 4289/2865/2562 4291/2866/2562 4292/2867/2562 4290/3512/2562 4284/2869/2562 4285/3395/2562 4286/2871/2562
s 1
f 4697/3660/1825 4691/3519/1825 4689/3520/1825 4684/3661/1825
s 0
f 4185/2860/2559 4182/2859/2559 4183/3132/2559 4174/3281/2559 4175/3662/2559 4178/2820/2559 4177/3101/2559 4176/3137/2559 4173/3138/2559 4179/2824/2559 4180/3663/2559 4181/3664/2559 4184/3285/2559
f 3925/3381/2562 3927/3380/2562 3938/3665/2562 3942/3666/2562 3943/3667/2562 3945/3668/2562 3946/3669/2562 3940/3670/2562 3941/3671/2562 3944/3672/2562 3939/3673/2562 3936/3674/2562 3937/3675/2562
s 1
f 3999/3228/1809 4002/3676/1809 3996/3677/1809 3994/3229/1809
f 4580/3433/2557 4581/3678/2557 4600/3679/2557 4599/3434/2557
f 4604/3437/2561 4605/3680/2561 4624/3681/2561 4623/3438/2561
s 0
f 4503/3065/2562 4504/2912/2562 4509/3682/2562 4514/3683/2562 4516/3684/2562 4511/3121/2562 4513/2865/2562 4515/2866/2562 4512/3685/2562 4510/3686/2562 4507/3687/2562 4508/3688/2562 4506/3240/2562
s 1
f 4162/3636/1825 4163/3689/1825 4175/3690/1825 4174/3637/1825
f 4186/3638/1825 4187/3691/1825 4205/3692/1825 4204/3639/1825
f 4217/3640/1825 4218/3693/1825 4229/3694/1825 4228/3641/1825
f 4234/3642/1825 4235/3695/1825 3632/2362/1825 3631/2360/1825
f 4674/3556/1825 4673/3405/1825 4661/3406/1825 4663/3557/1825
f 4650/3560/1825 4649/3407/1825 2951/2366/1825 4630/2368/1825 4632/3561/1825
s 0
f 4518/2859/2562 4520/2860/2562 4540/3696/2562 4534/3697/2562 4536/3161/2562 4531/3250/2562 4533/2865/2562 4535/2866/2562 4532/3257/2562 4530/3251/2562 4538/3698/2562 4539/3596/2562 4537/3597/2562
s 1
f 4321/2693/1809 4320/3358/1809 4313/3361/1809 4314/2694/1809
f 4300/3241/1809 4299/3362/1809 4293/3365/1809 4294/3242/1809
f 4276/3243/1809 4275/3366/1809 4265/3369/1809 4266/3244/1809
f 4252/3245/1809 4251/3370/1809 3648/2677/1809 3647/2674/1809
f 4147/3699/1809 4160/3700/1809 4146/3701/1809 4140/3702/1809
f 4123/3703/1809 4134/3704/1809 4122/3705/1809 4116/3706/1809
f 4099/3707/1809 4110/3708/1809 4094/3709/1809 4088/3710/1809
s 0
f 4544/2860/2559 4542/2859/2559 4541/3711/2559 4552/3712/2559 4549/3713/2559 4547/3498/2559 4550/3714/2559 4553/3499/2559 4551/2920/2559 4548/3500/2559 4546/3715/2559 4543/3716/2559 4545/3717/2559
f 4352/2912/2559 4355/2859/2559 4356/2817/2559 4350/3718/2559 4348/3662/2559 4349/2820/2559 4351/3101/2559 4347/3137/2559 4346/3138/2559 4345/2824/2559 4357/3283/2559 4354/3719/2559 4353/3285/2559
s 1
f 4622/3563/1825 4615/2322/1824 4612/2321/1824 4613/3564/1825
f 4598/3565/1825 4591/2319/1824 4588/2318/1824 4589/3566/1825
f 4565/2308/1825 4569/2316/1824 3331/2304/1823
f 4404/3720/1825 4397/2356/1824 4384/2355/1824 4385/3721/1825
f 4380/3722/1825 4373/2353/1824 4360/2352/1824 4361/3723/1825
f 4350/3724/1825 4356/2350/1824 4336/2349/1824 4337/3725/1825
f 4319/3227/1825 4326/2347/1824 2946/2346/1823
f 4002/3676/1809 4005/3726/1809 3992/3727/1809 3996/3677/1809
s 0
f 4182/2859/2562 4185/2860/2562 4189/3728/2562 4194/3076/2562 4192/3392/2562 4196/3523/2562 4190/3079/2562 4191/2954/2562 4193/2955/2562 4195/3524/2562 4187/3729/2562 4186/3198/2562 4188/3730/2562
s 1
f 3937/2672/2241 3936/3731/1825 3644/2655/1825 3643/2654/2242
f 4638/3032/2561 4639/3732/2557 4652/3733/2557 4651/3033/2561
f 4658/3034/2561 4659/3734/2557 4676/3735/2557 4675/3035/2561
f 4639/3736/1809 4636/2302/1809 4642/2301/1809 4652/3737/1809
f 4659/3738/1809 4656/3483/1809 4666/3484/1809 4676/3739/1809
f 4573/3740/1825 4575/3342/1825 4555/3343/1825 4558/3741/1825
f 4547/3742/1825 4549/3344/1825 4538/3347/1825 4530/3743/1825
f 4523/3744/1825 4525/3348/1825 4507/3351/1825 4510/3745/1825
f 4581/3678/2557 4585/3263/2557 4603/3266/2557 4600/3679/2557
f 4605/3680/2561 4609/3267/2563 4627/3270/2563 4624/3681/2561
f 4339/2960/2560 4338/3746/2558 4345/3747/2558 4346/2961/2560
f 4363/2964/2561 4362/3748/2563 4375/3749/2563 4376/2965/2561
f 4387/2968/2557 4386/3750/2557 4399/3751/2557 4400/2969/2557
f 4411/2972/2557 4410/3752/2557 4423/3753/2557 4424/2973/2557
s 0
f 4087/2859/2562 4085/2860/2562 4097/3754/2562 4090/3391/2562 4088/3755/2562 4094/3543/2562 4091/3079/2562 4089/2954/2562 4093/2955/2562 4092/3524/2562 4095/3756/2562 4098/3080/2562 4096/3757/2562
s 1
f 4034/3575/2561 4030/3758/2564 4013/3759/2564 4018/3576/2561
f 4011/3577/2557 4008/3760/2557 3993/3761/2557 3998/3578/2557
f 3970/3260/1825 3963/3762/1825 3981/3763/1825 3985/3261/1825
s 0
f 4644/3287/2559 4646/2816/2559 4643/3764/2559 4649/3765/2559 4650/3615/2559 4653/3766/2559 4648/2821/2559 4647/2991/2559 4651/3071/2559 4652/3072/2559 4642/3767/2559 4641/3768/2559 4645/3769/2559
s 1
f 3935/3770/2557 3934/3771/2557 2914/3772/2557 3150/3773/2557
f 4148/2681/1809 4147/3699/1809 4140/3702/1809 4142/2682/1809
f 4124/3774/1809 4123/3703/1809 4116/3706/1809 4118/3775/1809
f 4100/3776/1809 4099/3707/1809 4088/3710/1809 4090/3777/1809
s 0
f 4027/2860/2559 4024/3065/2559 4025/3066/2559 4036/3172/2559 4037/3778/2559 4031/3779/2559 4030/3174/2559 4034/2821/2559 4033/2919/2559 4032/2920/2559 4029/3175/2559 4035/3780/2559 4023/3781/2559 4026/3477/2559 4028/2924/2559
s 1
f 4047/3782/1825 4041/3783/1825 4058/3784/1825 4061/3785/1825
f 4071/3786/1825 4065/3787/1825 4076/3788/1825 4079/3789/1825
f 4157/3790/2557 4156/3791/2557 4141/3792/2557 4143/3793/2557
f 4131/3794/2557 4130/3795/2557 4117/3796/2557 4119/3797/2557
f 4107/3798/2557 4106/3799/2557 4089/3800/2557 4091/3801/2557
s 0
f 3958/3193/2559 3961/3192/2559 3960/3802/2559 3954/3803/2559 3952/3804/2559 3951/3475/2559 3949/3805/2559 3948/3806/2559 3947/3807/2559 3953/3808/2559 3950/3809/2559 3956/3810/2559 3955/3811/2559 3957/3477/2559 3959/3812/2559
f 4297/2860/2559 4295/2859/2559 4296/2817/2559 4302/3813/2559 4301/3814/2559 4305/2820/2559 4307/3101/2559 4306/3137/2559 4304/3138/2559 4303/3815/2559 4299/3663/2559 4300/3719/2559 4298/3816/2559
s 1
f 4586/3583/1809 4590/2462/1853 4593/2461/1853 4596/3584/1809
f 4610/3585/1809 4614/2459/1853 4617/2458/1853 4620/3586/1809
f 4633/3587/1809 4631/2456/1853 2952/2289/1816 2953/2299/1809
f 4222/3208/1809 4221/3817/1809 4212/3818/1809 4214/3209/1809
f 4198/3210/1809 4197/3819/1809 4192/3820/1809 4194/3211/1809
f 4181/3212/1809 4180/3821/1809 4168/3822/1809 4170/3213/1809
f 4495/3823/1825 4494/2312/1825 4487/2311/1825 4488/3824/1825
f 4471/3825/1825 4470/3826/1825 4456/3827/1825 4457/3828/1825
f 4447/3829/1825 4446/3830/1825 4432/3831/1825 4433/3832/1825
f 4431/3833/1825 4430/3834/1825 3334/2360/1825 3335/2362/1825
f 4340/3835/1809 4334/2433/1853 4353/2432/1853 4354/3836/1809
f 4364/3837/1809 4358/2430/1853 4370/2429/1853 4371/3838/1809
f 4388/3839/1809 4382/2427/1853 4394/2426/1853 4395/3840/1809
f 4412/3841/1809 4406/2424/1853 3349/2413/1816 3352/2416/1809
f 3956/2577/1809 3950/3842/1809 3945/3843/1809 3943/2578/1809
s 0
f 4154/2860/2559 4151/2859/2559 4152/3844/2559 4149/3845/2559 4161/3846/2559 4155/3713/2559 4158/2937/2559 4159/2938/2559 4156/2939/2559 4157/3847/2559 4160/3072/2559 4147/2994/2559 4148/3848/2559 4150/3849/2559 4153/3850/2559
s 1
f 4160/3851/2557 4157/3790/2557 4143/3793/2557 4146/3852/2557
f 4134/3853/2557 4131/3794/2557 4119/3797/2557 4122/3854/2557
f 4110/3855/2557 4107/3798/2557 4091/3801/2557 4094/3856/2557
f 4098/2944/1825 4095/2787/1825 4105/2790/1825 4111/2945/1825
f 4115/2946/1825 4112/2791/1825 4129/2794/1825 4135/2947/1825
f 4139/2948/1825 4136/2795/1825 4155/2798/1825 4161/2949/1825
f 4734/3546/1809 4740/2296/1822 2940/2295/1821 2941/2295/1809
f 4045/3178/1825 4047/3782/1825 4061/3785/1825 4055/3179/1825
f 4069/3180/1825 4071/3786/1825 4079/3789/1825 4073/3181/1825
f 4683/3857/1809 4682/3062/1809 4701/3063/1809 4696/3858/1809
f 4402/3083/1825 4404/3720/1825 4385/3721/1825 4383/3084/1825
f 4378/3087/1825 4380/3722/1825 4361/3723/1825 4359/3088/1825
f 4348/3091/1825 4350/3724/1825 4337/3725/1825 4335/3092/1825
f 4221/3817/1809 4233/3859/1809 4216/3860/1809 4212/3818/1809
f 4197/3819/1809 4209/3861/1809 4196/3862/1809 4192/3820/1809
f 4180/3821/1809 4179/3863/1809 4172/3864/1809 4168/3822/1809
f 3950/3865/2557 3953/3460/2561 3946/3463/2561 3945/3866/2557
f 4128/2707/1853 4124/3774/1809 4118/3775/1809 4114/2708/1853
f 4104/2710/1853 4100/3776/1809 4090/3777/1809 4097/2711/1853
f 4086/2713/1853 4083/2697/1809 3650/2696/1816
f 4163/3689/1825 4171/3867/1825 4178/3868/1825 4175/3690/1825
f 4187/3691/1825 4195/3869/1825 4208/3870/1825 4205/3692/1825
f 4218/3693/1825 4215/3871/1825 4232/3872/1825 4229/3694/1825
f 4235/3695/1825 4240/2617/1825 3632/2362/1825
f 4496/3873/1825 4495/3823/1825 4488/3824/1825 4485/3874/1825
f 4472/3875/1825 4471/3825/1825 4457/3828/1825 4465/3876/1825
f 4448/3877/1825 4447/3829/1825 4433/3832/1825 4441/3878/1825
f 4426/2365/1825 4431/3833/1825 3335/2362/1825
f 4344/2845/1809 4340/3835/1809 4354/3836/1809 4357/2846/1809
f 4368/2849/1809 4364/3837/1809 4371/3838/1809 4374/2850/1809
f 4392/2853/1809 4388/3839/1809 4395/3840/1809 4398/2854/1809
f 4416/2857/1809 4412/3841/1809 3352/2416/1809 3353/2421/1809
f 4159/3879/2557 4158/3880/2557 4144/3881/2557 4145/3882/2557
f 4133/3883/2557 4132/3884/2557 4120/3885/2557 4121/3886/2557
f 4109/3887/2557 4108/3888/2557 4092/3889/2557 4093/3890/2557
f 4029/3891/2557 4032/2975/2561 4015/2978/2561 4012/3892/2557
f 4005/3893/2557 4009/2979/2557 3995/2982/2557 3992/3894/2557
f 4156/3791/2557 4159/3879/2557 4145/3882/2557 4141/3792/2557
f 4130/3795/2557 4133/3883/2557 4121/3886/2557 4117/3796/2557
f 4106/3799/2557 4109/3887/2557 4093/3890/2557 4089/3800/2557
f 3936/3731/1825 3939/3504/1825 3951/3507/1825 3952/2658/1825 3644/2655/1825
f 4441/3895/2557 4439/3408/2557 4444/3411/2557 4448/3896/2557
f 4465/3897/2557 4463/3412/2557 4468/3415/2557 4472/3898/2557
f 4485/3899/2557 4483/3416/2557 4492/3419/2557 4496/3900/2557
f 4470/3826/1825 4476/2343/1824 4458/2342/1824 4456/3827/1825
f 4446/3830/1825 4452/2340/1824 4434/2339/1824 4432/3831/1825
f 4430/3834/1825 4419/2337/1824 3333/2336/1823 3334/2360/1825
f 3931/3580/2557 3935/3770/2557 3150/3773/2557 3151/3581/2557
o Plane
v -0.944509 -0.021390 0.052350
v 0.945465 -0.021390 0.040096
v -0.944509 2.548674 0.059844
v 0.945465 2.548674 0.051623
v 0.000478 -0.021390 0.070811
v 0.000478 2.548674 0.078306
v -0.472016 2.548674 0.071493
v -0.472016 -0.021390 0.063998
v -0.775564 2.548674 0.071663
v -0.775564 -0.021390 0.064168
v 0.472971 -0.021390 0.065037
v 0.472971 2.548674 0.072532
v 0.754105 -0.021390 0.065579
v 0.754105 2.548674 0.073074
v -0.944509 1.263642 0.089333
v 0.945465 1.263642 0.077080
v 0.000478 1.263642 0.107795
v -0.472016 1.263642 0.100982
v -0.775564 1.263642 0.101152
v 0.472971 1.263642 0.102020
v 0.754105 1.263642 0.102562
v 0.945465 1.906158 0.077080
v 0.000478 1.906158 0.107795
v -0.472016 1.906158 0.100982
v -0.775564 1.906158 0.101152
v 0.472971 1.906158 0.102021
v 0.754105 1.906158 0.102562
v -0.944509 1.906158 0.089333
v 0.945465 2.231640 0.078983
v 0.000478 2.231640 0.105249
v -0.472016 2.231640 0.098436
v -0.775564 2.231640 0.098606
v 0.472971 2.231640 0.099475
v 0.754105 2.231640 0.100017
v -0.944509 2.231640 0.086787
v 0.945465 2.453959 0.073700
v 0.000478 2.453959 0.104415
v -0.472016 2.453959 0.097602
v -0.775564 2.453959 0.097772
v 0.472971 2.453959 0.098640
v 0.754105 2.453959 0.099182
v -0.944509 2.453959 0.085953
v -0.944509 0.098251 0.080458
v 0.945465 0.098251 0.079691
v 0.000478 0.098251 0.098920
v -0.472016 0.098251 0.092107
v -0.775564 0.098251 0.092277
v 0.472971 0.098251 0.093146
v 0.754105 0.098251 0.093687
v 0.945465 0.258995 0.085610
v 0.000478 0.258995 0.107070
v -0.472016 0.258995 0.100257
v -0.775564 0.258995 0.100427
v 0.472971 0.258995 0.101296
v 0.754105 0.258995 0.101838
v -0.944509 0.258995 0.088608
v -0.943316 -0.013977 0.033241
v 0.943740 -0.012644 0.021378
v -0.943334 2.540109 0.041029
v 0.943395 2.540737 0.032727
v 0.000496 -0.013962 0.051665
v 0.000496 2.540092 0.059454
v -0.471899 2.540093 0.052641
v -0.471898 -0.013962 0.044852
v -0.774977 2.540097 0.052820
v -0.774968 -0.013965 0.045031
v 0.472883 -0.013962 0.045891
v 0.472885 2.540092 0.053680
v 0.753248 -0.013284 0.046621
v 0.753073 2.540405 0.054169
v -0.943263 1.263654 0.069377
v 0.943316 1.263578 0.057209
v 0.000497 1.263654 0.087795
v -0.471892 1.263654 0.080982
v -0.774945 1.263654 0.081163
v 0.472879 1.263654 0.082021
v 0.753046 1.263616 0.082594
v 0.943206 1.906142 0.057223
v 0.000497 1.906029 0.087795
v -0.471892 1.906029 0.080983
v -0.774945 1.906029 0.081163
v 0.472879 1.906029 0.082021
v 0.752991 1.906085 0.082597
v -0.943263 1.906029 0.069377
v 0.943308 2.231398 0.059114
v 0.000497 2.231449 0.085250
v -0.471892 2.231449 0.078437
v -0.774945 2.231449 0.078617
v 0.472879 2.231449 0.079475
v 0.753042 2.231423 0.080049
v -0.943263 2.231450 0.066831
v 0.943329 2.449672 0.054110
v 0.000497 2.449551 0.084711
v -0.471894 2.449542 0.077900
v -0.774956 2.449562 0.078077
v 0.472880 2.449542 0.078938
v 0.753057 2.449650 0.079497
v -0.943281 2.449523 0.066296
v -0.943283 0.102842 0.060823
v 0.943882 0.103433 0.060174
v 0.000497 0.102826 0.079239
v -0.471894 0.102833 0.072428
v -0.774956 0.102817 0.072606
v 0.472881 0.102832 0.073466
v 0.753335 0.103103 0.074064
v 0.943794 0.259652 0.065695
v 0.000497 0.259843 0.087081
v -0.471892 0.259843 0.080269
v -0.774946 0.259842 0.080449
v 0.472879 0.259843 0.081307
v 0.753286 0.259747 0.081865
v -0.943263 0.259842 0.068663
vn 0.0590 0.1312 0.9896
vn 0.1201 0.1305 0.9841
vn 0.1180 0.2448 0.9624
vn 0.0590 0.2556 0.9650
vn -0.0069 0.1346 0.9909
vn -0.0011 0.1343 0.9909
vn -0.0011 0.2657 0.9640
vn -0.0067 0.2657 0.9640
vn -0.0342 0.1339 0.9904
vn -0.0336 0.2656 0.9635
vn -0.0691 0.1351 0.9884
vn -0.0673 0.2651 0.9619
vn 0.0051 0.1346 0.9909
vn 0.0050 0.2657 0.9640
vn 0.0051 -0.0257 0.9997
vn 0.0458 -0.0228 0.9987
vn 0.0593 0.0008 0.9982
vn 0.0051 -0.0004 1.0000
vn -0.0011 -0.0257 0.9997
vn -0.0011 -0.0004 1.0000
vn -0.0698 -0.0256 0.9972
vn -0.0346 -0.0256 0.9991
vn -0.0346 -0.0004 0.9994
vn -0.0698 -0.0004 0.9976
vn -0.0069 -0.0257 0.9996
vn -0.0069 -0.0004 1.0000
vn 0.0935 -0.0199 0.9954
vn 0.1202 0.0019 0.9927
vn 0.0623 0.0022 0.9981
vn 0.0051 0.0039 1.0000
vn -0.0011 0.0039 1.0000
vn -0.0346 0.0039 0.9994
vn -0.0698 0.0039 0.9976
vn -0.0069 0.0039 1.0000
vn 0.1263 0.0005 0.9920
vn 0.0595 0.0066 0.9982
vn 0.0051 0.0058 1.0000
vn -0.0011 0.0058 1.0000
vn -0.0346 0.0058 0.9994
vn -0.0698 0.0058 0.9975
vn -0.0069 0.0058 1.0000
vn 0.1207 0.0073 0.9927
vn 0.0489 -0.2504 0.9669
vn 0.0988 -0.2709 0.9575
vn 0.0893 -0.1581 0.9834
vn 0.0434 -0.1479 0.9880
vn -0.0067 -0.2287 0.9735
vn -0.0011 -0.2287 0.9735
vn -0.0011 -0.1394 0.9902
vn -0.0069 -0.1396 0.9902
vn -0.0339 -0.2286 0.9729
vn -0.0342 -0.1391 0.9897
vn -0.0679 -0.2282 0.9712
vn -0.0691 -0.1399 0.9878
vn 0.0050 -0.2287 0.9735
vn 0.0051 -0.1396 0.9902
vn -0.0590 -0.1319 -0.9895
vn -0.0590 -0.2582 -0.9643
vn -0.1181 -0.2470 -0.9618
vn -0.1203 -0.1311 -0.9840
vn 0.0069 -0.1354 -0.9908
vn 0.0066 -0.2687 -0.9632
vn 0.0011 -0.2687 -0.9632
vn 0.0011 -0.1351 -0.9908
vn 0.0342 -0.1347 -0.9903
vn 0.0336 -0.2685 -0.9627
vn 0.0692 -0.1359 -0.9883
vn 0.0673 -0.2681 -0.9610
vn -0.0049 -0.2687 -0.9632
vn -0.0050 -0.1354 -0.9908
vn -0.0051 0.0253 -0.9997
vn -0.0051 0.0004 -1.0000
vn -0.0593 -0.0008 -0.9982
vn -0.0458 0.0223 -0.9987
vn 0.0011 0.0253 -0.9997
vn 0.0011 0.0004 -1.0000
vn 0.0698 0.0253 -0.9972
vn 0.0699 0.0004 -0.9976
vn 0.0347 0.0004 -0.9994
vn 0.0346 0.0253 -0.9991
vn 0.0069 0.0004 -1.0000
vn 0.0069 0.0253 -0.9997
vn -0.1204 -0.0019 -0.9927
vn -0.0936 0.0193 -0.9954
vn -0.0051 -0.0039 -1.0000
vn -0.0624 -0.0022 -0.9981
vn 0.0011 -0.0039 -1.0000
vn 0.0699 -0.0039 -0.9975
vn 0.0347 -0.0039 -0.9994
vn 0.0069 -0.0039 -1.0000
vn -0.1265 -0.0005 -0.9920
vn -0.0051 -0.0052 -1.0000
vn -0.0595 -0.0060 -0.9982
vn 0.0011 -0.0051 -1.0000
vn 0.0698 -0.0051 -0.9975
vn 0.0347 -0.0051 -0.9994
vn 0.0069 -0.0051 -1.0000
vn -0.1208 -0.0068 -0.9927
vn -0.0489 0.2517 -0.9666
vn -0.0434 0.1481 -0.9880
vn -0.0894 0.1583 -0.9833
vn -0.0990 0.2728 -0.9570
vn 0.0067 0.2298 -0.9732
vn 0.0068 0.1398 -0.9902
vn 0.0011 0.1396 -0.9902
vn 0.0011 0.2298 -0.9732
vn 0.0339 0.2297 -0.9727
vn 0.0342 0.1393 -0.9897
vn 0.0680 0.2292 -0.9710
vn 0.0692 0.1400 -0.9877
vn -0.0051 0.1397 -0.9902
vn -0.0050 0.2297 -0.9732
vn -0.9982 0.0138 -0.0581
vn -0.9982 0.0085 -0.0600
vn -0.0522 -0.9129 -0.4048
vn -0.0250 -0.9199 -0.3913
vn -0.0254 -0.9198 -0.3915
vn 0.9946 -0.0240 -0.1010
vn 0.9944 -0.0133 -0.1044
vn 0.9944 -0.0132 -0.1045
vn 0.0289 0.9103 -0.4130
vn 0.0144 0.9103 -0.4137
vn 0.0004 -0.9323 -0.3617
vn 0.0025 -0.9323 -0.3617
vn 0.0005 0.9101 -0.4143
vn -0.0024 0.9117 -0.4109
vn 0.0029 0.9101 -0.4143
vn 0.0125 -0.9324 -0.3612
vn 0.0253 -0.9324 -0.3605
vn -0.0012 -0.9292 -0.3696
vn -0.0223 0.9166 -0.3991
vn -0.0221 0.9166 -0.3992
vn -0.0447 0.9195 -0.3905
vn -0.9981 -0.0000 -0.0623
vn -0.9981 -0.0002 -0.0623
vn 0.9947 -0.0002 -0.1029
vn 0.9961 0.0013 -0.0886
vn 0.9961 0.0013 -0.0887
vn 0.9939 0.0003 -0.1103
vn -0.9981 -0.0004 -0.0623
vn 0.9940 -0.0010 -0.1092
vn 0.9940 -0.0010 -0.1091
vn -0.9982 -0.0082 -0.0596
vn -0.9982 -0.0161 -0.0569
vn -0.9981 0.0016 -0.0621
vn 0.9967 0.0140 -0.0795
vn 0.9967 0.0250 -0.0771
vn 0.9967 0.0143 -0.0794
vt 0.898750 0.963147
vt 1.000000 0.963147
vt 1.000000 1.000000
vt 0.898750 1.000000
vt 0.250000 0.963147
vt 0.500000 0.963147
vt 0.500000 1.000000
vt 0.250000 1.000000
vt 0.089390 0.963147
vt 0.089390 1.000000
vt 0.000000 0.963147
vt 0.000000 1.000000
vt 0.750000 0.963147
vt 0.750000 1.000000
vt 0.750000 0.144326
vt 0.898750 0.144326
vt 0.898750 0.500000
vt 0.750000 0.500000
vt 0.500000 0.144326
vt 0.500000 0.500000
vt 0.000000 0.144326
vt 0.089390 0.144326
vt 0.089390 0.500000
vt 0.000000 0.500000
vt 0.250000 0.144326
vt 0.250000 0.500000
vt 1.000000 0.144326
vt 1.000000 0.500000
vt 0.898750 0.750000
vt 0.750000 0.750000
vt 0.500000 0.750000
vt 0.089390 0.750000
vt 0.000000 0.750000
vt 0.250000 0.750000
vt 1.000000 0.750000
vt 0.898750 0.876644
vt 0.750000 0.876644
vt 0.500000 0.876644
vt 0.089390 0.876644
vt 0.000000 0.876644
vt 0.250000 0.876644
vt 1.000000 0.876644
vt 0.898750 0.000000
vt 1.000000 0.000000
vt 1.000000 0.087418
vt 0.898750 0.087418
vt 0.250000 0.000000
vt 0.500000 0.000000
vt 0.500000 0.087418
vt 0.250000 0.087418
vt 0.089390 0.000000
vt 0.089390 0.087418
vt 0.000000 0.000000
vt 0.000000 0.087418
vt 0.750000 0.000000
vt 0.750000 0.087418
s 1
usemtl Material.002
f 4783/3901/2565 4778/3902/2566 4746/3903/2567 4756/3904/2568
f 4780/3905/2569 4779/3906/2570 4748/3907/2571 4749/3908/2572
f 4781/3909/2573 4780/3905/2569 4749/3908/2572 4751/3910/2574
f 4784/3911/2575 4781/3909/2573 4751/3910/2574 4745/3912/2576
f 4779/3906/2570 4782/3913/2577 4754/3914/2578 4748/3907/2571
f 4782/3913/2577 4783/3901/2565 4756/3904/2568 4754/3914/2578
f 4796/3915/2579 4797/3916/2580 4763/3917/2581 4762/3918/2582
f 4793/3919/2583 4796/3915/2579 4762/3918/2582 4759/3920/2584
f 4798/3921/2585 4795/3922/2586 4761/3923/2587 4757/3924/2588
f 4795/3922/2586 4794/3925/2589 4760/3926/2590 4761/3923/2587
f 4794/3925/2589 4793/3919/2583 4759/3920/2584 4760/3926/2590
f 4797/3916/2580 4792/3927/2591 4758/3928/2592 4763/3917/2581
f 4762/3918/2582 4763/3917/2581 4769/3929/2593 4768/3930/2594
f 4759/3920/2584 4762/3918/2582 4768/3930/2594 4765/3931/2595
f 4757/3924/2588 4761/3923/2587 4767/3932/2596 4770/3933/2597
f 4761/3923/2587 4760/3926/2590 4766/3934/2598 4767/3932/2596
f 4760/3926/2590 4759/3920/2584 4765/3931/2595 4766/3934/2598
f 4763/3917/2581 4758/3928/2592 4764/3935/2599 4769/3929/2593
f 4768/3930/2594 4769/3929/2593 4776/3936/2600 4775/3937/2601
f 4765/3931/2595 4768/3930/2594 4775/3937/2601 4772/3938/2602
f 4770/3933/2597 4767/3932/2596 4774/3939/2603 4777/3940/2604
f 4767/3932/2596 4766/3934/2598 4773/3941/2605 4774/3939/2603
f 4766/3934/2598 4765/3931/2595 4772/3938/2602 4773/3941/2605
f 4769/3929/2593 4764/3935/2599 4771/3942/2606 4776/3936/2600
f 4775/3937/2601 4776/3936/2600 4783/3901/2565 4782/3913/2577
f 4772/3938/2602 4775/3937/2601 4782/3913/2577 4779/3906/2570
f 4777/3940/2604 4774/3939/2603 4781/3909/2573 4784/3911/2575
f 4774/3939/2603 4773/3941/2605 4780/3905/2569 4781/3909/2573
f 4773/3941/2605 4772/3938/2602 4779/3906/2570 4780/3905/2569
f 4776/3936/2600 4771/3942/2606 4778/3902/2566 4783/3901/2565
f 4755/3943/2607 4744/3944/2608 4786/3945/2609 4791/3946/2610
f 4750/3947/2611 4747/3948/2612 4787/3949/2613 4788/3950/2614
f 4752/3951/2615 4750/3947/2611 4788/3950/2614 4789/3952/2616
f 4743/3953/2617 4752/3951/2615 4789/3952/2616 4785/3954/2618
f 4747/3948/2612 4753/3955/2619 4790/3956/2620 4787/3949/2613
f 4753/3955/2619 4755/3943/2607 4791/3946/2610 4790/3956/2620
f 4791/3946/2610 4786/3945/2609 4792/3927/2591 4797/3916/2580
f 4788/3950/2614 4787/3949/2613 4793/3919/2583 4794/3925/2589
f 4789/3952/2616 4788/3950/2614 4794/3925/2589 4795/3922/2586
f 4785/3954/2618 4789/3952/2616 4795/3922/2586 4798/3921/2585
f 4787/3949/2613 4790/3956/2620 4796/3915/2579 4793/3919/2583
f 4790/3956/2620 4791/3946/2610 4797/3916/2580 4796/3915/2579
f 4839/3901/2621 4812/3904/2622 4802/3903/2623 4834/3902/2624
f 4836/3905/2625 4805/3908/2626 4804/3907/2627 4835/3906/2628
f 4837/3909/2629 4807/3910/2630 4805/3908/2626 4836/3905/2625
f 4840/3911/2631 4801/3912/2632 4807/3910/2630 4837/3909/2629
f 4835/3906/2628 4804/3907/2627 4810/3914/2633 4838/3913/2634
f 4838/3913/2634 4810/3914/2633 4812/3904/2622 4839/3901/2621
f 4852/3915/2635 4818/3918/2636 4819/3917/2637 4853/3916/2638
f 4849/3919/2639 4815/3920/2640 4818/3918/2636 4852/3915/2635
f 4854/3921/2641 4813/3924/2642 4817/3923/2643 4851/3922/2644
f 4851/3922/2644 4817/3923/2643 4816/3926/2645 4850/3925/2646
f 4850/3925/2646 4816/3926/2645 4815/3920/2640 4849/3919/2639
f 4853/3916/2638 4819/3917/2637 4814/3928/2647 4848/3927/2648
f 4818/3918/2636 4824/3930/2649 4825/3929/2650 4819/3917/2637
f 4815/3920/2640 4821/3931/2651 4824/3930/2649 4818/3918/2636
f 4813/3924/2642 4826/3933/2652 4823/3932/2653 4817/3923/2643
f 4817/3923/2643 4823/3932/2653 4822/3934/2654 4816/3926/2645
f 4816/3926/2645 4822/3934/2654 4821/3931/2651 4815/3920/2640
f 4819/3917/2637 4825/3929/2650 4820/3935/2655 4814/3928/2647
f 4824/3930/2649 4831/3937/2656 4832/3936/2657 4825/3929/2650
f 4821/3931/2651 4828/3938/2658 4831/3937/2656 4824/3930/2649
f 4826/3933/2652 4833/3940/2659 4830/3939/2660 4823/3932/2653
f 4823/3932/2653 4830/3939/2660 4829/3941/2661 4822/3934/2654
f 4822/3934/2654 4829/3941/2661 4828/3938/2658 4821/3931/2651
f 4825/3929/2650 4832/3936/2657 4827/3942/2662 4820/3935/2655
f 4831/3937/2656 4838/3913/2634 4839/3901/2621 4832/3936/2657
f 4828/3938/2658 4835/3906/2628 4838/3913/2634 4831/3937/2656
f 4833/3940/2659 4840/3911/2631 4837/3909/2629 4830/3939/2660
f 4830/3939/2660 4837/3909/2629 4836/3905/2625 4829/3941/2661
f 4829/3941/2661 4836/3905/2625 4835/3906/2628 4828/3938/2658
f 4832/3936/2657 4839/3901/2621 4834/3902/2624 4827/3942/2662
f 4811/3943/2663 4847/3946/2664 4842/3945/2665 4800/3944/2666
f 4806/3947/2667 4844/3950/2668 4843/3949/2669 4803/3948/2670
f 4808/3951/2671 4845/3952/2672 4844/3950/2668 4806/3947/2667
f 4799/3953/2673 4841/3954/2674 4845/3952/2672 4808/3951/2671
f 4803/3948/2670 4843/3949/2669 4846/3956/2675 4809/3955/2676
f 4809/3955/2676 4846/3956/2675 4847/3946/2664 4811/3943/2663
f 4847/3946/2664 4853/3916/2638 4848/3927/2648 4842/3945/2665
f 4844/3950/2668 4850/3925/2646 4849/3919/2639 4843/3949/2669
f 4845/3952/2672 4851/3922/2644 4850/3925/2646 4844/3950/2668
f 4841/3954/2674 4854/3921/2641 4851/3922/2644 4845/3952/2672
f 4843/3949/2669 4849/3919/2639 4852/3915/2635 4846/3956/2675
f 4846/3956/2675 4852/3915/2635 4853/3916/2638 4847/3946/2664
f 4743/3953/2677 4785/3954/2678 4841/3954/2678 4799/3953/2677
f 4744/3944/2679 4755/3943/2680 4811/3943/2681 4800/3944/2679
f 4746/3903/2682 4778/3902/2683 4834/3902/2684 4802/3903/2682
f 4745/3912/2685 4751/3910/2686 4807/3910/2686 4801/3912/2685
f 4747/3948/2687 4750/3947/2688 4806/3947/2688 4803/3948/2687
f 4748/3907/2689 4754/3914/2690 4810/3914/2690 4804/3907/2689
f 4749/3908/2691 4748/3907/2689 4804/3907/2689 4805/3908/2691
f 4750/3947/2688 4752/3951/2692 4808/3951/2692 4806/3947/2688
f 4751/3910/2686 4749/3908/2691 4805/3908/2691 4807/3910/2686
f 4752/3951/2692 4743/3953/2693 4799/3953/2693 4808/3951/2692
f 4753/3955/2694 4747/3948/2687 4803/3948/2687 4809/3955/2694
f 4754/3914/2690 4756/3904/2695 4812/3904/2696 4810/3914/2690
f 4755/3943/2680 4753/3955/2694 4809/3955/2694 4811/3943/2681
f 4756/3904/2695 4746/3903/2697 4802/3903/2697 4812/3904/2696
f 4757/3924/2698 4770/3933/2699 4826/3933/2699 4813/3924/2698
f 4758/3928/2700 4792/3927/2701 4848/3927/2702 4814/3928/2700
f 4764/3935/2703 4758/3928/2700 4814/3928/2700 4820/3935/2703
f 4770/3933/2699 4777/3940/2704 4833/3940/2704 4826/3933/2699
f 4771/3942/2705 4764/3935/2703 4820/3935/2703 4827/3942/2706
f 4777/3940/2704 4784/3911/2707 4840/3911/2707 4833/3940/2704
f 4778/3902/2683 4771/3942/2705 4827/3942/2706 4834/3902/2684
f 4784/3911/2707 4745/3912/2708 4801/3912/2708 4840/3911/2707
f 4785/3954/2678 4798/3921/2709 4854/3921/2709 4841/3954/2678
f 4786/3945/2710 4744/3944/2711 4800/3944/2711 4842/3945/2712
f 4792/3927/2701 4786/3945/2710 4842/3945/2712 4848/3927/2702
f 4798/3921/2709 4757/3924/2698 4813/3924/2698 4854/3921/2709
o Cube.003
v -0.996162 2.607617 0.005368
v -0.996162 2.607617 -0.010950
v 0.003838 2.605669 -0.012863
v 0.003838 2.605669 0.007281
v -0.745205 2.605669 0.007172
v -0.745205 2.605669 -0.012754
v 1.003837 2.607617 0.005368
v 1.003837 2.607617 -0.010950
v 0.752880 2.605669 0.007172
v 0.752880 2.605669 -0.012754
v -0.981456 2.586268 0.014719
v -0.995723 2.605669 0.001738
v -0.995943 2.605669 -0.002791
v -0.995723 2.605669 -0.007320
v -0.848789 2.605669 0.007064
v -0.917269 2.605669 0.006887
v -0.962182 2.605669 0.006602
v -0.598803 2.605669 -0.012817
v -0.417379 2.605669 -0.012849
v -0.212608 2.605669 -0.012861
v -0.981456 2.586268 -0.020301
v 0.003838 2.586268 0.028083
v 0.003838 2.586268 -0.033665
v 0.003838 2.654305 -0.010950
v -0.996163 2.654305 0.005368
v -0.212608 2.605669 0.007279
v -0.417379 2.605669 0.007267
v -0.598803 2.605669 0.007235
v -0.962182 2.605669 -0.012184
v -0.917269 2.605669 -0.012469
v -0.848789 2.605669 -0.012646
v -0.745205 2.586268 -0.032367
v -0.745205 2.586268 0.026785
v -0.996163 2.654305 -0.010950
v 0.003838 2.654305 0.005368
v -0.745205 2.654305 0.005368
v -0.745205 2.654305 -0.010950
v 0.989131 2.586268 0.014719
v 1.003399 2.605669 0.001738
v 1.003618 2.605669 -0.002791
v 1.003399 2.605669 -0.007320
v 0.856464 2.605669 0.007064
v 0.924944 2.605669 0.006887
v 0.969857 2.605669 0.006602
v 0.606478 2.605669 -0.012817
v 0.425054 2.605669 -0.012849
v 0.220283 2.605669 -0.012861
v 0.989131 2.586268 -0.020301
v 1.003838 2.654305 0.005368
v 0.220283 2.605669 0.007279
v 0.425054 2.605669 0.007267
v 0.606478 2.605669 0.007235
v 0.969857 2.605669 -0.012184
v 0.924944 2.605669 -0.012469
v 0.856464 2.605669 -0.012646
v 0.752880 2.586268 -0.032367
v 0.752880 2.586268 0.026785
v 1.003838 2.654305 -0.010950
v 0.752880 2.654305 0.005368
v 0.752880 2.654305 -0.010950
v -0.991278 2.586268 0.006668
v -0.993638 2.586268 -0.002791
v -0.991279 2.586268 -0.012250
v -0.848645 2.586268 0.025510
v -0.916117 2.586268 0.023404
v -0.957881 2.586268 0.020060
v -0.598803 2.586268 -0.033118
v -0.417379 2.586268 -0.033503
v -0.212608 2.586268 -0.033645
v -0.957881 2.586268 -0.025642
v -0.916117 2.586268 -0.028986
v -0.848645 2.586268 -0.031092
v -0.212608 2.586268 0.028063
v -0.417379 2.586268 0.027921
v -0.598803 2.586268 0.027536
v -0.212608 2.654305 -0.010950
v -0.417379 2.654305 -0.010950
v -0.598803 2.654305 -0.010950
v -0.962608 2.654305 0.005368
v -0.917379 2.654305 0.005368
v -0.848803 2.654305 0.005368
v -0.996162 2.654305 -0.006871
v -0.996162 2.654305 -0.002791
v -0.996162 2.654305 0.001288
v -0.598803 2.654305 0.005368
v -0.417379 2.654305 0.005368
v -0.212608 2.654305 0.005368
v -0.848803 2.654305 -0.010950
v -0.917379 2.654305 -0.010950
v -0.962608 2.654305 -0.010950
v 0.998954 2.586268 0.006668
v 1.001313 2.586268 -0.002791
v 0.998954 2.586268 -0.012250
v 0.856320 2.586268 0.025510
v 0.923792 2.586268 0.023404
v 0.965556 2.586268 0.020060
v 0.606478 2.586268 -0.033118
v 0.425054 2.586268 -0.033503
v 0.220283 2.586268 -0.033645
v 0.965557 2.586268 -0.025642
v 0.923792 2.586268 -0.028986
v 0.856320 2.586268 -0.031092
v 0.220283 2.586268 0.028063
v 0.425054 2.586268 0.027921
v 0.606478 2.586268 0.027536
v 0.220283 2.654305 -0.010950
v 0.425054 2.654305 -0.010950
v 0.606478 2.654305 -0.010950
v 0.970283 2.654305 0.005368
v 0.925054 2.654305 0.005368
v 0.856478 2.654305 0.005368
v 1.003837 2.654305 -0.006871
v 1.003837 2.654305 -0.002791
v 1.003837 2.654305 0.001288
v 0.606478 2.654305 0.005368
v 0.425054 2.654305 0.005368
v 0.220283 2.654305 0.005368
v 0.856478 2.654305 -0.010950
v 0.925054 2.654305 -0.010950
v 0.970283 2.654305 -0.010950
vn -0.2776 0.3371 0.8996
vn -0.7134 0.0287 0.7001
vn -0.9716 -0.0850 0.2208
vn -0.8647 -0.1438 0.4813
vn -0.9970 -0.0768 -0.0000
vn -0.9889 -0.1489 -0.0000
vn -0.9716 -0.0850 -0.2208
vn -0.8647 -0.1438 -0.4813
vn -0.7134 0.0287 -0.7001
vn -0.2776 0.3371 -0.8996
vn -0.0034 0.7087 0.7055
vn -0.0018 0.3632 0.9317
vn -0.0047 0.3502 0.9367
vn -0.0086 0.6850 0.7285
vn -0.0126 0.3254 0.9455
vn -0.0224 0.6406 0.7675
vn -0.0375 0.2674 0.9629
vn -0.0549 0.5482 0.8346
vn -0.0034 0.7087 -0.7055
vn -0.0018 0.3632 -0.9317
vn -0.0007 0.3703 -0.9289
vn -0.0014 0.7215 -0.6924
vn -0.0003 0.3739 -0.9275
vn -0.0005 0.7279 -0.6856
vn -0.0001 0.3754 -0.9269
vn -0.0001 0.7306 -0.6828
vn -0.0000 0.3757 -0.9267
vn -0.0000 0.7312 -0.6822
vn -0.0375 0.2674 -0.9629
vn -0.0549 0.5482 -0.8346
vn -0.0126 0.3254 -0.9455
vn -0.0224 0.6406 -0.7675
vn -0.0047 0.3502 -0.9367
vn -0.0086 0.6850 -0.7285
vn -0.0000 0.7312 0.6822
vn -0.0000 0.3757 0.9267
vn -0.0001 0.3754 0.9269
vn -0.0001 0.7306 0.6828
vn -0.0003 0.3739 0.9275
vn -0.0005 0.7279 0.6856
vn -0.0007 0.3703 0.9289
vn -0.0014 0.7215 0.6924
vn -0.0000 0.0392 -0.9992
vn -0.0000 0.0393 -0.9992
vn -0.0001 0.0389 -0.9992
vn -0.0002 0.0382 -0.9993
vn -0.0004 0.0368 -0.9993
vn -0.0106 0.0205 0.9997
vn -0.0179 0.0129 0.9998
vn -0.0022 0.0306 0.9995
vn -0.0009 0.0345 0.9994
vn -0.0004 0.0368 0.9993
vn -0.9999 -0.0058 0.0147
vn -0.9984 -0.0049 0.0556
vn -1.0000 -0.0067 -0.0000
vn -0.9999 -0.0058 -0.0147
vn -0.9984 -0.0049 -0.0556
vn -0.0002 0.0382 0.9993
vn -0.0001 0.0389 0.9992
vn -0.0000 0.0392 0.9992
vn -0.0000 0.0393 0.9992
vn -0.0009 0.0345 -0.9994
vn -0.0022 0.0306 -0.9995
vn -0.0106 0.0205 -0.9997
vn -0.0179 0.0129 -0.9998
vn 0.8647 -0.1438 -0.4813
vn 0.2776 0.3371 -0.8996
vn 0.3741 0.0393 -0.9266
vn 0.9716 -0.0850 -0.2208
vn 0.9889 -0.1489 -0.0000
vn 0.9970 -0.0768 -0.0000
vn 0.8647 -0.1438 0.4813
vn 0.9716 -0.0850 0.2208
vn 0.2776 0.3371 0.8996
vn 0.3741 0.0393 0.9266
vn 0.0549 0.5482 0.8346
vn 0.0375 0.2674 0.9629
vn 0.0224 0.6406 0.7675
vn 0.0126 0.3254 0.9455
vn 0.0086 0.6850 0.7285
vn 0.0047 0.3502 0.9367
vn 0.0034 0.7087 0.7055
vn 0.0018 0.3632 0.9317
vn 0.0001 0.7306 -0.6828
vn 0.0001 0.3754 -0.9269
vn 0.0005 0.7279 -0.6856
vn 0.0003 0.3739 -0.9275
vn 0.0014 0.7215 -0.6924
vn 0.0007 0.3703 -0.9289
vn 0.0034 0.7087 -0.7055
vn 0.0018 0.3632 -0.9317
vn 0.0086 0.6850 -0.7285
vn 0.0047 0.3502 -0.9367
vn 0.0224 0.6406 -0.7675
vn 0.0126 0.3254 -0.9455
vn 0.0549 0.5482 -0.8346
vn 0.0375 0.2674 -0.9629
vn 0.0014 0.7215 0.6924
vn 0.0007 0.3703 0.9289
vn 0.0005 0.7279 0.6856
vn 0.0003 0.3739 0.9275
vn 0.0001 0.7306 0.6828
vn 0.0001 0.3754 0.9269
vn 0.0002 0.0382 -0.9993
vn 0.0004 0.0368 -0.9993
vn 0.0001 0.0389 -0.9992
vn 0.0179 0.0129 0.9998
vn 0.0106 0.0205 0.9997
vn 0.0009 0.0345 0.9994
vn 0.0004 0.0368 0.9993
vn 0.0022 0.0306 0.9995
vn 0.9984 -0.0049 0.0556
vn 0.9999 -0.0058 0.0147
vn 0.9999 -0.0058 -0.0147
vn 0.9984 -0.0049 -0.0556
vn 1.0000 -0.0067 -0.0000
vn 0.0002 0.0382 0.9993
vn 0.0001 0.0389 0.9992
vn 0.0009 0.0345 -0.9994
vn 0.0106 0.0205 -0.9997
vn 0.0179 0.0129 -0.9998
vn 0.0022 0.0306 -0.9995
vt 0.622403 0.000000
vt 0.625000 0.000000
vt 0.624784 0.062475
vt 0.622403 0.062208
vt 0.624784 0.124797
vt 0.622403 0.122662
vt 0.624784 0.186712
vt 0.622404 0.178746
vt 0.625000 0.250000
vt 0.622403 0.222759
vt 0.622403 0.968630
vt 0.624784 0.968630
vt 0.624784 0.981580
vt 0.622404 0.981580
vt 0.624784 0.990152
vt 0.622403 0.990152
vt 0.624784 0.995806
vt 0.622403 0.995806
vt 0.625000 1.000000
vt 0.622403 1.000000
vt 0.622403 0.281370
vt 0.624784 0.281370
vt 0.624784 0.299646
vt 0.622404 0.299670
vt 0.624784 0.322158
vt 0.622403 0.322348
vt 0.624784 0.347210
vt 0.622403 0.347944
vt 0.625000 0.375000
vt 0.622403 0.375000
vt 0.624784 0.253407
vt 0.622404 0.245440
vt 0.624784 0.259645
vt 0.622403 0.257510
vt 0.624784 0.268395
vt 0.622404 0.268128
vt 0.622403 0.875000
vt 0.625000 0.875000
vt 0.624784 0.902790
vt 0.622403 0.902056
vt 0.624784 0.927842
vt 0.622403 0.927652
vt 0.624784 0.950354
vt 0.622404 0.950330
vt 0.625000 0.339781
vt 0.625000 0.349597
vt 0.625000 0.320168
vt 0.625000 0.299397
vt 0.625000 0.281370
vt 0.625000 0.995806
vt 0.625000 1.000000
vt 0.625000 0.990152
vt 0.625000 0.981580
vt 0.625000 0.968630
vt 0.625000 0.187500
vt 0.625000 0.250000
vt 0.625000 0.125000
vt 0.625000 0.062500
vt 0.625000 0.000000
vt 0.625000 0.950603
vt 0.625000 0.929832
vt 0.625000 0.910219
vt 0.625000 0.900403
vt 0.625000 0.268420
vt 0.625000 0.259848
vt 0.625000 0.254194
vt 0.622404 0.222759
vt 0.625000 0.187500
vt 0.622403 0.122662
vt 0.622403 0.062208
vt 0.622403 0.995932
vt 0.625000 0.996049
vt 0.622403 0.991165
vt 0.625000 0.992098
vt 0.622404 0.984656
vt 0.625000 0.988147
vt 0.622404 0.973332
vt 0.625000 0.984195
vt 0.622403 0.347818
vt 0.625000 0.347701
vt 0.622403 0.321335
vt 0.625000 0.320402
vt 0.622404 0.296594
vt 0.625000 0.293103
vt 0.622404 0.276668
vt 0.625000 0.265805
vt 0.622404 0.265052
vt 0.625000 0.261853
vt 0.622404 0.256497
vt 0.625000 0.257902
vt 0.622404 0.245313
vt 0.625000 0.253951
vt 0.622404 0.953406
vt 0.625000 0.956897
vt 0.622403 0.928665
vt 0.625000 0.929598
vt 0.622403 0.902182
vt 0.625000 0.902299
vt 0.625000 0.339654
vt 0.625000 0.296322
vt 0.625000 0.276668
vt 0.625000 0.319155
vt 0.625000 0.995932
vt 0.625000 0.984656
vt 0.625000 0.973332
vt 0.625000 0.991166
vt 0.625000 0.953678
vt 0.625000 0.910346
vt 0.625000 0.930846
vt 0.625000 0.265344
vt 0.625000 0.254068
vt 0.625000 0.258835
s 1
usemtl Material.004
f 4865/3957/2713 4855/3958/2714 4866/3959/2715 4915/3960/2716
f 4915/3960/2716 4866/3959/2715 4867/3961/2717 4916/3962/2718
f 4916/3962/2718 4867/3961/2717 4868/3963/2719 4917/3964/2720
f 4917/3964/2720 4868/3963/2719 4856/3965/2721 4875/3966/2722
f 4887/3967/2723 4859/3968/2724 4869/3969/2725 4918/3970/2726
f 4918/3970/2726 4869/3969/2725 4870/3971/2727 4919/3972/2728
f 4919/3972/2728 4870/3971/2727 4871/3973/2729 4920/3974/2730
f 4920/3974/2730 4871/3973/2729 4855/3975/2714 4865/3976/2713
f 4886/3977/2731 4860/3978/2732 4872/3979/2733 4921/3980/2734
f 4921/3980/2734 4872/3979/2733 4873/3981/2735 4922/3982/2736
f 4922/3982/2736 4873/3981/2735 4874/3983/2737 4923/3984/2738
f 4923/3984/2738 4874/3983/2737 4857/3985/2739 4877/3986/2740
f 4875/3966/2722 4856/3965/2721 4883/3987/2741 4924/3988/2742
f 4924/3988/2742 4883/3987/2741 4884/3989/2743 4925/3990/2744
f 4925/3990/2744 4884/3989/2743 4885/3991/2745 4926/3992/2746
f 4926/3992/2746 4885/3991/2745 4860/3978/2732 4886/3977/2731
f 4876/3993/2747 4858/3994/2748 4880/3995/2749 4927/3996/2750
f 4927/3996/2750 4880/3995/2749 4881/3997/2751 4928/3998/2752
f 4928/3998/2752 4881/3997/2751 4882/3999/2753 4929/4000/2754
f 4929/4000/2754 4882/3999/2753 4859/3968/2724 4887/3967/2723
f 4857/3985/2739 4874/3983/2737 4930/4001/2755 4878/4002/2756
f 4874/3983/2737 4873/3981/2735 4931/4003/2757 4930/4001/2755
f 4873/3981/2735 4872/3979/2733 4932/4004/2758 4931/4003/2757
f 4872/3979/2733 4860/3978/2732 4891/4005/2759 4932/4004/2758
f 4855/3975/2714 4871/3973/2729 4933/4006/2760 4879/4007/2761
f 4871/3973/2729 4870/3971/2727 4934/4008/2762 4933/4006/2760
f 4870/3971/2727 4869/3969/2725 4935/4009/2763 4934/4008/2762
f 4869/3969/2725 4859/3968/2724 4890/4010/2764 4935/4009/2763
f 4856/3965/2721 4868/3963/2719 4936/4011/2765 4888/4012/2766
f 4868/3963/2719 4867/3961/2717 4937/4013/2767 4936/4011/2765
f 4867/3961/2717 4866/3959/2715 4938/4014/2768 4937/4013/2767
f 4866/3959/2715 4855/3958/2714 4879/4015/2769 4938/4014/2768
f 4859/3968/2724 4882/3999/2753 4939/4016/2770 4890/4010/2764
f 4882/3999/2753 4881/3997/2751 4940/4017/2771 4939/4016/2770
f 4881/3997/2751 4880/3995/2749 4941/4018/2772 4940/4017/2771
f 4880/3995/2749 4858/3994/2748 4889/4019/2773 4941/4018/2772
f 4860/3978/2732 4885/3991/2745 4942/4020/2774 4891/4005/2759
f 4885/3991/2745 4884/3989/2743 4943/4021/2775 4942/4020/2774
f 4884/3989/2743 4883/3987/2741 4944/4022/2776 4943/4021/2775
f 4883/3987/2741 4856/3965/2721 4888/4012/2777 4944/4022/2776
f 4947/3964/2778 4902/4023/2779 4862/3965/2780 4895/4024/2781
f 4946/4025/2782 4947/3964/2778 4895/4024/2781 4894/4013/2783
f 4945/4026/2784 4946/4025/2782 4894/4013/2783 4893/4014/2785
f 4892/3957/2786 4945/4026/2784 4893/4014/2785 4861/4015/2787
f 4950/4027/2788 4892/3976/2786 4861/4007/2787 4898/4028/2789
f 4949/4029/2790 4950/4027/2788 4898/4028/2789 4897/4030/2791
f 4948/4031/2792 4949/4029/2790 4897/4030/2791 4896/4032/2793
f 4911/4033/2794 4948/4031/2792 4896/4032/2793 4863/4034/2795
f 4953/4035/2796 4877/3986/2740 4857/3985/2739 4901/4036/2797
f 4952/4037/2798 4953/4035/2796 4901/4036/2797 4900/4038/2799
f 4951/4039/2800 4952/4037/2798 4900/4038/2799 4899/4040/2801
f 4910/4041/2802 4951/4039/2800 4899/4040/2801 4864/4042/2803
f 4956/4043/2804 4910/4041/2802 4864/4042/2803 4909/4044/2805
f 4955/4045/2806 4956/4043/2804 4909/4044/2805 4908/4046/2807
f 4954/4047/2808 4955/4045/2806 4908/4046/2807 4907/4048/2809
f 4902/4023/2779 4954/4047/2808 4907/4048/2809 4862/3965/2780
f 4959/4049/2810 4911/4033/2794 4863/4034/2795 4906/4050/2811
f 4958/4051/2812 4959/4049/2810 4906/4050/2811 4905/4052/2813
f 4957/4053/2814 4958/4051/2812 4905/4052/2813 4904/4054/2815
f 4876/3993/2747 4957/4053/2814 4904/4054/2815 4858/3994/2748
f 4857/3985/2739 4878/4002/2756 4960/4055/2755 4901/4036/2797
f 4899/4040/2801 4962/4056/2816 4914/4057/2817 4864/4042/2803
f 4900/4038/2799 4961/4058/2818 4962/4056/2816 4899/4040/2801
f 4901/4036/2797 4960/4055/2755 4961/4058/2818 4900/4038/2799
f 4861/4007/2787 4903/4007/2819 4963/4059/2820 4898/4028/2789
f 4896/4032/2793 4965/4060/2821 4913/4061/2822 4863/4034/2795
f 4897/4030/2791 4964/4062/2823 4965/4060/2821 4896/4032/2793
f 4898/4028/2789 4963/4059/2820 4964/4062/2823 4897/4030/2791
f 4862/3965/2824 4912/4012/2824 4966/4024/2825 4895/4024/2781
f 4893/4014/2785 4968/4014/2826 4903/4015/2827 4861/4015/2827
f 4894/4013/2783 4967/4013/2828 4968/4014/2826 4893/4014/2785
f 4895/4024/2781 4966/4024/2825 4967/4013/2828 4894/4013/2783
f 4863/4034/2795 4913/4061/2822 4969/4063/2829 4906/4050/2811
f 4904/4054/2815 4971/4064/2772 4889/4019/2773 4858/3994/2748
f 4905/4052/2813 4970/4065/2830 4971/4064/2772 4904/4054/2815
f 4906/4050/2811 4969/4063/2829 4970/4065/2830 4905/4052/2813
f 4864/4042/2803 4914/4057/2817 4972/4066/2831 4909/4044/2805
f 4907/4048/2809 4974/4067/2832 4912/4012/2833 4862/3965/2780
f 4908/4046/2807 4973/4068/2834 4974/4067/2832 4907/4048/2809
f 4909/4044/2805 4972/4066/2831 4973/4068/2834 4908/4046/2807
